Name,Log2FC_PrimCom
ARF5,-0.22321940543353774
M6PR,-0.4052157156195762
ESRRA,-0.13026481454494762
FKBP4,0.5757710403166268
NDUFAF7,0.31180015689420537
FUCA2,0.024892773226113107
USP28,0.16141174902087677
ZNF195,0.5241102620141405
PDK4,-0.37752293764310335
RALA,0.3792071656974606
BCAP29,-0.11942852720895746
DVL2,0.5827157000203111
RPAP3,0.5452855160875244
SKAP2,-0.30738251245244713
PRSS21,-0.04601746562251915
TRAPPC6A,-0.08866052942917559
WDR54,-0.0984793771551897
SPATA20,0.20549170910868958
CD79B,0.0744668606915522
RHBDD2,0.0778412877806654
RPUSD1,-0.7367069919473306
TSR3,-0.1428293853156011
OSBPL7,0.26577279252893304
NDUFAB1,0.12850929403686348
PGLYRP1,-0.29461523982264654
STARD3NL,-0.1592052931413866
CD9,-0.24260933799288686
CD74,-0.20820078679938156
RPS20,0.10930860769223984
RANBP9,-0.18135745843450748
CD4,-0.7070827848877071
SS18L2,-0.030188910825233034
TSPAN9,-0.7029926547701842
QPCTL,0.12346499885324562
PPP5C,0.10741024699004494
UBR7,0.42887738534968767
MAP4K5,0.2610514510780164
HEBP1,0.28091459229198545
COX15,-0.06962155145688555
XYLT2,-0.38561665827068353
FTSJ1,0.08009988882556911
VDAC3,0.37022141630232425
RTF2,-0.006961813156358178
RB1CC1,-0.30239761144879895
AKAP11,0.2575635481834251
B4GALT7,-0.041347927164700066
CHPF2,0.3242606972616493
GABARAPL2,-0.4546296822405919
FAM136A,0.7653268244109374
NSMAF,-0.1400770237257342
OTC,-0.20034055247524807
MRI1,0.13080174168274603
TARBP1,0.02387422168959428
PSMA4,-0.051366313353920105
LCP2,-0.6107883644164407
GOPC,0.6196037626736588
DCN,-0.9244230792340355
MRPS10,0.4060408775310156
GRN,-0.9442599937014616
THAP3,0.10256983575321295
VAMP3,-0.5510305467468992
RCN1,0.11895940000059176
RFC2,0.3205446114984231
ARHGEF5,-0.023222839316052287
SIKE1,-0.03422144550840326
FAM168A,0.29419381417132956
RELT,-0.03224167349786153
CDC27,0.10944067410180641
PKP2,-0.056960806347234515
INPP4A,-0.49632262686473105
SLC2A3,-0.5919999548015381
GNA11,-0.04851393341746859
MRPS35,0.3055947282011869
APPBP2,-0.3014186331390629
EPN1,-0.2542226505083654
ZFY,0.3684355056556457
KCNQ1,-0.8163809342539314
OTUD5,0.20107350057729328
GPKOW,0.29079123528056006
AQR,0.20513248572333986
LMCD1,-0.6682903286541693
PSMC4,-0.013306243028431052
ACAP1,0.1474420852104786
DERL2,0.08468241964363743
ANO8,-0.031041696240755163
ICAM3,-0.5372746172392435
KIF22,-0.34482331910960506
CEACAM1,-0.183626595271164
YTHDC2,-0.292645803323224
TMEM161A,0.0648574307777329
FOXJ2,0.3134868323150872
TNFRSF1A,-0.4470087774594001
GOLGA5,-0.2973779260024403
PPP2R5B,-0.1169864046410784
BCL3,-0.33384508777362437
PIGB,-0.15310848225566798
EPHA8,0.5575572035400785
TRIP13,-0.3596163401472822
LLGL2,0.09846563636405034
KRT14,0.22819626773250853
HSD17B10,0.27863881452543754
ST6GAL1,-0.15459380413816198
TIMM21,0.2861071615047167
REXO1,0.4145892838451174
MKRN2,0.3101804814088965
GPATCH1,0.155096894891613
KEAP1,0.16757298033518925
ISOC1,0.39468128744921754
MNT,0.6109760826064866
PTPN18,-1.0972630836542678
ALDH3A2,-0.5716601982999838
STK10,-0.501094185634016
TBX21,0.20222036126480145
MAP2K5,0.12847716461340902
TIGAR,-0.5476904678012303
CDK13,0.2706520403355093
TSPAN32,-0.3694687054575189
TRAM2,-0.04017588043418802
NDUFB4,0.19280508619351258
HEATR6,0.21742043574137332
ERLEC1,-0.011229225086716178
HMMR,-0.39771270695111854
TMEM131,0.04036265695020839
ARPP21,0.1835282493211899
ACTR6,0.4311080168334796
MUSK,0.519687796262552
OSBPL6,-0.6880807448653582
UHRF1BP1,-0.11647711023766279
OSTM1,-0.7315676652114662
HSPB11,0.0778164386186323
DLG3,0.06128879735795368
DOP1A,-0.37529404918198156
PLOD1,-0.43424215376802483
OXCT1,0.0917162096149387
ZNF324,0.5897701836397378
ZNF416,1.1501578552297325
RPS5,0.06686289100816521
PILRA,-0.9520949831224207
RRN3,0.431674543682566
DIMT1,0.52006290312469
EIF2AK1,0.027552434977533374
EPDR1,0.6213978834374396
MRPL28,0.36980164664297893
HBQ1,-0.11855939277976515
CEACAM6,0.023933360744441304
RBM22,0.6921575980553315
ZW10,0.10965954516979887
PPP1R15A,-0.020051523301282428
TRIP6,-0.4940948519422758
LAMP2,-0.2694660081963404
CETP,-0.20521031216591362
SULT2B1,-0.010043441485671805
DNMT3B,0.5858213428422052
PDRG1,0.5432814227331771
PPP1R13B,-0.45773891768173475
RALGAPA2,-0.2728326313873213
RPL6,0.1664689651298346
TRMT6,0.6618742791972683
UQCRC1,0.31243262861439874
GMIP,-0.4000996862817867
MLF2,0.6080985638731325
ARHGAP4,-0.06205008886787399
TFAP4,0.538580428625538
PDCD7,0.46222953599423855
SPG21,-0.44527651859101514
GNPTG,-0.10923410275298924
EFNB1,0.10182723659760219
GLG1,-0.7950241059212328
NAT14,0.3961039976822436
AASDH,0.06282396964490501
DLD,0.4662401256761491
CMTM6,-0.10372916732037288
APOH,-0.63620697307994
SPAG7,0.3913602177098275
TMEM101,-0.218366500878478
CEBPE,-0.4894790199158213
OSGEP,0.3412026866213319
UNC13D,-0.6288468336251891
XYLB,-0.3645822858995013
AAAS,0.15965279734064527
CBX5,0.4421238518293161
KLHL20,0.06062630411985706
DHPS,0.011054817498228344
PSMD5,0.13839561022716748
NANS,-0.10223710791035016
MAPK13,-0.08150565237663061
BAG6,-0.10407514168655482
VCL,-0.5082887044300237
SIRT1,0.11639060193944938
TMED1,0.28753508935115585
MZF1,0.7937278102435986
PSMD8,0.05808706526195643
BCL7C,-0.3102652042699823
ATP5F1D,0.12233873401475741
SMIM24,0.6251071031409096
NDUFB7,-0.006123823364979697
TECR,-0.056990794629449004
TIMM13,0.41408384597718084
CDC34,-0.04883888217270956
MAPK12,0.361478111399568
SERPIND1,-0.3659774051154408
SNAP29,-0.7729299458447513
THAP7,-0.5577184256100721
MIF,0.3847851248180057
TBC1D10A,-0.19194545258320903
SF3A1,0.5115199643950149
SNRPD3,0.011254013673922108
MAPK1,-0.805752161156011
TCN2,-0.23865173160230374
SLC25A1,-0.04108467052196916
LGALS2,-1.0106367651075094
PDXP,0.5002419458699152
ASPHD2,-0.8323801934705368
LGALS1,-0.6738889113607571
SRRD,-0.0896053742972456
PATZ1,0.27516832077219233
ANKRD54,0.3837389885447265
MICALL1,-0.25660430953190055
CENPM,-0.31101433736709916
KDELR3,-0.01778416364971768
HSCB,0.5284639735807115
TOMM22,0.3575604390739086
RTCB,0.7727511984597332
GTPBP1,0.1436589219361581
DNAL4,-0.045548048565606784
CBX6,-0.16592327396999612
RHBDD3,-0.06954377798185268
APOBEC3D,0.32039483912456673
HMGXB4,0.5322001003260117
HMOX1,-0.9009308721474083
NIPSNAP1,0.6763370923839606
MCM5,0.38162960708286925
ARSA,-0.0781336635301531
TTLL12,0.29462984460482805
CBX7,0.16154186361862863
TAB1,-0.12557168704905725
MYH9,-1.0615839907515665
TXN2,-0.007802123552331571
EIF3D,-0.2665031206725039
ST13,0.8023470353802507
RBX1,0.13851177027727654
L3MBTL2,0.30748922317085003
PHF5A,0.2618796803896363
ACO2,0.119205738054462
PMM1,-0.08975333979980818
CERK,-0.05835800956313422
BRD1,0.428948353019085
ZBED4,0.7397369254211259
HDAC10,-0.2869909108180678
RIPK3,-0.7090837112869249
PAPOLA,0.15048377220750628
HSP90AA1,0.23639062092090576
NID2,-0.6450956097872692
MARK3,0.16159143093903477
SNAPC1,0.2775152889049391
SUPT16H,0.5770776617148567
CTSG,-0.31951492459213227
GZMH,-0.23167380451672243
GZMB,-0.22450182487882275
COCH,-0.31512511283562594
POLE2,-0.005210293373201599
SOS2,-0.5932673677858606
PYGL,-0.2947160907466266
GNPNAT1,0.38964154284711405
ATP6V1D,-0.25824141327388006
PLEK2,-0.4195546369003686
PIGH,-0.28829181062288917
PSMA3,-0.016819677646443276
GSTZ1,0.0960801649299276
TMED8,-0.25672197038684796
AHSA1,0.24429966096773909
SPTLC2,-0.25455163865566927
RIN3,-0.2317411302738384
ALKBH1,-0.0896710203374464
EIF5,0.5208615767322858
ZFYVE21,-0.21564066180489166
APEX1,0.7984536472303404
PABPN1,0.33235829749842843
SRP54,0.08695410740024186
PCK2,-0.2224413910838626
NFKBIA,-0.11204982693310273
EMC9,0.3269707890332425
PSME2,-0.5937471697796789
BRMS1L,0.10440071337889383
PNN,0.6051648379766928
RABGGTA,-0.9254407166878891
CYP24A1,-0.10694242264229246
PTPRA,0.1710033254815067
NSFL1C,0.07356630853098177
ZFP64,0.698600908538513
PYGB,-0.2300978862657243
PROCR,-0.02664958115721769
PABPC1L,-0.24477842778099518
CSTF1,0.3363427807863772
TPD52L2,-0.9043839016988603
CTSZ,-0.5504823014505498
TUBB1,-0.4547892088866524
UBOX5,-0.10769153308462873
EEF1A2,-0.043795426179601214
C20orf27,-0.6251534772270585
CSNK2A1,0.36863705486683473
TM9SF4,-0.17973368311145668
CDK5RAP1,0.2998746529435328
SNTA1,-0.17315593842371002
CHMP4B,-1.0494889464080244
LBP,-0.19761092434450891
AHCY,0.2315584321447135
PIGU,-0.10202372307647567
ACOT8,-0.4127582601652333
APMAP,0.1453994982861562
TXNL1,0.5961198404014509
TAF9,0.24759370782469364
IDH3G,0.041548025206817656
PSMD10,0.0938293843339083
PGRMC1,-0.05336560602094791
NXT2,0.048434088573336365
TLR8,-1.0850096069796038
F9,-0.09356818813140848
ABCD1,-0.853150086186388
RP2,-0.9979020596384105
USP11,0.6288676597349236
HTATSF1,0.8858689631627585
TIMP1,-0.5503601029739554
GLA,-0.7345232929024459
SUPT20H,0.23203372235678268
OLFM4,-0.02058880376154709
NTHL1,0.4978978919509955
ZNF263,-0.05678226449000219
MMP2,0.2304085564015338
ORC6,-0.19108041218749428
PHAF1,0.12154359531199435
CORO1A,-0.7160496754415803
NUTF2,0.2383492178077764
ARL2BP,0.6214607665161005
DHODH,0.5665936265662961
ACD,0.04784466279758645
POLR2C,0.421090572443956
NME3,-0.029169670180404398
PSMD7,-0.01785434327626299
SETD6,-0.008481753622876866
SLC38A7,-0.10507502901797369
SLC7A6,0.08433128845453755
PLA2G15,-0.38046136988270446
CMC2,-0.06811936991598436
HSDL1,-0.1076473285857747
USP10,0.04118743926685453
TSC2,-0.23511878847352274
ZNF500,-0.16081219067731986
NME4,0.1473624430396137
DECR2,0.0276516941706914
STUB1,-0.4266017455607111
MEFV,-1.186552961723319
CAPN15,0.0245292162391339
MAZ,0.6280289737558319
CDIPT,-0.10370025292420185
BCKDK,-0.14697180512397193
KAT8,0.5446227006904784
KNOP1,0.5854753521859182
CSK,-0.6216977886091803
MTFMT,-0.12441969573394167
CTSH,-0.8941865855743361
EHD4,-0.735726083448708
GABPB1,0.6466489864494149
DNAJC17,0.07961888562307666
VPS18,-0.34308848825836485
OIP5,-0.222730221757123
BLOC1S6,-0.10919248997670002
EXTL3,-0.1770743350149265
FDFT1,0.26627216873511733
AGO2,0.14567909609715482
PAG1,-0.37917201172862264
BRF2,0.4192160275976924
ZFAND1,0.20005008959453263
RIPK2,0.08617147848996085
CPQ,-0.42378631693384905
DECR1,0.14452546401701735
GDAP1,0.18303319616826935
PHF20L1,0.20121274548248197
EIF3E,-0.31663439410380284
EMC2,-0.4505857114649521
CHRAC1,0.017693410065165862
NCALD,0.04676122314816172
UBR5,0.4191894541804776
MTMR9,-0.6254905330366248
DCTN6,-0.15283570355957551
GSR,-0.528631794721268
TNFRSF10A,0.20943503948016248
PPP2CB,-0.4696895105340228
KCTD9,-0.047337923469926615
CNOT3,0.4069039671230452
EXOSC5,0.3187305096054315
PAF1,0.22070026823481306
STXBP2,-0.9053084870182662
CYP4F3,-0.2421778823004913
ZNF432,-0.11489085356536294
ZNF180,-0.30399615772348326
ECH1,0.09356238895598183
HNRNPL,0.9064090980750167
SARS2,0.5458607160604778
SNRNP70,0.14591611116692363
RELB,-0.5467134699638474
CLASRP,0.24471127423239095
PPP1R37,-0.02977666676688978
FCGRT,-0.6497014346344535
CKM,-0.10688486741674678
RNASEH2A,0.24845094825588923
SF3A2,0.5405865577266707
TRMT1,0.7190937406101374
RETN,-0.27765920459970206
TBC1D17,0.5149139813228824
YJU2B,0.4798337032435292
SGTA,0.46546111769063897
SNAPC2,0.028742697642355028
FIZ1,0.562822131499069
ZNF419,0.3946084158672744
FBL,0.8190705938236983
CLC,-0.4114978320600106
TBCB,-0.21265806920572614
POLR2I,-0.06700299316296879
TGFB1,-0.14301491581970255
DMAC2,0.4912715709966991
CEACAM4,-0.2140856954069582
PLIN3,0.2086007000230419
ICAM5,-0.30022801238261054
CDC37,-0.3767016023552871
RABAC1,-0.10567916675302365
RAB3D,-0.7527049384527501
DBP,-0.2660764999387931
WDR83OS,0.32488921947883415
GCDH,0.44804387966089426
DNASE2,0.4251088558654447
LENG1,-0.13449988186370804
RPL18A,-0.2140278919781615
PIK3R2,-0.4044730330649606
COMP,0.29141349170783204
TMEM147,0.1431003204981531
GAPDHS,-0.16873555805347729
USF2,0.1713841523162152
ERF,0.6138809650039776
GSK3A,-0.2844095201587147
ZNF574,0.535986423458547
SIPA1L3,-0.28678198018426176
PON1,-0.27701625239136635
ABCF2-H2BK1,-0.19037083999212195
HGF,-0.2177702702481917
UBE2D4,-0.19542482759315769
GTPBP10,0.8085192038204218
BET1,0.15778762694908907
NAMPT,-0.5788727307122611
POLR1F,0.7124547320649157
HBP1,0.22489507976680023
SP4,0.5034981286530903
PALS2,0.04190418621198624
OGDH,-0.13681200560301518
H2AZ2,0.0738379168125561
LFNG,-0.1277967654618316
CHN2,0.18377657472509945
ABHD11,-0.07278125168278787
FKBP14,0.2352497939161369
PDAP1,0.1352719243537706
BUD31,0.03362756519372682
SNX8,-0.44279918840165294
WASL,-0.020893434088821026
AIMP2,-0.07611035744495145
TFR2,0.12712224754089876
RBM28,0.539389448957433
SERPINE1,-0.2666734048587646
PLOD3,-0.39191218356519275
RPA3,0.04525001080730359
FIS1,0.11033444858574391
GLCCI1,0.011939230597384312
CEP41,0.6400591019082706
ZNF862,0.24482376988512006
MEST,0.34872789575228463
RARRES2,-0.4289230575221798
YAE1,-0.295718088503168
GIMAP2,-0.39945286645255645
PSMA2,-0.1585628365620557
MRPL32,0.2260698511742132
COA1,0.46613425484916093
AEBP1,-0.46432900265736354
BCL7B,-0.30149031412146055
YKT6,-0.21915483954094978
CLIP2,0.41880561644494996
PTGS1,-0.09562028154796459
ZNF688,-0.06771966500835178
CHMP5,0.01956449504555497
SEC61B,-0.26176511724380325
C5,-0.4459076821615982
TNFSF8,-0.5690575420359432
AK1,0.04894301741518256
PLGRKT,0.3436151330704978
ELAVL2,0.14280430630173704
EDF1,0.21089103182474817
SETX,-0.43668956480455473
BLNK,-0.3781540950035645
ATE1,0.34758516972887976
PITRM1,0.42985023160488894
STN1,0.5168712982229917
DNAJC12,-0.08206235739860267
PPIF,-0.1810114696807965
MPO,-0.04051027815574192
DHX33,0.926583286656623
UTP18,0.6402216555718419
EPX,-0.5233148821949012
NUFIP2,-0.36474181712029097
GIT1,0.00997001280320708
RPL19,0.1381878621720973
SUPT4H1,0.0656069943564049
SHPK,0.06518326263474634
TAX1BP3,-0.05086133683827476
P2RX1,-0.35449207125986126
GOSR2,0.2181105302815369
RPS6KB1,0.11451717858074044
CBX1,0.12804911931742577
PFN1,-0.549701298635227
SLC25A11,-0.0405330479840449
NUP88,0.05760589941859331
C1QBP,0.40601471091808544
CPD,0.2007430116076308
CCDC47,0.08067964071030204
MED31,0.16732345858435282
DRG2,0.01872721341953873
AKAP10,-0.5104145758617374
SYNGR2,-0.3244261939443161
DDX5,0.09670244467150609
PEX12,0.6017081015253861
KAT2A,0.497276645548527
NAGLU,-0.2601144986344875
ABI3,-0.7824734403710446
COL1A1,-0.1976006441934853
MRPL27,0.308300604862257
LRRC59,-0.3473254050712239
HDAC5,0.19711696540357954
DUSP3,-0.06735152521446082
RANGRF,-0.05624109594205306
MYH1,0.2555945371945549
VTN,-0.6653809141482216
TNFAIP1,-1.079201528544909
TMEM97,0.006246561524935515
ALDOC,-0.13775146932985532
CD38,-0.14309664118668658
LAP3,-0.8116855082109495
JADE1,0.3429290088997102
AFM,-0.1489411940574455
AFP,0.08704004288837094
PHOX2B,-0.038084678248391915
PF4V1,-0.23437914999233983
NFKB1,-0.5170353720453886
KLHL2,-0.5100591082868688
GAR1,0.6811351471103572
FRG1,0.3079980816756428
SPA17,-0.4676221888658429
CD82,0.19782181236537183
SPI1,-0.551499078509933
ZPR1,0.15208873969795814
UNC93B1,-0.6487225422599082
PUS3,0.08363361899212009
CCDC86,0.6508209201032868
PRPF19,0.39746719479069875
TMEM109,-0.19356605134209035
BIRC2,0.2951809697850784
PDHX,0.6410776956024136
C11orf58,0.3933195071390951
YBX3,0.03366011939025825
DDX11,-0.29184140905101597
SART3,0.6228622316008149
PXN,-0.36700862889008085
SLC25A3,0.13046421918101667
POLR3B,0.936814840329601
CD69,0.2611532117710595
CLEC2B,-0.021387842483785096
SELPLG,-0.39153993687812466
KCTD10,-0.39213569870809617
MLEC,0.004468459555502018
MVK,-0.012588397923977025
PPM1H,0.4027446531774313
LTA4H,-0.7526803768414914
ELK3,-0.07535583564410304
ITFG2,0.29265155754942757
ARPC3,-0.7915263342101495
GPN3,-0.0227051135249973
RAD51AP1,-0.2965056835343974
CDKN1B,0.03980396319554798
LTBR,-0.7569408096258079
OGFOD2,0.3455318012316903
OAS3,-0.2590037011476581
ARHGDIB,-0.7137111505638283
VDR,-0.1354741351036526
NUP107,0.5418953154465832
CNOT2,0.2100353758101202
TIMELESS,-0.22376232340779598
KRR1,0.5224989904726952
MRPL51,0.03971416611029737
GAPDH,-0.31555852564703857
GNB3,-0.6998795895419124
CHPT1,0.3735403240147252
TPI1,-0.033884867365551366
ENO2,-0.23900335524072577
C12orf57,0.4238957686554423
GOLT1B,-0.39048053834730395
LDHB,0.2489070465961967
PRKAB1,-0.04390657181772467
CMAS,0.19334331424687232
HCFC2,-0.26273628478060346
CLEC4A,0.0003535561259682428
RAB35,-0.6939990658498293
COX6A1,0.14580069433266354
SRSF9,0.5813986940929653
FGFR1OP2,-0.3438856038530124
NFYA,0.07108837243549809
BCLAF1,-0.02473425479788707
TMEM14C,0.02259696159393568
ASF1A,0.404014902810129
HINT3,-0.09384224613700509
NCOA7,0.09503087975558498
FBXO5,0.04071770665636364
MAPK14,-0.6043611435025488
STK38,-0.2761560431239529
HLA-DOA,0.04210613677361131
SAYSD1,-0.027329486202012088
CAP2,-0.026849274092786084
GPLD1,0.10552854307252985
ACOT13,0.3303795513374598
RPS12,-0.09097090474828698
GMNN,-0.09372482236777505
SNX3,-0.38724238794503224
ZBTB24,0.23015822411663092
CEP43,0.04112722264499085
BYSL,0.5709843565256274
PTK7,0.7989610059039113
DNPH1,-0.10038550805543571
EXOC2,-0.1053520941702961
TMEM30A,-0.6125658464449969
LY86,-0.0785033990094794
MTREX,0.4674168694767595
HARS2,0.341704464289711
NUDT12,-0.1367195662053595
TENT4A,-0.06428803172802088
DAP,-0.3024174935428039
BRD8,0.8422639292160295
GZMK,-0.2937697442053589
SPARC,-0.20674218728393726
THG1L,0.22336634500292335
TTC1,0.028163175457850218
LNPEP,-0.20832333660737296
ST8SIA4,-0.03518424103121224
NUP155,0.4847061565029755
NR3C1,-0.02780899712695785
C5orf15,0.35307128506432056
TRAPPC13,-0.45677801794687806
RARS1,-0.0937755167214447
LTF,-0.1672268270127622
MLH1,0.5656255728449269
EHHADH,-0.09869031705163775
CRBN,0.3536585598472413
HRG,-0.48265317249692047
FAM162A,0.16549544855863074
PFKFB4,-0.9521710412497522
HES1,0.07806631657597324
NPRL2,-0.02003992927229277
GNB4,-0.5293565064770914
UMPS,0.11831619697020934
ABTB1,-0.23098046897010335
KLHL18,-0.32299376744424974
HEMK1,0.23239313158834465
RRP9,0.858507567024924
EIF1B,0.14733613717391156
NKTR,0.6166618324776452
NEK4,-0.31879412905781934
WDFY1,-0.5993062565990145
EIF2AK2,0.2946484247956395
DAZAP1,0.2265461448196306
DDX1,0.6865025914320532
HEATR5B,-0.2030263703013886
MDH1,0.10848479893642493
MAPRE3,-0.29885217802235947
TMSB10,-0.2559007309095627
MSH2,0.6624859877807133
NCK2,0.2271171685945967
TFPI,0.04413776944058625
NDUFS1,0.3073567985194691
SLC11A1,0.041146477835251945
APOB,-0.16540266692249578
INO80B,-0.02359385688245891
TTL,-0.15167802868533725
FAHD2A,0.3209390446796851
SF3B6,0.5500965861299711
CENPA,-0.5299316894829145
EIF2B4,-0.12062519252505512
SNX17,-0.855096854903956
REEP6,-0.33261613850132893
GCA,-0.5848713105123289
TTC31,0.08132675482156217
NDUFS7,0.1974678630871901
PCGF1,0.13777814022848367
DOK1,-0.5410913457860149
FANCL,0.23497725083703933
IGFBP2,-0.27469814104083645
GGCX,-0.4327781541291249
HSPE1,0.6098992948386017
IL18R1,0.4086207273866
AZU1,-0.5569373134488876
PPP1R7,-0.11763900974234882
PASK,-0.020059602945313563
PLEKHB2,-0.5758776224000252
GORASP2,-0.02156510617749408
CEBPZ,0.7178539649761563
PRKD3,0.04122654681139125
SLC1A4,-0.5599745814191831
ORC2,0.892450323899535
COX7A2L,0.2443973842156383
PLEK,-0.1807913666407803
PRTN3,-0.31227140881180593
VAX2,0.1512184896234065
MSH6,0.4393413697987493
PLEKHA3,-0.16847995086659023
SPR,-0.26843829556272064
CLCN6,-0.21987938213203284
ENO1,-0.47542889423385676
CDC7,-0.7252285260084395
BCL9,0.035928177915181915
TMEM59,0.06111975992497564
WDR77,0.16700101787685082
C1orf21,0.025828827960166487
MFN2,-0.2112995323873913
MIIP,0.32228517303200077
SLC35D1,-0.0921334551137924
WARS2,0.6741134324899437
AKR7A2,-0.299650870319676
EBNA1BP2,0.6850064105496642
VAMP4,0.10277511728957948
SYF2,0.21891181209045257
DHDDS,-0.5622450738199536
MMP8,-0.4402467415539122
APOA1,-0.0820369563152289
ATIC,0.23983153423665723
TTR,-0.27607605141073355
TBPL1,-0.05463180220606312
ZC2HC1B,0.11971673919804537
FBXO30,-0.17250348501601995
ADAT2,0.6835402317249356
PMFBP1,0.060182627187193694
MED28,-0.017673166171239638
SOGA1,0.04857968188568813
PKD2,0.25560458602409336
ABCG2,-0.4769771719730412
STBD1,-0.16442950452319086
ELL2,0.24610261675940498
GLRX,-0.23695556788089345
NDUFB3,0.11828692686738351
YWHAQ,0.19925051835706703
CPSF3,0.32908629731998845
DDX55,0.1663025485615624
CCDC92,0.13464926667368213
FKBP15,-1.0123130383923844
VPS4B,-0.13324172048571242
SERPINB10,-0.8163300299994396
ADCK1,-0.32364333436574766
NEK9,-0.1374224828834055
ACYP1,0.7976764512072424
NPC2,-0.3724770031288581
IRF2BPL,-0.11935726178096856
ACOT2,0.44385553518549425
FLVCR2,-0.2491256016653325
SLIRP,0.36520136233730816
PAPOLG,0.448993178730516
TP53I3,-0.13244306775244924
RHOQ,-1.1604121978088662
TMEM214,-0.07057674882671129
ATAD2B,0.04009908321653601
FAM98A,0.016836735478164493
YIPF4,-0.27505139662519196
AFTPH,-0.5048803371001338
LGALSL,-0.08655112049537507
CRIPT,0.1590185926396195
SLF2,-0.24407652407991506
HELLS,-0.07145039306478909
HOXB8,-0.1680553430118248
HOXB5,-0.49054472181644343
BNIP1,0.0831543211292231
DUSP1,-0.13062569413964556
ARAP3,-0.8269153070710733
MSANTD2,-0.22259822843408575
PDZD11,0.7378338924360999
NUDCD1,0.3723292921219217
CCDC77,0.16520506303988308
UFM1,0.08435590958712798
ELF1,0.660558736331498
PFN2,0.09279905652094157
NFYB,0.02167803319886222
WASHC3,-0.15739491888295895
SLC39A14,0.1050715419120916
SORBS3,-0.2398539548842566
PPP3CC,-0.0420627846099511
TARDBP,0.5605914642144658
COIL,0.2587899478366065
FAM117A,0.8342887238536917
ZNF141,0.36611342265378016
TSHZ3,0.1426760542685242
PLBD1,-0.8840955085185652
PYROXD1,-0.7338974358740565
ZNF549,0.4326859871498502
ZNF211,0.09495291651608657
TFG,0.19770453968779253
NAA50,0.13026650929931677
PEX16,-0.3909051271189063
DEPDC7,0.32423580247365563
CAT,-0.008817056273158534
ACHE,0.31688115098800756
TNFSF10,-0.05204643201383635
GSTM2,0.15927992579495676
POLK,-0.05673734543384668
FLT3,0.18731510480464394
FYTTD1,0.12714708654587586
MRPS2,0.29044204001487633
COPA,-0.4628316105412311
AHR,-0.2506706129891248
SCRN1,-0.00293195383105034
BBS9,-0.24924620032302142
EEPD1,-0.21584392482723871
WIPF3,-0.18674460648996252
HOXA7,0.3589227345009263
FKBP9,-0.2776991543127558
POLM,0.07554383188079321
MRM2,0.28055378979542656
SLC25A51,0.2956077078444969
CLTA,-0.5293270402509952
SRGN,-0.7697195238627841
UNG,0.06876742769401537
DYNLL1,0.23782415792400552
IFT81,0.6469934199752858
ACADS,0.2080841088703285
HVCN1,-1.1455948717630007
RNF11,0.013612062806672535
DDX39A,-0.2833606895190753
PKN1,-0.7201025709904938
TRIR,0.29242951461924277
ADGRE5,-0.4924228602865764
KLHL24,0.6441078045503101
ORMDL2,-0.15764302019511983
PDE1B,0.2701549515293121
LRP1,-1.1636753619887117
FAAH,-0.25395135363765287
RSRP1,0.11779725667689203
SEC61A1,-0.23077990884259328
RAB9B,0.11097476904855938
TTC21B,0.3896461029149215
NMI,-0.81675641939474
TNFAIP6,-0.06375639756079891
SLC36A1,-0.26565707389079307
EXOSC9,0.14529194843668536
SNRPA,0.5855787059880949
ZNF350,0.04117730308929598
RAB38,0.3115284951391937
SP140L,-0.2976590500574966
ENKD1,-0.7009951694442726
ACTR5,0.12974287143171317
SYS1,0.006087197242762234
MATN4,-1.0740807498095304
ATP5F1E,0.015087146351248932
PLCG1,-0.05550890997894433
SRSF6,0.6636192029729565
RAB22A,-0.3048669219244251
MOCS3,0.3153059257105459
RNF114,-0.0926808129378817
NAGK,-0.7917777037378231
MCEE,0.1535192612563633
SNRNP27,0.4262523774866388
MPHOSPH10,1.118031059604684
LIPE,-0.4952906267952956
CEACAM8,-0.35598098123210553
PACSIN1,0.08311286231865053
RRP36,0.5542567757542695
BTN3A3,-0.22486959298762443
SNRPC,0.36410314411907313
ABCC10,-0.5110919653373556
H1-3,-0.11134640941162577
AARS2,0.5700076779474147
H1-1,-0.18877799880936594
ZNF391,-0.02310788807965424
TREM1,-0.90775886767714
CDKN1A,-0.1686351720004541
SOX4,0.11659645669824875
SSR1,-0.00103179592488212
EMC3,-0.030719546571904517
SH3TC1,-0.6606176108497137
MT2A,-0.520760889092521
GOT2,0.28483834843350564
SPHK2,0.06756491546637493
RAP2A,-0.13084871125084907
IRF1,-0.12565255463470199
UPF3B,0.5192233107035747
PTGER2,-0.32111484913131455
RPS29,-0.06172143245297873
NUP85,0.1868871079549788
MIF4GD,-0.49920000024841843
NT5C,0.25196925230486084
MSTO1,-0.04547910113254824
MBOAT7,0.26015313823332625
LILRB3,-0.917067787650059
LILRA6,-0.10493159947995899
ZBTB46,-0.0044123085018959425
INSIG2,-0.0365991780301493
PSD4,-0.7633517090514942
ALKBH7,0.06499015652566148
CLPP,0.22310400674283862
THOC2,0.7357939008194704
C3,-0.16111838681393315
RTN2,-0.2233403134796354
EML2,-0.5495405544119669
VASP,-1.0173553929137855
SYMPK,0.23747422541603155
CD93,-1.2465925224699184
PSMF1,0.2664204208342903
TMX4,-0.1900538787359091
DSTN,-0.11033986980066281
LAMP5,0.7067485652285718
SNRPB2,0.8177051283433788
S1PR4,0.0892657567883598
NCLN,-0.03301931433565689
PITHD1,0.30609569431659983
FNTB,-0.17402617414773297
RALY,0.4141665535369711
PLAGL2,-0.0766043674951746
UROD,0.5184755355164751
IGFLR1,-0.7120464593992669
CAPNS1,-0.35326154978914204
PDCD2L,0.29143499563108133
UBA2,0.6673467948602141
HCST,-0.5481683729037474
KRT9,-0.04126811395309185
ARL2,0.050700633748701845
BCL2L12,-0.43470554644170417
RRAS,-0.7058065723366814
NOP53,0.6234954006094839
SBDS,-0.011359525535906214
MLX,-0.014395179193659723
TRAP1,0.1060871135937643
SUGP1,0.4441506356680982
DDX49,0.5691969264474539
SDF2,-0.0023955978220099477
NSRP1,0.18053574283198556
ATG14,-0.1301977049409376
L3HYPDH,-0.20787312258768703
HSPA2,-0.18845852356630338
SGPP1,-0.33077408295014965
PLEKHG3,-0.4277565337892031
EVI2A,0.02263267954877865
AIF1L,0.5888299481807037
CANX,-0.0624305190649066
PYCARD,-0.5755439332268251
COX7C,0.15225840474810695
PHPT1,-0.07556032390377797
TRAF2,0.10873891678737334
HELB,-0.18051077073880603
RAB3IP,-0.09963578318997883
YEATS4,0.39601335592711157
NDUFB2,-0.14213977577650355
ZNF777,0.2739347606866418
ZNF317,0.023738301511737944
PIN1,-0.1062325205804441
SIN3B,0.03646233265260491
EPS15L1,0.06929384360327834
KLF2,-0.4504727051613935
JPT2,0.6203851108848554
GFER,0.1901065991089939
RAB40C,-0.05884600595182249
TICAM1,0.04535779325895517
MON1B,-0.5589384683718162
METTL25,-0.2241918867094883
EIF3K,-0.34312924015794294
EMC6,-0.1570255547659924
TUBA4A,-0.26116333945946063
AAMP,0.07475067475718895
PNKD,0.0937545944169033
HSPB1,-0.17596170325848676
GNG11,0.06439109182931171
PTPN12,-0.6516982219725914
FGL2,-1.180357021102629
PEX1,-0.18117054232650545
MTERF1,0.427284535907247
TUBGCP6,-0.11996846191865611
DGCR6L,-0.14037062470023878
NCF4,-1.0443187010506234
CYTH4,-0.5990981324752892
GCAT,0.12829440020438868
SGSM3,-0.24613097792561556
SDF2L1,-0.5913915000399557
YWHAH,-0.7771035909991089
CDC42EP1,0.2969910317271345
TST,-0.041998527743605955
CCDC117,0.41381126713120514
APOBEC3A,-0.8106472298714172
PMPCB,0.4983626775859536
ATP6V1F,-0.5251969422381604
LSM8,0.23201672792354783
STRIP2,0.05527000287921019
DNAJB9,0.1871839663005215
CALU,0.6327211175477071
SIRT2,-0.8643244495524001
MTX2,0.3406413133045764
HOXD9,0.10223252939668247
PIAS1,0.20251001590164586
SNAP23,-0.07983320708996047
TMOD2,-0.47052827525044527
KNSTRN,-0.369825726980959
SERF2,-0.5307224410764847
CLN6,-0.4112550335451114
ARPP19,0.6892490867304394
VPS13C,-0.06636478953214928
THAP10,0.1329199478638778
E2F8,-0.21904485380883126
CD68,0.11176780075896182
TXNDC17,-0.1302354690077477
ATP1B2,-0.3206283095632912
MPDU1,-0.15680135930220068
QTRT1,0.2645878393549342
ERI1,0.3288158910916338
CLEC11A,-0.17027001519312177
SIGLEC9,-1.325985933735153
CMA1,0.27131185195408564
GEMIN2,0.2265605430372535
DHRS2,-0.1869221830506479
PARP2,0.34036105929801813
EAPP,0.35402264983931037
PIP4P1,-0.1417387066527964
NEDD8,-0.06517756706717877
DAD1,0.001680860303404175
RAP1B,-0.342620086175257
ADGRE1,-0.4471043736192068
ARHGEF6,-0.21453769689537253
RPS4Y1,-0.03701637017465556
MAPK8IP3,-0.1048809128403037
MKNK2,-0.18900341273150098
KLF16,-0.05914888571938059
ABHD17A,-0.4699176482826825
ZC3H14,0.5199414885970463
LMAN1,0.2787653394911006
ANGEL1,-0.500367394305734
CDADC1,0.389927571136049
ZFYVE26,-0.23709577715074062
DHX40,0.344297403737498
MEGF8,0.2103359323502163
INTS2,0.038466089910990355
CERS4,0.039040482977946024
LILRA2,-0.8593439859841138
TUBG1,-0.132473652407134
RPS16,0.05235878424453642
NCAPG,-0.500612596535577
ALOX12,0.12227495440500226
CIAO3,-0.20994943413696762
TRNT1,0.8359935655109367
DHX29,-0.11205894780899038
DHX58,-0.3049993891632281
PCCB,0.16744039615655842
SNX4,-0.5458276990673436
RRM2B,-0.3969416616573491
RAF1,-0.4359516128699043
MED17,0.36765784431340726
SCML2,0.41706904264216804
TSG101,0.17671809797503132
DHX35,0.07718158779176051
TRPC4AP,0.02765777406744833
TYMP,-0.9610057910939944
DNAAF9,0.6734905951101755
CUL9,0.22081797873974876
NDUFA2,0.2308990024809434
UBE4A,-0.20052653449093868
POLDIP3,0.4256001719027401
ESS2,0.28059866167887065
ZKSCAN3,-0.06563861234757895
KRT5,0.17000425041852824
KRT1,0.13656360145343804
GAMT,0.3524207985998187
ELOF1,0.22044726231979914
CDC16,-0.06748614167932662
NECTIN2,-0.08272877815768445
APOE,-0.5561615945661563
APOC2,-0.009956389123149657
XPO7,0.18263938539789595
FAM98C,-0.0647876779720812
SAFB2,0.37728157796524414
RPL36,0.17937288004057778
NCAN,-0.2872953079356468
PLVAP,0.0513621440294336
BST2,-0.6170896863818267
SLC27A1,-0.48915259156202473
COLGALT1,-0.7785604353674391
MRPL34,0.152343734755889
PGLS,-0.22427750978165026
LSM7,0.27308131255509166
MLLT1,0.38086503225993845
ACTN4,-0.3225342742913586
NDUFA10,0.27775433914502246
PXDN,0.18795547195339202
SSBP4,0.3816899824846179
JUND,0.15142793848229588
ZNF557,0.6199220977753728
NUMBL,-0.4969319345487708
ATXN10,0.28571868290487323
TUBGCP2,0.027644647396351488
HBZ,-0.09266301482901582
ZNF337,0.36620409065199166
CEP85,0.1264499689034139
TAF4,0.3296604579678136
RBBP8NL,0.4236834615927557
LAMA5,-0.675912565414221
ADRM1,0.11003228121677247
ASS1,-0.2674112980421059
UBE2M,0.4772257766465339
TRIM28,0.7203995203714969
EIF2S3,-0.201148931019205
TMEM160,0.06740417254746243
ZC3H4,0.43073569216882285
SESN2,0.5264230401587873
HIP1R,0.7381745762679961
MRPL4,0.4039685532952948
EIF3G,-0.2975437318590881
SHFL,0.013933550085415218
ZNF426,-0.17429699880235
ZNF236,-0.10963829744539651
MTRFR,0.198659624694321
GRWD1,0.6822539529356713
NOL11,0.740975463836263
UBE4B,0.036933705326549014
PPIL4,0.6262493776243353
RBM39,0.49882893496752245
ACSS2,-0.6292816516105871
ATP6V1E1,-0.58145699756433
COX4I1,0.1574108561384711
EMC8,-0.16613620620641303
GSE1,0.9037674832701578
GINS2,-0.18060036611495717
F12,0.013942172136042489
ABCB7,0.2871784095228335
HAUS8,-0.3089892648161135
ADGRE3,-0.11329487525169553
MRPS25,0.5482567516424934
TBC1D5,-0.22189854118087754
CAPN7,-0.3602444793862144
RBSN,-0.17257398592347495
NR1H2,-0.38830149855029694
RPL27,0.11401353441993331
ACLY,-0.1485819239932286
VPS25,-0.15213963580248144
EXOC4,0.012336744205281974
PPFIA1,-0.6599360740509809
FLYWCH1,-0.014778303242809257
WDR44,-0.5242750031928917
FMO5,-0.38833120084176254
PRKAB2,-0.2927265337902058
FUS,0.3342202255341631
CHSY1,0.11430400503534176
SNRPA1,0.502812794506377
THAP1,-0.43149211939539245
ACTR10,-0.3573578760564216
LGALS3,-0.8232801462641014
ZNF700,-0.005538194096558385
DNAJB1,0.04960225032972323
RFX1,0.35895844795036774
DCAF15,0.040206580829952786
TRIM21,-0.6176545250586885
WDR7,-0.6777359972747798
SMARCC1,0.694481058680058
NUP210,0.0753005795520008
HSD17B7,-0.06757751586967407
EMILIN2,-0.6914557704667014
RRP8,0.6550561341754811
TIMM10B,0.20260643792842264
EFR3A,-0.43218858519740216
PTCD3,0.2296239156984691
IMMT,0.41353608412621173
ILKAP,0.22853513410171997
PER2,-0.4888712082449617
PTPRE,-0.7530260580280822
CARD6,-0.37500284942961293
MYBBP1A,0.5259521009902991
RPA1,0.22437393402627961
SERPINF1,-0.08001795440849613
EEFSEC,-0.08066299655615915
COQ3,0.40473217311752796
LANCL2,-0.04309873300111998
GRSF1,0.43498791015233357
JCHAIN,-0.2897444541229054
UTP3,0.7879275839390217
WBP2,-0.504165779551746
H3-3B,0.14332101071335276
TRIM47,0.04314754921225387
KDM6B,0.04870727971488548
RIDA,0.4297801237290611
PCBD2,0.1889803187191617
ERAL1,0.27623314894658224
NIP7,0.26988336110663036
TERF2,0.5293520170525581
VPS4A,-0.4794476508863007
JAG1,-0.1569368720501851
NXT1,0.8015635311645164
RIN2,0.37156098808834953
CRP,-0.10312110442485077
APCS,-0.06874254726609988
IGHMBP2,0.3421638110410398
ACY3,-0.019678836571935723
TESMIN,0.11466694381099374
DPH2,0.5961118960814071
NASP,0.5230589037294237
ZNF334,-0.4009064832267207
ZSWIM3,0.18366299245658044
AP3B1,-0.6293619957887061
ZBED3,0.5552978604269349
USPL1,-0.42032324418011097
XPO4,0.5408788813253479
PEMT,0.024494563169733103
SCO1,0.2881074095647864
CHI3L1,-0.16183158055657326
CCNA1,-0.7827992502307449
RFXAP,0.1083244900067139
BTBD2,-0.24185537932081583
KMT5C,-0.19826299772381184
CSNK1G2,-0.5671920967361779
RTTN,0.23410062021337277
MACROD1,0.7060850716183094
CEP20,0.2876576584382783
MED10,0.21114066338490195
CCDC134,0.1884280316475566
SEC14L4,0.13338760552515694
PI4KA,-0.6098947749273607
GIMAP4,-1.1334959914827734
MKRN1,-0.12406133893302847
ACTR3B,0.10472998817056192
BTG1,-0.4786526677178981
IPO8,-0.17586778340724404
FABP4,-0.3973001490620343
IMPA1,0.11894584937228347
CCDC59,0.5310122064405163
LYVE1,0.4558506806695451
SBF2,-0.5609476025248666
RRAS2,-0.352428317040396
SARAF,0.08748166003714691
ERG28,0.06197691905641126
DGLUCY,0.18073168900629316
SYNJ2BP,-0.16134629399051859
TTC9,-0.013312821044151907
MED6,0.30440185103211126
EIF2S1,-0.1639489146222862
ELP3,-0.17280679916837471
CTIF,0.07520023276238282
MBD2,-0.42640430490904263
IER3IP1,-0.3124320395029949
MRPS36,0.22393718727335593
CCNB1,-0.3242261560121572
CDK7,0.19900036002763408
CD180,-0.791371108382967
CAMK1,-0.9690630044214461
VHL,0.20279722571095063
BHLHE40,-0.7255173849054871
ARL8B,-0.35466795283744224
EDEM1,-0.42486633731817236
DPH6,-0.13697808204369516
KATNBL1,-0.004253683351363979
EMC7,-0.16808170310637083
GSTM5,0.01165601509618842
SORT1,-0.5988845089370903
NOTCH2,-0.32691570859289737
SLC38A2,-0.22746790792066796
KIDINS220,-0.2844931336907666
LPIN1,0.2109959395072616
CMPK2,0.3636819668215612
SAA2,0.0711351905001202
CFHR5,-0.36786723705014984
NARS1,-0.2645980806648442
RELCH,-0.2940120401796675
CCNH,0.1306160936913637
CABLES1,0.12264468996101048
DDB2,-0.19839440944654074
RTL8C,-0.42404195023517927
RAB33A,-0.3697376190793324
PUM1,0.4407267078087412
PHC2,0.39634062471538034
TUT4,0.40269273011399426
PRPF38A,0.42502727740107493
ELP2,-0.05004653057933462
TIMM10,0.7430831356496961
AHNAK,-0.029422667461944964
TCN1,-0.3139559484738138
CEP135,0.12693945791588437
CARS2,0.0029303160229027982
APC,-0.33129586408762646
UBQLN1,0.46451415044946104
ANXA1,0.03562064563494355
USP30,-0.00695190827674183
OASL,-1.0775611664337663
GSAP,-0.3231740375296851
PNPLA8,-0.2358759109744595
RINT1,0.3140674506399039
BACH2,0.2446474730833808
NT5E,0.2033596089596199
AKIRIN2,0.2111101167298143
LMO2,0.6339587971142812
NAT10,0.5481828445411938
CD63,-0.3783935982955092
PRPH,-0.023630658614472024
AGAP2,0.38352029626890527
CDK4,0.13516070423013465
TSPAN31,-0.10127727910235851
TFCP2,-0.06273983473325456
PAN2,0.13240877575280768
ZC3H10,0.3133852402470754
ACVR1B,-0.5253605126228142
OS9,0.016459489600111135
KRT82,0.39150957984216306
SMPD2,-0.03640578688655862
HTRA2,0.20659063075261616
CCT7,0.01641422337319837
RAB11FIP5,-0.3901133336675704
MRPL53,0.4062106758126494
USP15,0.1817139894267766
GNS,-0.3268089599030181
MPHOSPH6,0.43146931504387803
DYNC1LI2,-0.5125611492788622
FBXL8,-0.14542269684721354
FHOD1,-0.28099996396580484
CCDC102A,0.8031307125496241
URB2,0.819811179556355
TAF5L,0.13741032112849647
STX6,-0.6778914180046887
LAMC1,-0.0022707660992101314
SP110,-0.4578579590545945
MRPL44,0.44119961404889085
DOCK10,-0.9498500807799282
USP37,0.13966184200090367
SERPINE2,-0.30795880133251435
TMBIM1,-0.05256508158151403
CYP27A1,-0.584381277918905
EIF4E2,0.07627731655104272
CAB39,-1.067379396205225
COX5B,0.13950168064395777
REV1,0.14726891917715126
MFSD9,-0.13152826907521437
MRPS9,0.28664286216337
C2orf49,0.6896864379115688
EPC2,0.379454438770694
ALDH1L2,-0.06321718785592632
PLXNC1,-0.5310805219717375
APPL2,-0.0776280925381232
DRAM1,0.02431679022048801
CKAP2,-0.2987195053820749
MED4,0.6470890051582647
COG3,-0.13720224852424537
NUDT15,-0.07794185796376675
IGF2BP3,-0.1630568677286564
GPNMB,-0.053643622321257856
RAC1,-0.5796571220101338
KDELR2,0.006601128893100637
NUP42,0.27673230321050196
BZW2,0.6258305668865561
TBRG4,0.3020273795886934
DDX56,0.7479340892228358
HUS1,0.13705605357486902
CCM2,-0.12914452520797656
MYO1G,-0.2944766277384024
TTYH3,-0.47713082573760435
TTC5,0.602406957392438
MTHFS,0.10792402211415979
IREB2,0.046843468542195434
CALCOCO2,-0.007484094738128156
RSAD1,0.608080836823401
NMT1,-0.5304087502584962
SRSF1,0.3023770142626894
TACO1,0.15510998035129
LIMD2,-0.2990763496936248
BRIP1,0.013889243579875473
KAT7,0.5812151571089811
RTP4,0.09078477183512397
NDUFB5,0.16958531990350745
MRPL47,0.34952942806900555
SKIL,-0.08470782271123341
KCTD3,-0.02796323152249528
CBWD2,-0.26313818314401966
IL1RN,-1.1771780161728511
CCDC115,-1.0056080655795796
BIN1,0.08722816144771946
IMP4,0.8941745221932124
HS6ST1,-0.10118840299181266
UGGT1,-0.4047530736528566
GYPC,0.14667580648708523
TOR1B,-0.43753959706104534
TMOD1,-0.5346465399475184
ZNF189,0.5924028978488396
ORM1,-0.175162831010889
STX17,0.47257517140696764
PSMB7,0.3593089362926707
PDCL,0.16152410716062882
RPL35,-0.0897670438494122
CTSV,-0.8411579605213767
DERL1,-0.10656375724348163
RANBP6,-0.15256846062087484
SIT1,-0.2091973584662553
DCTN3,-0.2988123506369522
CD72,-0.09204084334305397
HINT2,0.267062964707629
GMPR,0.36864759640049494
RIPK1,-0.3998768954017569
C6orf15,-0.10146270739050853
MRPS18B,0.3050191936241094
GTF2H4,0.17757533379878712
FAM8A1,0.1538159028455249
THAP12,0.2778137149252061
LRRC32,-0.9846806345383637
MRPL15,0.4832378771133054
GGH,-0.02723532191303467
TGS1,0.5801676851874364
SORL1,-0.29010845710341165
BUD13,0.0575439539384963
DCUN1D5,0.6329484506494043
FDX1,-0.19582209538654052
SQOR,-0.36277978239338277
CTDSPL2,0.08823823756768899
THBS1,-0.5482114904510489
NUSAP1,-0.28386445202970495
NDUFAF1,0.17006245177341858
HAUS2,-0.17609186736343052
TUBGCP4,0.13109152212659908
PLCB2,-0.16890932393418054
TMEM62,0.0765322266431118
ADAM10,-0.8890125756010455
RSL24D1,0.4386526528881584
GCHFR,-0.27012896395245367
FNBP1L,0.09934678022449853
KYAT3,0.22429869566821753
IFT172,0.4428027389177234
SELENOI,0.04802518776040417
KHK,0.013243321665028826
DYNC2LI1,0.2878919881230223
ACTR2,-0.6965231305081023
PREB,-0.1940048548450483
LRPPRC,0.553945755432613
KIF11,-0.5180140825192382
CALHM2,-0.10485550840798867
ARL3,0.07164404303939102
KIF20B,-0.17276205997661503
EXOC6,0.09265634531014913
DBR1,0.3703648029999074
TOPBP1,-0.0757138378566418
DNAJC13,-0.7372168869227032
BARD1,-0.11211162991033155
ASNSD1,-0.4230729660438057
METTL5,0.3680380426391659
SSB,1.1864912174916957
PPIG,0.5363124488922683
IDH1,-0.24350548356700286
WDR12,0.6963529373623079
ABI2,0.5145153401764765
ITGAV,0.04536205156357466
SLC40A1,-0.16923548244264053
SLC49A4,-0.38363746557138395
COX17,-0.22237678034157787
CNTN1,0.42279139948843336
WBP11,0.5058128305160678
ATF7IP,0.529994046286354
OSBPL8,-0.7105432749273669
INTS13,0.8455880248560012
BCAT1,0.45545342757610985
HAL,0.24718057309562338
CDK17,0.2568377704033205
TMCC3,-0.9877569523031243
IRAK3,-0.8786987715837152
RXYLT1,0.2261376625967401
MNAT1,0.2949721678458836
TRMT5,0.26926853738416995
C12orf4,-0.24765200292581635
RAB21,-0.5060260349008089
LYZ,-0.899590608050165
TGDS,-0.2811448339564976
PSMC1,-0.05159683787762432
GALC,-0.03373603459554654
PPWD1,0.44370518581552965
PEBP1,0.5049154311022537
ZNF24,0.7042158400992289
PZP,-0.018204630083202476
YPEL5,-0.014967625710441515
LMNB1,-0.10651455570285286
SNCAIP,0.08896330368641357
SNX24,-0.38592025204361075
XYLT1,0.09049301498353117
GDE1,-0.2521966049703833
NUP133,0.5468764075897296
VWF,-0.40143608535331704
LPCAT3,-0.3333717075811518
MRPS27,0.4753888422117528
HEXB,-0.61345989041456
RFC1,0.3600430744999865
KLHL5,-1.090232829938815
UBE2K,0.020148028941573824
N4BP2,0.34912228899890113
KLF3,0.2353913973950621
TBC1D1,-0.7065978794849347
PACC1,-0.06751529598027414
PPP2R5A,-0.2872685413824046
TRAF5,0.5051950896183878
PPP2R3C,-0.4245486309230108
PSMA6,-0.1445359798844074
MAN2A1,-0.4973523119740154
TSC22D1,0.662923394740608
DGKH,-0.15185321135742127
EPN2,-0.013776458926370033
USP22,0.5022281491978979
MSMO1,-0.017454891878796338
PALLD,-0.5371996016128424
CLCN3,-0.44186339531334196
ICE2,0.517646018018779
GPATCH2L,0.09494373295031328
SNW1,0.4060692331164444
POMT2,0.15321452722760523
MIB1,-0.11607022922657703
TMEM260,0.09848607449345578
AP5M1,-0.34717284896451744
ZNF430,0.35597158486298913
PALB2,0.13502567355538006
KATNIP,-0.13684535928906036
RNF138,0.03751774514651875
NDC80,-0.5347737407306768
THOC1,0.44970409367728836
USP14,0.1494393641723975
HERC2,0.513883299515965
SLC7A5,0.14802157451644704
CYBA,-0.9922419363387539
IFT88,0.7011148708884366
ARL1,-0.009884529732490863
UTP20,0.8065925225854638
TTC19,0.33991852547475343
STX2,-0.006566688968366793
KPNA3,0.014283839745327818
SFSWAP,0.4000799713576283
SCARB1,0.5583565596411961
RTRAF,0.7966855342751302
UTP6,0.8469035913765429
PSMD11,-0.0071788782570176846
BLMH,0.18558339994901812
TAOK1,-0.6217897224836064
BTBD1,0.06384088273649909
CUX2,0.03498465768851576
ALDH2,-0.1024260161300951
ERP29,-1.0334721591078488
ANKRD13A,-0.3101748364210885
RBM19,0.8614507007056618
NAA25,0.38458839977258685
ZFAND6,-0.1270445475354
MESD,0.1809061927754636
CDH1,-0.3139390372029405
AARS1,0.05534083823238004
VAC14,-0.1501105844707654
TANGO6,-0.4741673797190533
NDST1,-0.1958589605187923
PDGFRB,0.11208886145021867
CYSTM1,0.1602009457699503
PFDN1,-0.14175130816919784
ANAPC5,0.1956442022389542
GNB5,-0.07323791510771352
MYO5C,0.4740249977984019
AP4E1,-0.4846601199794123
SPPL2A,-0.731107240734511
GLCE,-0.21226796001744005
SPG11,-0.2874560784146133
EIF3J,0.24629889453601816
HACD3,0.659739812747956
APH1B,-0.16081981093439263
AAGAB,-0.2519472838862667
TIPIN,-0.14829853284959377
TRIP4,-0.0979147187053621
PARP16,0.0184683962263092
LACTB,-0.710423355560646
PRPF40B,0.0023511772281483946
CCNT1,0.5588702400393875
NEO1,-0.5682303949849079
SEMA7A,0.5706803193727257
FAF2,-0.012356455388526059
CNOT6,-0.03089495554575677
TUBGCP3,-0.2175817853147525
RBM25,0.4059608393105332
SPAG9,0.19280457920657057
MARS1,-0.4293978354721357
ATP5F1B,0.3147510047502349
RBMS2,0.10212203126284032
PTGES3,0.197621172141622
PIK3C3,-0.46991079737158975
PHF3,0.864379267351128
ATF1,0.139901757663089
LETMD1,0.3592094065255997
EIF4B,0.04297810556092253
CALCOCO1,0.32784553786412945
TSPAN13,0.04863562660189293
NUP153,0.534651748373522
RAB27B,-0.11381508421891859
ZDHHC2,-0.2673724481075594
MSR1,-0.11814048243053307
MTUS1,-0.4911990385181268
ERICH1,0.1549788501849629
TWSG1,0.4545331283021756
SEH1L,0.37134344466200875
ANKRD12,0.12090487352089185
CEP76,-0.1359681387292246
RBL2,0.16548939978040805
LPCAT2,0.003737141498435276
RPGRIP1L,0.9797883619649415
WIPI1,-0.4185408614693324
WDR59,0.5132868635740873
MTFR1,0.35192321098314455
SMAD2,0.20403282137248335
DNAJB6,0.4189590305312041
RHEB,-0.32213978733800863
KMT2C,-0.031784391292162824
PSMB1,-0.019269919842514787
ADNP2,0.34258364169923705
TRAM1,0.04543483583965822
ARFGEF1,-0.5866232276804966
ANXA13,-0.7951876253067416
TMED2,-0.0702232167359303
YY1,0.501954070727835
PPP2R5C,-0.07182894416010119
RCOR1,0.721836816219511
MOB3B,-0.3722911879143267
ZNF175,0.04769471545481014
CD33,-0.40276685751474617
PIH1D1,0.3023013399710616
SCPEP1,-0.924638538794678
VMP1,-0.8474484864553762
PRR11,-0.6359122466408788
TRIM37,-0.01560987291118327
PKMYT1,-0.1689631535616594
NUBP2,-0.12727640685748728
CHTF18,0.2386918022047428
RHBDF1,0.13578797210140042
TELO2,-0.2411261291530948
AXIN1,-0.16416073178339805
WLS,-0.24117816155719338
CREBBP,-0.17386479503236998
MGRN1,-0.09692144751372297
ALG1,-0.16535676344514175
DNAJA3,0.5786823921992351
UBN1,0.028769846528356176
N4BP1,-0.6341321734459655
WSB1,-0.031227736394023257
ITGA2B,-0.3493021149624754
DHX8,-0.09326696895445843
SLC4A1,-0.12249309004961334
CRISPLD2,-0.29868468541449783
COTL1,-0.7552733329054891
MLYCD,0.4687461918967229
METTL2B,0.13712200645601136
SMURF2,0.2864395423611857
ARHGAP44,0.5367799234157968
MAP2K4,-0.18098265723428722
ERP44,-0.5448983399124998
INVS,0.4378330312739298
GINS1,-0.1477738944588997
SLC12A2,0.4910178050546496
SLC27A6,0.5643374839988998
FBN2,-0.3817610597257426
RNF167,0.19948563305790298
CFAP20,0.48570461423922784
CSNK2A2,-0.004966069021402769
COQ9,0.4476854089335382
NLRC5,-0.6581752882484488
SRCAP,0.4161066430625369
SETD1A,0.729778305431075
ZNF629,0.6725575786044473
SPTLC1,0.3324606132727751
ZC3H3,0.04886531058754316
TTPAL,-0.22105247493958352
SLC9A3R1,-0.14451888939986704
RBM42,0.31697227571001935
CCNE1,0.21441982422898284
BPNT2,-0.10893303360656266
RAB2A,-0.41119009114748595
ITCH,-0.3353718886176822
CBFA2T2,0.5933406736711931
NRDC,-0.1706258217252238
TEP1,-0.9657633288842608
PHLPP1,0.23127683106698113
CELSR1,-1.0847530006712798
PGS1,0.23456010620467865
TIMP2,-0.5361161329050458
LGALS3BP,-0.17286952188033558
UPF1,-0.054712255909441905
ELL,-0.1193915047179127
COPE,-0.28928655424350175
MAU2,0.14518823928816088
AMMECR1,0.010345854161558369
PRKX,-0.02903428758267474
HUWE1,0.04492445005850609
BPI,-0.3970471671021303
SLA2,0.17724644597636205
XRCC1,0.8174514981162273
PAFAH1B3,0.35904641159287437
MARK4,-0.21983638307930803
ZNF225,0.15115630732932492
HACE1,-0.07702161996064776
E2F3,0.3545281777408511
ATRN,-0.27509891990042934
CNPY4,-0.24786862922582253
ZSCAN25,-0.10469378628639332
ARPC1A,0.27784415134889723
MYDGF,-0.3729964349893429
MAP2K2,-0.0461005239918569
TLE2,-0.1222689972113031
GNA15,0.7067179516689648
DPP9,-0.45495053656528534
YJU2,0.3267404112768595
MPND,0.30334231458392386
PIAS4,-0.17925978793688188
CSE1L,0.20868520510214664
ZNF330,-0.10074322727827906
INPP4B,0.49348045777730687
GAB1,0.2460923428424928
NOMO3,-0.23506239248221347
MAPK3,-0.7037427038655691
EEF2K,0.14786815929744465
DHTKD1,0.44003592952286336
PHYH,0.0020441848840585673
CRISP3,-0.042872621506756504
MAP3K8,-0.529191179158631
MTPAP,0.37441900928238164
SCARF1,-0.007971366832491094
SMG6,0.37105200302749203
DPH1,0.5005583869172608
ITGAE,-0.009368969322215068
PLD2,-0.30777408300417286
METTL16,0.6319644144034477
ZNF264,0.41575628197251563
CNN2,-0.3593565774790986
A1BG,-0.30397123183070224
CCDC6,-0.19168731998703803
GGT5,0.3276074007033623
CABIN1,0.2858579260761437
PRKCQ,0.7282851614150487
WDR37,-0.18776251837737948
CAPZA1,-0.27013094954230676
KIF18A,0.3386658664174671
DGCR2,0.18228579064308364
CDC45,-0.07528425115358134
UFD1,-0.18817702741030107
MED15,0.3339060208514869
ARVCF,0.26596453012391946
HIRA,-0.014904778432485256
DGCR8,-0.06136191685933356
PPM1F,0.12685767063304013
UBE2R2,-0.20351713150405262
ACTR3,-1.0600599927894452
DDX18,0.4499751382128331
ARFGAP3,-0.4134726023289354
PACSIN2,-0.25890659813410327
EP300,-0.15817941862103405
DESI1,-0.043801130624948025
BAX,-0.2830986727379467
PLEKHA4,-0.2457763022527585
AP2S1,-0.5199358088633146
OPA3,0.04536418360390691
GYS1,-0.7345816734051608
EHD2,0.0016523024707443396
STRN4,0.10686953136384128
IL1B,0.7251071208090837
TCF25,0.10489670084363403
NAPA,-0.4017192662950901
BLVRB,-0.08395276894055821
ITPKC,-0.10282198235116889
IL27RA,0.062495233858966985
ASF1B,-0.5069633726593253
ILVBL,-0.3598867187326594
FAM32A,0.29288746160932355
NOTCH3,-0.7830301973231181
MED26,-0.024951642058259983
CD44,-0.3301934751903928
COMMD9,-0.31130851064174897
C9,-0.396376027465202
PPP1R12C,-0.8460373458078649
ALG6,-0.11907521428214837
DNAJC6,0.3563783069761712
WDR11,-0.3634623980097836
PARP12,-0.4587208747481014
P4HA1,0.06222425180047598
VPS26A,-0.22744905808590132
PALD1,0.27619747021843427
FOXRED1,0.5582268442948636
DCPS,0.11942311158702469
SIAE,-0.23933709317946497
ARID3A,-0.45056634101496984
ELANE,-0.3561250836432569
MTIF2,0.3438884549809848
ASB3,-0.1860338159664009
TANC1,-0.04412207115596398
LY75,-0.05579400462011709
CD81,0.0010735871815366158
OSBPL5,0.10031905430356963
CNRIP1,0.4236358623744318
PNO1,0.749397456658954
TAF1B,0.00266650060865974
SPCS2,-0.3249667815272134
ARHGEF17,0.11968731350023665
POLD3,-0.15136301448425177
SELP,-0.5202795908773542
SUCO,0.0037365961090797865
SNRNP40,0.2523180907352937
DNAJC8,0.42686349186666217
MECR,0.4459229573987677
PTPN4,0.2916191276474966
FAM20B,0.28375207111416995
SRBD1,0.3030656401984295
KAT2B,-0.4030623924044116
FNBP4,0.5803727802090398
NDUFS3,0.20898684341841564
ACCS,0.362248687592465
CHMP2B,-0.4735281732927619
EIF2AK4,0.5598644145584507
WDR76,-0.21988162675579637
TP53BP1,0.03796399185545236
DESI2,0.2661767411303962
NOL10,0.7243273797567346
OSBP,0.01453875373554659
ZC2HC1A,-0.17827028626964012
CHMP3,-0.5738851849893223
POLR1A,0.9047405099298638
GNLY,-0.03165332595443604
VAMP8,-0.4867432335123397
CAPG,-0.5914319674045908
MAP4K3,0.20492209919637605
USE1,0.28759767085552773
STAM2,-0.15936272340800423
STRN,0.02083615785939317
CHIC2,0.16643942148123744
TNFRSF8,-0.4489786085314124
STK17B,-0.39340866931053214
GTF3C3,0.628204783171015
COQ10B,-0.38201745689524075
USP13,0.10120439896179366
PIK3CA,0.5578142574820019
SLC9A1,-0.4423265998344658
GATB,0.5325357961468881
SLC7A6OS,-0.17004766451902975
CKLF,-0.18545466445929723
CTCF,0.09272752698891608
IFT46,-0.14565836973101715
NECTIN1,0.5107676507188315
SC5D,0.006679098911029484
ARCN1,-0.15837228734725012
CBL,-0.7556002464044786
FARP2,0.017820822733140115
SP100,0.9110077124637027
DNAJC10,-0.17237562395684305
TUBB4A,-0.24401871218123403
MCOLN1,-0.1712372685918394
GPR108,-0.44301087450421
DGUOK,0.44753276603168385
LOXL3,-0.02118180951834651
HAT1,-0.19747598759602222
GPSM2,0.031691335877301025
OSGEPL1,0.5101381344733625
MCM6,0.35035824960203776
CCNT2,0.4016657323499157
RAB3GAP1,-0.46529905233217816
ZRANB3,0.027137050075748542
DARS1,0.4916358779040342
AGPS,-0.21095791988570103
KYNU,-0.2948885552484142
ARID4B,0.8274966899606193
NID1,-0.6063676599079773
CYTIP,-0.30402131185653075
MUL1,0.10136831295753305
CAPZB,-0.8554642964503925
ECE1,-0.26280280870930367
PPAT,0.5171207265643897
SRD5A3,0.22528192262828997
NOA1,0.4818710872798266
ARHGAP31,-0.07046880455464738
CHST10,0.014657161203142128
PDCL3,-0.07560235658934088
TXNDC9,0.012373489297768846
RPL31,-0.09577792968083758
LXN,0.7540165111396502
NOP58,0.8126332502306712
OCIAD1,0.22438334326963613
SLAIN2,-0.1504034662767323
TXK,0.09363346846155558
YWHAE,0.057285179292882966
FAM13A,-0.15200577837389032
HERC5,-0.343063151286533
CRYGD,0.3191271148794532
PIKFYVE,0.26137797887614256
COPS4,0.19784819812172283
PRKG2,-0.2417241417800339
GPAT3,-0.2932705221656469
CUL3,0.11865389960579233
GUCY1B1,0.6593001767823707
C2orf42,-0.011140888547553452
ADD2,0.013391918150226943
MXD1,-0.0273912807533425
ZNF638,0.7345990122638647
ATP8A1,-0.12915553625086137
SLC30A9,0.2329321680400997
CSTA,-0.551872857890987
BBS7,0.04683972519970827
RBBP5,0.5242263545073624
IFT57,0.6736381153583701
UBE2S,-0.1507033821570967
GZMM,-0.030406319198498573
PHRF1,0.015601255321471464
AGA,0.3478643982367823
NEIL3,0.6432439954313031
HDAC4,-0.845495416293369
ASB1,-0.5137045436201203
CP,-0.3011636866800955
THRA,0.036415067131619745
PSMD3,-0.1388071899698303
CASC3,0.05996006736709091
ATP6V0A1,-0.7569797008427317
STAT3,-0.10883518637543171
FBXL20,0.03386403329773106
MTRR,-0.1824220317047643
FASTKD3,0.09729994976845044
NSUN2,0.41927811652018393
UFSP2,0.1390038340927919
CAD,0.30167614046770935
RAB10,-0.4498332567552093
KIF3C,0.06357245745764237
FOSL2,-0.49392728619375187
GPN1,0.20045301514146577
GTF3C2,0.29982246662110046
ITGA9,0.5481470504955808
GPBP1,0.40748295633599674
SLC2A9,-0.04257170006903324
MMRN1,-0.28725037872396236
MIER2,0.07237143168838929
LYL1,0.8491606033986936
HOOK2,0.3938171135863093
ICAM1,-0.6980461464296069
KLF1,0.06911850884292538
PI4K2B,-0.34575791225747304
SEL1L3,-0.057571527706575164
F13A1,-0.07842765297724157
NUP54,0.1866066158013628
SEPTIN11,0.13917546685604743
SCARB2,0.14460577848403153
ANXA3,-0.48510176358089896
ARSB,-0.058063530093654656
RAD18,0.2290447579438698
SLC12A7,-0.04128079842425273
SDHA,0.07078401300767707
PDCD6,0.11373978830170206
CEP72,0.2977480460997992
XRN1,-0.08115778735432289
GRPEL1,-0.05091040395056463
LMAN2L,0.3386175474400825
ZAP70,-0.14947151394072325
CEP70,0.1274046463591754
ACAD11,-0.2628116770459386
ASTE1,-0.025863315555823732
CDV3,-0.03391528751850739
GALNT7,0.18904249164327122
BST1,-0.5942038839705979
DGKG,-0.39691915047823534
DNAJB11,-0.6607253959554947
SSR3,-0.23573612788649526
MCM2,0.35795540170283124
RAB7A,-0.40403777844322025
ZFR,0.98068429849837
GOLPH3,-0.18662587101502456
SUB1,0.011018418955195121
NPR3,0.2505295107905401
VCAN,-1.0347059990275034
MSH3,0.21767566870951585
CPEB4,-0.7835189461967805
THOC3,0.3064212746615555
RPL26L1,-0.00806997766906003
WDR70,0.5869397727836674
RAI14,-0.574121253438763
TARS1,0.543983820020313
AMBP,-0.299201636767145
CENPE,-0.47854440372841117
ENPEP,0.05916085756370862
CASP6,0.9938126235074145
LEF1,-0.21886793893361497
EGF,-0.7012595229166229
PAPSS1,-0.12848613276712453
SEC24B,-0.13802389042279958
PAIP2,-0.017788177617668273
LSG1,0.6230218692734986
PCNP,0.5616094594865193
RBM27,0.49376858910398014
GPAM,0.3304382355660982
SPDL1,-0.04493923114152302
SSBP1,0.46396753157193166
ABCB6,-0.11904021209372542
PECR,-0.5144859913553462
VDAC1,0.5735286043138709
UBE2B,0.09963836884879651
AFF4,0.20308099973453547
ZMIZ2,-0.5071943512401198
MED20,0.09410892463101302
XPO5,0.6927482677977951
SRF,0.13935557136709154
APBA1,0.3596650523809217
PIP5K1B,0.18300433290795143
IMPDH1,-0.42850447259947744
TNPO3,-0.16366537074681956
CPVL,-0.2833387432203146
HIBADH,0.5364165106062265
STAP1,0.2333998018785752
POLB,0.9318924241002643
NBN,0.8650199750107835
ST7,-0.08148095499792674
TFEC,0.002998827627923248
ANXA11,-0.3581028535596369
PRDX5,0.08296767913090577
POLA2,-0.016315408980393103
B3GAT3,0.13330189031812872
MGST2,-0.2203259373335831
BLVRA,-0.8074626653102367
USP4,-0.40240891208534874
PTPN23,-0.036225907116186964
PRKAR2A,-0.4847497063286801
EXOSC7,0.778605648086445
SCAP,0.1410405416828578
ICA1,-0.06784657610113348
ABCC5,0.11759553833876507
MCCC1,0.5978416885367784
GNAS,0.0747649265220189
SLC25A13,0.3522136418132657
PPP6R3,-0.031912698365711235
CPT1A,0.49871586923616484
FBXO3,-0.0003807495184177398
TCIRG1,-0.7167773419450362
CHKA,0.313538160787866
ANK1,-0.18147971900116563
KAT6A,0.03260640278535053
PRKAR2B,-0.47134703297610825
DBF4,0.41187890303363384
SRI,0.13731733678383864
RBM48,0.3847653265946824
CDK14,-0.0037395645368095034
ANKIB1,-0.6708160451421863
ANLN,-0.567382182641449
EIF4H,0.2509986105341066
BUD23,0.37807891508427366
ADAM28,0.25176626647098715
SMARCA2,0.49265956142391104
SH2D4A,0.3529295967430693
ZNF800,-0.06920517062202265
ACAT1,-0.08811242734100062
ADAP1,-0.6042134281057022
PMS2,0.4146391821354277
MAD1L1,0.3874414568668469
GET4,-0.02445373622760157
HNRNPH3,0.5305780688319917
CCAR1,0.6297142509035231
REXO2,0.6581843545125048
SQLE,0.08698339775385536
SNX19,1.0959451368998305
MAPKAP1,0.048704538547280116
GTF2H1,0.20062533358315893
SERGEF,-0.35309073204913793
HPS5,-0.6474783917582781
CSRP3,0.2768317547471187
PIK3C2A,-0.4903354045912718
FHIP1B,-0.5178996257059032
RNF141,-0.48131532637837454
HPX,-0.5946667207431454
BTAF1,-0.3070027267778536
TCTN3,0.31008187872408405
CPEB3,-0.281111462532738
GLT8D1,0.17492009524256275
RBM6,0.19999976101666475
TMEM115,-0.1694418891571608
ITIH4,-0.3891502327495219
GID8,0.08833102468338856
SLC2A4RG,0.08978050815637892
PRPF6,0.5311060290087867
TIMP3,-0.11366415717647106
FBXO7,0.2837732606461535
EIF2B2,-0.1419028163455902
MTFP1,-0.0541885603784508
GABARAPL1,-0.020724982540199693
ALG10,0.014586714727203938
AEBP2,-0.0034822889537473047
ETNK1,-0.3890838884508393
ZCRB1,0.5061494939890848
C1RL,0.2986024933680031
NDUFA9,0.20510531654984318
TAPBPL,-0.13178128591116373
ANP32D,-0.6165362071463283
LLPH,0.3087834068853573
GLIPR1,-0.3987097157417687
TMEM19,-0.13827526565136047
CPSF6,0.637878685062434
TMTC3,0.10545718468850027
LUM,-0.08334313018657906
TMPO,-0.14920274926630242
SNRPF,0.5559499553628106
NEDD1,0.11595148748233794
SLC15A4,-0.6654104973529197
TDG,0.19561936393467694
CDK2,0.27315121184876373
SUOX,-0.13071452465868813
GPR84,-0.1451596640742854
NABP2,0.04111368539798869
SMARCC2,1.0595228205073597
N4BP2L2,0.43865658391019524
ITGB7,-0.5558924216461405
CSAD,0.3274461474834998
MYG1,0.4344014378886279
ESYT1,-0.1726534606399365
TMBIM6,-0.602293691366331
ANKRD52,-0.07789521489844663
KRT71,-0.20973403547110972
RB1,-0.2154216410262993
SBNO1,0.5405577911998308
VPS33A,-0.31295176437192024
VPS37B,0.7699421568133625
RHOF,-0.20988442874708152
RBM26,0.6202405613523162
MBNL2,-0.14127582585897333
RAB20,-0.2067274223155948
ANKRD10,0.013913315109160296
NOP9,0.13027612303973138
L2HGDH,0.5422676729338047
PELI2,-0.21092369901034724
RTN1,-0.5640670461541261
JDP2,-0.05443188255281864
ITPK1,-0.9602141991002
TRIP11,-0.4993929316705085
EMC4,-0.4154930323247986
ZNF280D,0.6058591828672424
MFAP1,0.445422794180267
SORD,0.7826273791975813
LYSMD2,0.08412381480321848
SLC27A2,0.508748394993698
RAD51,-0.36009234508360793
SRP14,0.3333291491421674
TTBK2,0.06754673820018334
COMMD4,-0.4722933736476771
UBE2Q2,-0.3051753003951497
BCL2A1,0.3457643103358781
TSPAN3,-0.028859636241284382
WDR61,0.18087953934618028
MAN2C1,-0.04413374442137206
TLNRD1,0.585897683304788
TPM1,-0.23053061319553503
PML,0.37917842503033683
HEXA,-0.5478296570664823
SCAMP2,-0.5149185295722432
POLG,0.5852729012212617
ABHD2,-0.02052327906761991
TICRR,-0.0818986136063473
MFGE8,-0.04062285941932951
ZNF710,-0.03981401705019251
FURIN,0.14907291572829526
IQGAP1,-0.7739572955761876
CRTC3,-0.3162672845444393
EFL1,0.07271695653518898
SEC11A,-0.374918492113386
ABAT,-0.3077842199694547
PMM2,-0.1257342518170906
ITGAX,-0.7796586228779586
UQCRC2,0.33317148450355755
CDR2,-0.0250750727066036
IGSF6,-1.1154018020193446
DHX38,0.025195586031099386
TXNL4B,0.22095693995370783
ZFHX3,-0.14431236585358173
NUDT7,-0.20371977660627927
MAP1LC3B,0.09153449042236551
IRF8,-0.7557740696094871
ZNF174,0.3179605888111657
RPL3L,-0.23524882659896562
NDUFB10,0.18730148142255215
DEF8,-0.46698238817809823
CBFA2T3,0.7174184848113564
GALNS,-0.16465870297781507
MED9,0.3347454304469927
NCOR1,0.48580093734700835
COPS3,0.42503323131558896
GID4,-0.0839658762497451
NEK8,-0.16421341323583594
GFOD2,0.21974934718102235
NOB1,0.4437428195360045
PRPSAP2,0.02513738374433556
PCTP,-0.2475221670809779
SSH2,-0.16459384730105622
ABCA10,-0.1910217947477656
CLTC,-0.5340814457312364
SS18,0.16557478363331152
CDH2,-0.08278339883178833
TAF4B,-0.3567917163268646
AFG3L2,0.4997940410288457
IMPA2,-0.29901839098097166
SLC39A6,0.7139082739435704
GALNT1,0.23277781227777383
ESCO1,0.5013589458721012
RMC1,-0.12971569334198094
NPC1,-0.25711992649878124
MYH10,0.1038536848437551
ARRB2,-0.9315816899667048
SAT2,-0.025522264259659037
TP53,-0.5521255418226421
ARHGDIA,-0.9237637401893829
FN3KRP,0.3014930746349412
TRIM65,0.1980107716221869
CBX8,0.7247572214911318
SECTM1,-0.19816788566306076
CEP131,-0.21699873658531177
CBX4,0.34916401243888073
DYM,-0.44317828221421274
ELAC1,-0.10334431623221393
MBD1,0.02668313696127243
ZCCHC2,-0.6711610292052865
TXNL4A,0.15403610436022852
AKAP8,0.1365301332886727
SLC39A3,0.4253759201714838
ZNF544,0.336445865568095
PRDM15,0.38217783680071404
PFKL,-0.46403842896854464
FEM1A,0.04098960605277813
SH3GL1,-0.6871050875902709
PGPEP1,-0.2154266397153593
ARMC6,0.1259867930605004
CCDC97,0.1479171972866174
ZNF45,0.2169549461385686
ZFP14,0.10029765981643275
SMG9,-0.5168466031768867
IFNAR1,0.5861362742859069
SOD1,0.022772046516778336
SCYL1,-0.16830035633621357
EMP3,-0.7040864509779147
SAE1,0.693261387836025
BCAM,0.09048014792905619
GEMIN7,0.013654376459081338
WDR62,-0.19406578850048037
RNPEPL1,-0.2616489599961729
ZNF581,0.3564865513005299
TIMM29,0.09832180453616186
ECSIT,0.08277263838613781
TIMM44,0.3702224948155066
KLHDC4,-0.09282136252396168
PSMB6,0.46486529549923733
ZNF473,0.6713493843556189
RPS11,-0.06177807025230368
ZNF614,0.0015282554324874884
WRAP73,-0.35376182152119623
PRDM16,0.06996222327798618
PGD,-0.5770218200557135
SH3BGRL3,-0.3350876072938439
ITGB3BP,0.03429517383601405
CTTNBP2NL,-0.010320601286139056
PSMA5,0.0010528782660993365
CD53,-0.9450999970265885
MPC2,0.26434582650745453
SFT2D2,-0.8727928409925829
FCGR2A,-0.8126082435435295
NUF2,-0.4505875183400245
PRCC,0.4644856340732272
PRUNE1,0.28927661674607397
SF3B4,0.4527770907790605
S100A11,-0.8227967871689393
SETDB1,0.47435050342355706
ADAMTSL4,-0.33344951506006587
POGZ,0.7632067168972901
GOLPH3L,0.4218702216359416
EIF2D,0.5838491538922466
JTB,-0.11190923048272786
SLC27A3,-0.5631921337784846
ACP1,0.2536728123087328
SDE2,0.45560425829221124
ARF1,-0.4878027117505479
C1orf35,0.22340499541589942
LBR,0.02305000008454833
EPHX1,-0.14045610703923664
PLEKHA6,0.05922147701824544
ARL8A,-0.2927879401932493
RHOB,-0.44454328275567945
GALM,-0.5969840219544594
RPS27A,0.20752337694554526
ETAA1,0.306776382304
SNRPG,0.34655071515311725
MEIS1,0.022990811026644135
MRPS5,0.2654253992853675
TPRKB,0.18778239975180325
EXOC6B,-0.12345525320716012
RTKN,0.36553544880393063
SFXN5,0.2982218094013065
DUSP11,0.5832323960611735
RALB,-0.2575739670843392
TMEM177,0.40609425389503323
UBXN4,0.10409555796113525
POLR2D,0.16446917161363486
AMMECR1L,-0.8460861192564713
SCRN3,-0.06808048594128562
WIPF1,-0.6737520124894977
LNPK,-0.27673724464587657
CDCA7,-0.10117985561536744
UBR3,-0.5615198443525119
METTL21A,0.04719691082945813
SUMF1,-0.31487579230042084
UBE2F,0.02697977455727301
COPS7B,0.39222985801591986
VGLL4,0.507302141427121
RAB5A,-0.4674813524164294
CTDSP1,-0.2248355329055703
CNOT9,0.14577520864926286
DNPEP,0.19352397894580756
DYNC1LI1,-0.10974470175327411
ARL6IP5,-0.04220960000978411
ITIH1,-0.37725776463979727
CNPY2,0.3404549582643998
LIMD1,0.09196929466169022
ABHD10,0.44786562670208513
RABL3,0.6454292375889371
ATP6V1A,-0.6654417397061846
RNF7,-0.06063031276727332
FTH1,-0.004051921235556428
AMT,-0.32321567173325527
ABHD14A,-0.5971096300603526
EAF2,-0.4608920460269333
DGKQ,-0.32596800644783375
CENPC,0.15250178320965446
ATP10D,0.09625216908834824
ENOPH1,0.22964923243570276
GC,-0.6151362242618373
KLHL8,0.15477213352841074
PYURF,0.07404032531608838
CISD2,0.059128209863290794
AP1AR,-0.4293647599927915
SPATA5,0.012572585731917203
CCNA2,-0.48556799680016727
SETD7,-0.5599288883812367
NAF1,0.6187873388752454
NDUFS6,0.34127583766890096
MARCHF6,0.44180318048635553
OTULINL,-0.506088141480322
RPL37,0.42061883364085495
SKP2,-0.12700667801309323
GZMA,-0.4480937079904359
PELO,-0.06971864380167558
IQGAP2,0.16233368708303614
RASA1,-0.18493999194070593
GTF2H2,0.18704937477357633
TNFAIP8,-0.33718671953204626
COMMD10,-0.35386721569923585
YIPF5,-0.2594529497619436
ARHGAP26,-0.6512400638392783
PCYOX1L,-0.19037070394138905
NHP2,0.6773400617034313
FARS2,0.611746151509421
CDKAL1,0.11297783849537338
ZMAT2,0.362605721690248
H2BC1,0.14091535786179232
MMUT,0.4601800209333781
ABT1,0.674960495840416
PPP1R18,-0.49957372735653016
FGD2,-1.0859305746532548
NFKBIE,-0.5987738066831916
PHIP,-0.0525337827361539
PM20D2,0.5816227875355564
SHPRH,0.371641410057992
AIG1,-0.12076051974847445
GNA12,0.05283054395952858
ESYT2,0.04948703169304314
GGCT,-0.05172426928880314
CDCA5,-0.32849662695827553
CCT6A,0.12484597186288365
PSPH,0.1468001876044506
SLC12A9,-0.8658682053382933
TRIM4,-0.5069339192249059
ZC3HAV1L,0.7259161269820992
NOM1,0.4160590961265993
NONO,0.4610490888146627
TBC1D8B,-0.31724128764247267
DOCK11,-0.422952335545801
MFHAS1,-0.7298502006708883
ATP6V1B2,-0.6415359093704386
BIN3,-0.019417814727581657
DOK2,-0.8590957210811891
DOCK5,-0.4050893195793611
STAR,0.16603427042279717
GINS4,-0.2421590313244735
ARMC1,0.20701102206372712
MRPS28,0.34485284669625815
LACTB2,-0.3493279692515055
TERF1,0.06406096352080633
EIF3H,-0.19424533850242376
NDUFB9,0.07111326248053464
TATDN1,0.2719049056533815
ARHGAP39,0.29351308792922987
UHRF2,0.6382657841967115
PLIN2,-0.350928878810648
SIGMAR1,-0.22056235951891434
FAM120A,-0.5229052959893629
ASB6,-0.03992583991237749
LCN2,-0.25062755655413277
PNPLA7,0.6145022280678782
DPH7,0.03460301401253924
NACC2,-0.6587614873362324
PROSER2,0.1463404035498253
USP6NL,0.08876060526872542
MINDY3,0.15712178312766217
NRBF2,-0.6442630347415039
GLUD1,0.2081209050197145
ADD3,-0.5861681275525071
HABP2,-0.3109064670461691
SORBS1,0.3459971186652096
FUOM,-0.1733815058462114
PPRC1,-0.10867792552417624
BCCIP,0.261544241327442
LIN7C,-0.30451347958103153
HSD17B12,0.05040334389839019
SERPING1,0.11398394042351305
SSRP1,0.5376516783574331
TMX2,0.22495586257531794
SLC43A1,0.3506560822502533
HIKESHI,-0.10583998183020726
ENDOD1,-0.31934778634645633
TENM4,0.24008710657552595
NPAT,0.37268585397088433
AASDHPPT,0.20526229632759316
PLCB4,0.08556713693625323
LAMTOR1,-0.04961614062755208
ST14,-0.6917793309482259
MTA2,0.49848470443828224
FADS3,-0.03944701325392236
FADS2,0.38010129960337785
EML3,-0.1946448774731134
INCENP,-0.4133040320272396
WDR74,0.5673094723432852
EI24,-0.04788001895973046
ESAM,-0.07195442498430583
CEP164,0.1640024379861977
COMMD7,-0.4393380196724467
MYL9,-0.24633600003462286
KIAA1755,-0.23346106375841436
PIGT,-0.15136660830868506
LSM14B,0.5423139629379136
CABLES2,-0.18167226877070902
AIP,-0.10851171847281993
LTO1,0.15491708498779266
NUDT22,0.07478100859240282
FERMT3,-0.4136231893392613
PLCB3,-0.3209496142172317
MRPL49,0.35389012466921915
CAPN1,-0.38414269434839377
TM7SF2,-0.2242753437913162
VPS51,-0.12554190741529414
PPP4C,-0.10881035280767638
HIRIP3,-0.10054340386935463
TAOK2,-0.24299395753263117
TMEM219,0.09334287752558534
SIRPB1,-0.14133174322549685
DUSP6,-0.6257445438705084
ARID5B,0.02415152262764826
UHRF1BP1L,-0.38742864333660204
KIAA1328,-0.040445949145613225
HNMT,-0.6526039282030158
PDCD4,0.32568796485086143
CCT5,0.1441041207237301
DLAT,0.5168487118895495
IL18,-0.007276471796305247
BCL11B,0.10528321498478282
SEC24D,-0.33696108912590667
DENR,0.1198144813760028
RILPL2,-0.459490717411471
NOCT,-0.33472152194160365
DCP1B,0.3478923589635382
NGLY1,0.35798832042633677
OXSM,0.4706501319549473
TMEM263,0.44677698607096744
ABTB3,0.2515439871137436
ANK3,-0.15304678598583737
PLBD2,-0.05558545055305033
SLC2A13,-0.033839665304787485
GXYLT1,-0.07323569893918591
DSC2,0.0691443563433667
MAT2B,-0.1136825676218284
FAM177A1,-0.7215571388880189
NDUFC2,0.0791523326041767
NARS2,0.45448520155667876
NUBPL,0.5246917431044404
FER,-0.02844412888609255
CDC123,-0.18983417101811934
SCLT1,-0.3356229697841765
SLC25A31,0.005058832826901483
EPS8,-0.38799403521901304
ACAD8,0.4107147140222986
VPS26B,-0.27944695991528873
QDPR,0.17981406012856538
QTRT2,0.2129368540119956
WDR35,0.2625848253395602
ASAP2,0.07834164154333328
CENPU,0.023637911820495655
ACSL1,-0.5365977271881923
SLC25A4,-0.06380813844022205
AMN1,-0.3179250729431308
NBAS,0.324897050390875
GUF1,0.6509049899891832
PABPC3,-0.17592122335798208
FBXO4,0.13599193715779787
PARP8,-0.3109236195471754
NVL,0.4336782772601695
FBXW7,-0.04990714977784745
TXNDC16,0.26616815029573715
FARSB,0.420073931963259
MZT2B,-0.12303837176122945
MGAT5,-0.07995446656966324
MED13L,0.26952712227956666
GEMIN6,0.487248843242897
OBI1,0.38947844637889045
ARL11,-0.4524803846846693
ARL14EP,0.6721245866582614
EPG5,-0.11529349285466653
HAUS1,-0.23626280256457266
SPC25,-0.3373782906150898
PDK1,0.30508611077329617
PDE3B,-0.16590691849503905
ATG10,0.11693002363633445
FAM151B,-0.34832596861362214
GUCY1A2,-0.26045054883243685
CWF19L2,0.5016433770368993
ANKRD44,-0.6809963889536355
MARS2,0.4878404822522876
ZNF304,0.4146633105785506
ZNF773,0.45084806316338305
ZNF551,0.33714007800935114
USP12,0.08563310146273174
CAMK4,0.1566996994169156
TRIM36,-0.057376738081852334
TMED7-TICAM2,-0.3500050619166548
ZFP36L2,0.0032463550619957417
PPM1B,-0.4998014292620792
IGSF10,0.08959314457453345
MBNL1,0.04428713155326714
UGT3A2,0.5121946971956131
NIPBL,0.4113553637898805
GPD1L,-0.24483875139206784
TIA1,0.6200514160461381
SLC30A6,0.11661792093243906
ITGA1,-0.17578212515068128
WASHC2A,-0.14690860018008828
HHEX,0.4853717795205372
GGPS1,0.04712531844791097
RAB3C,-0.03940930419293961
MED21,0.03943441806425792
CENPH,-0.012542619905064863
NUBP1,-0.6383534312614096
TXNDC11,-0.37527750937383386
RIOK2,0.34371813224903125
CETN3,0.4640815501438817
SMARCA5,0.14798867075674357
UXS1,0.4785986404062534
RANBP2,0.6750346432561078
TMEM87B,-0.5728182435255784
CD96,0.23959332150842563
ATG3,-0.9410866154232517
TRAPPC8,-0.741856263522315
LPCAT1,-0.5999368696491106
NMRAL1,-0.06463360036487624
UBALD1,0.0874804386809684
CMTM7,0.0705760387217002
UBP1,-0.23689263510669023
RMND5A,-0.02603859689148116
RPIA,0.14555488367140143
GTF2E1,0.4309198505627599
CFDP1,0.5864340183089725
HOXA10,0.11206556522085633
NARF,0.20030420275106378
CEBPG,-0.020934708784084006
DDAH1,0.09033336490915354
DGKE,-0.06211465677570527
MSI2,0.8400926390225434
GDPD1,0.5573223232315602
GRAP,0.37480384088349417
IMPACT,-0.03060958641812521
THY1,-0.14342191623543316
UBASH3B,-0.2294525263734074
OTULIN,-0.8327787310154705
NRGN,-0.7596265397811603
TOMM70,0.6103864234774661
CC2D1B,-0.802829660234206
UCHL1,-0.05315545324022351
TNIK,-0.07869086005559836
NEIL2,0.8761546990064564
ATP8B4,-0.24412555070471914
TRIM11,-0.38179884556116217
CCSAP,-0.026753959340708962
SH3RF1,0.0623163125241443
DHX32,-0.02276424768477065
OLA1,0.061432191318310736
C21orf91,0.06404230531533898
RABGEF1,-0.2352779687538269
MRPL39,0.698984771824296
ATP5PF,0.26572433764525355
APP,0.0412927292795632
SLFN13,-0.36537453529304253
XPC,0.09750128674142752
FGD5,0.021622886057478256
FLCN,-0.5080792451375254
OXNAD1,0.4063662700294093
ACAA2,0.0623308958136041
CXXC1,0.7832333978206146
SKA1,0.02696991388622109
RAB6B,-0.08568798399103743
ANKRD40,0.02336551543331307
CA2,-0.3974142730119817
CA3,-0.28584050442029674
ERCC3,0.38850104051912504
KLF10,-0.5441844411318457
PIP4P2,-0.44926788701931414
OTUD6B,0.10912559202728184
AGPAT5,0.6172545359397471
MAN2B2,0.3985608670211388
HSPA13,-0.5704985725931211
USP25,-0.4986986855962603
C16orf87,-0.2897975374870674
LONP2,-0.2978211631465215
NIFK,0.5855934165567442
GEMIN5,0.44980582446995415
CNOT8,-0.21038645755493915
AKR1B1,-0.0923648784366386
SETD9,-0.04233166895708931
NUP205,0.7225140315947122
RBM45,0.2691642196578224
PDIA4,-0.04791506273738865
KDM8,0.3961149572863186
CASP10,-0.22185327325449988
FZD7,-0.16755347062428091
DEPTOR,0.855825747128615
SLC26A2,0.06018812623564635
LSM11,0.04576706270333078
MED7,0.10358514087996747
RASA2,-0.36456553748717996
ATP1B3,-0.7500169655519745
VBP1,0.023899645337804913
VAMP7,-0.49152428742550763
GNAQ,0.0340876940513861
BATF,-0.09470552063062071
DCK,0.11118363557669589
CFAP418,0.023073215924217086
STOM,-0.11344131190088395
NAAA,-0.4854502789879445
WHAMM,-0.04003209525092431
CCT8,0.09576843067307708
NAA11,-0.3098712378834223
BACH1,-0.7610510850296166
SCAF4,0.6538171889679208
ATP5MJ,0.06638224906560385
UQCRB,0.33971928622388725
MTERF3,0.5951777303108073
RPL30,0.17663861180585874
TYSND1,-0.021791020033353047
CD109,0.10800469089620311
PRG3,-0.38089245628381524
UBE2L6,0.08095142388003809
ZDHHC5,-0.5028932897377265
ZFAND3,0.12214048485402261
KAT6B,0.3840628128247288
AIFM1,0.5062926240841432
BAG4,-0.09253269438480355
TBC1D31,0.12380452193839733
NTAQ1,-0.47666902086639124
ATAD2,-0.16261124309792427
NSMCE2,0.18858169832407237
ZNF689,-0.10444258399933362
SASS6,-0.1527938617930684
VPS8,-0.08020170036418615
BUB1B,-0.23827913254759256
PDE6D,0.013856522039297547
KNG1,-0.2558800534768121
FANCD2,-0.37265385265769263
NOMO1,-0.07187939606392234
EXOG,0.15428674071634696
NTAN1,-0.44324784277201373
ZFYVE9,0.09905554772885904
ODR4,-0.03280121822451833
PRKAG2,-0.09757534548891086
HMGCR,0.08034154204214301
GATAD1,0.12278902191770405
IPPK,-0.16204101373165333
THTPA,-0.09899702003918921
PDF,0.5367879239030126
PDPR,0.4088663144321686
FCSK,-0.11931076225228138
MDP1,-0.062375372428694696
DHRS1,-0.1795799714401738
KIT,0.5845622287214595
RNF111,-0.08230595992612615
CCNB2,-0.3468050977359799
MYO1E,-0.7679625900529905
APPL1,0.04412205095847585
ERG,0.5234634081635711
TMEM164,0.6372376967017807
ZNF618,-0.09792868917256307
TMEM268,-0.06494118849712575
COQ5,0.46579711457780293
BRAF,-0.026442543034934877
PSMG3,-0.019162036321131927
DTNB,-0.4223178288766719
FMNL2,-0.48349136219461436
C12orf43,0.22279131453327547
WIPI2,-0.052961949893334956
MRPL17,0.5202800981799751
ABHD3,-0.5388771824668809
LRRFIP1,-0.8851246696469247
ACTR1B,-0.06876169398346148
PLS3,0.13307209935831493
MITD1,-0.17646746771464822
BTN3A1,0.015908704458984457
EIF5B,0.2157730087014899
CNOT11,0.3481001868768839
ACSM3,0.35772814318738644
SPATA2,-0.5276052068390081
NCF1,-1.0421821896499064
PPP1R9A,0.05197069423370544
ZFAND2B,-0.23825379722447515
ELK4,-0.2502405860132075
SPATA2L,-0.39487483724751743
FCER1G,-1.1333450246614434
FHIP2B,-0.7265039013870515
CACHD1,-0.29665661903233065
TMEM141,-0.47814916465585644
MIS18A,-0.12414194697648302
CFAP298,0.658489423302767
KPNB1,-0.034307419280545245
SLC12A6,0.17379268789838634
SCRN2,0.07252431001592392
NCOA5,0.5150353221269559
ELMO2,-0.6908671379548228
OGFR,-0.8709809213257506
ATP5PO,0.20122249020247526
CLIC6,-0.14860053711442095
CBR1,-0.2552210560903635
CBR3,-0.7225378047901797
NPTN,-0.5351697911704468
MCAT,0.6150902598516037
PSMB4,0.008828598261679036
HK2,-0.049156940986910355
AMFR,-0.3668266072744443
UBR1,0.08924008991141363
MED8,0.3648519058949976
GSTT2B,-0.19608596603290496
CPNE2,-0.38140017401321474
NAE1,0.6371684449717203
ADGRG5,0.17831802662564528
CBFB,0.08362406047327314
ACE,-0.04674075677803771
CHCHD6,0.6416467194313837
CTBP1,0.03371853583564835
ATP6V0D1,-0.7650686238649544
ZNF235,-0.013016838891218217
PRKD2,0.01960175233419713
SSU72,0.21604673450742376
TRIM62,0.9105523778543617
AP1M1,-0.5001950561165681
NR2F6,0.14521511688244867
MIX23,0.6298170173337059
ABCG1,0.1142285248626842
UBASH3A,0.22015102044054477
PKNOX1,0.5258414748308013
U2AF1,0.1970620992440334
PDXK,-0.5477511413629317
CSTB,-0.40333180665076657
AGPAT3,-0.3453529916298572
TRAPPC10,-0.532319055736742
PWP2,0.8297259026436672
GATD3,0.4959085799343836
SLX9,0.5596798031346953
MCM3AP,0.4723308516747338
S100B,0.08838896589887221
SIGLEC12,-0.0019387229601063537
FCN2,-0.8214669256801684
SHKBP1,-0.6642534363680449
ZER1,0.24741093836820732
PKN3,0.6168619346419241
MED27,0.2369159581015977
TMEM199,-0.4425547040839388
SAFB,0.6168251998394226
ETHE1,0.09588735502057293
S100A1,-0.038684140621285584
FLAD1,0.36585776968176886
UBE2Q1,-0.13936534288625088
ANO10,-0.12230518282726717
CCR5,0.19371985908250888
CCDC12,0.19962968675171325
PPP1R35,0.30254200575789547
PEAR1,-0.19253733240078505
RNF126,-0.09450671844394642
AZGP1,-0.30070777748856137
NACC1,0.34799163922291654
HK3,-0.9478926601741495
ZSCAN21,0.10986842570340603
CPSF4,0.24852229459019898
LY6E,-0.01570738067647685
VPS28,-0.0834878192390853
LRRC14,-0.28281134995117096
ZNF333,0.14750572883810767
ALKBH4,0.24070511577721493
MRNIP,0.5281804601945579
LTC4S,-0.05202696839671305
MAML1,-0.011296651056653253
POLR2J,0.21077895231296206
LRWD1,0.488645884207171
PSMC2,-0.2687309669325882
YDJC,0.14045038705520432
DCUN1D1,-0.018965043763866714
AP2M1,-0.4914887477937413
ZNF585A,-0.01029418323552952
FDXR,-0.011802744736941692
ACOX1,-0.2712649696518588
TMEM143,0.1372699240215842
STAT5B,0.03901195741829074
ALDH16A1,-0.5290550461266583
PSME3,0.024640760353791043
DCD,-0.26481557060781225
NCKAP1L,-0.23621310397775142
ITGA5,-0.12329035305360722
LSM12,0.1958629973976988
ZNF613,0.279859168339319
KRT83,0.41206751945447756
PDE4A,-0.10606683337324979
ZNF563,0.34449384507011677
LEMD2,-0.22528506308379934
MED11,-0.0782663362283037
EIF4A1,-0.12085524393275218
POLR3K,0.3428097298580221
SNRNP25,0.09335658980839237
LUC7L,0.473224657306285
WDR24,0.514209081239778
AMDHD2,-0.08138732550776684
SLX4,-0.26188408597126583
ADCY9,-0.1082506076975475
NEU3,0.015653219715457224
MAP4K2,-0.4011622682440433
NCKIPSD,-0.37690835670928263
TAF6L,0.28928440107599795
NXF1,0.42676820185258807
STX5,-0.2611077084312341
SPINDOC,0.1932015727700675
ZFPL1,-0.15508559682632714
TPCN2,-0.31673392325233596
TAL1,0.09573291214515615
ZYG11B,-0.2749794203240787
CZIB,0.07837648478658628
USP24,-0.1541740474065184
DNAJC11,0.5404557458404239
GMEB1,0.33543634725060356
RHCE,-0.030442103890585225
RBP7,-0.19213323931611753
LAPTM5,-0.0035991842187251153
TMCO4,0.047981967383122624
MEGF6,0.4851421772668714
DOCK6,0.019888043070547777
GBP7,-0.2466207907199006
GFI1,0.28949797843303443
VCAM1,-0.2808005850858069
NCSTN,0.0313671913664779
RBMS1,-0.44966460127818697
PPP1R21,-0.36435282338462655
HAAO,0.2687290259408315
CAPN2,-0.8003925638335887
REL,-0.23037449223611386
PEX13,-0.3189056563964894
SPRTN,0.44327477608022925
SLC66A3,0.0031463813389019063
ARL5A,-0.01107130442359274
ARHGAP15,0.2714277293912295
CFAP36,0.6427592658222028
DNAAF10,0.38204629302786397
CCDC138,0.07677285378432501
ACTG2,-0.1976437858823697
WDCP,0.33889622241235556
HPGDS,0.41875066286308044
CHAC2,0.12271492319309524
RNF149,-0.2524279683354743
IWS1,0.4641213061409691
CDC42EP3,-0.31132192143460813
MERTK,-0.0034431527196545964
CCNYL1,-0.13932664981384696
GNPDA2,0.25725547492337686
HNRNPDL,0.584080717351289
HELQ,0.31064441355778827
MRPS18C,0.05930227701774814
COL6A3,-0.4880101340841985
POGLUT1,0.48875380515835587
ATP1A1,-0.6197217304071572
LRRC58,-0.726729096474025
FSTL1,0.08952368465288237
RNPEP,-0.5372561394680787
IGFBP7,-0.3959138433857879
KRTCAP2,-0.030736655938497708
CCT3,0.0790536319790654
SSR2,0.1665032015536365
RNF25,-0.12946483957930055
CIP2A,-0.43748183396178686
TGFBR2,0.0045472479601160265
TRAT1,0.27534272286232375
GLB1L,0.5625715411585694
STT3B,0.06847671220214337
PRKCI,0.13515046576393944
RETSAT,-0.5041982118619872
IFI16,0.14335314276814867
EIF5A2,-0.217636978976736
SPICE1,0.5699287537657381
WDFY3,-0.3969715211298723
COX18,0.006330090940419509
ALB,-0.24728859060162617
THOC7,0.7218950409538655
PSMD6,-0.32790786205837225
PPM1K,0.3868357790179152
CCNL1,0.33397128929269365
PTX3,-0.4060088274310672
SLMAP,-0.4143385683745051
FLNB,-0.3433526244635964
RPP14,0.48463481112897017
RBM47,-0.6368368921884183
CAND2,-0.7482216511726326
TTC14,0.048405281417576516
PPBP,-0.3927323625147163
CPA3,0.08045405068028984
GYG1,-0.9221942245295922
HPS3,-0.35212844399195714
SNRK,-0.37049942383172174
MRPL33,0.1914532452963905
KIAA1143,0.6322195303189431
ZDHHC3,-0.3421272776658418
CDCP1,0.3698115954596269
CLEC3B,-0.2918348427823349
LZTFL1,0.6389254237263327
FYCO1,-0.20363324674675384
CCR1,-1.0506597631083994
ELP6,-0.0061418008022467736
DTX3L,-0.7472974876094397
ITGB5,-0.18037046309520777
MEAF6,0.3622712370248102
SNIP1,0.13543195363226473
OSBPL11,-1.2887112124204785
RPN1,0.0006339952031057263
SENP2,0.21176942359048856
IFT122,0.4893719678826796
RFC4,0.24323167336929075
RFT1,-0.08810536413596069
PBRM1,0.709591651866399
ARHGEF3,-0.04493236087686012
UBXN7,0.6433590724953353
RUBCN,-0.4446552945354786
MELTF,-0.1175138310240315
S100P,-0.3677065281163042
P3H1,0.018969377383279584
METAP1,0.17995789535636972
ADH5,0.6137488658973954
BDH2,0.5278783574794459
PGRMC2,0.12600423270913497
CAMP,-0.08185578826712024
PLXNB1,0.340785714404475
APEH,-0.155076440384455
HSPA4L,0.35795459887104963
MON1A,-0.10577916231569218
POC1A,-0.2401959454269473
WDR82,0.23267556190458497
HMGB2,-0.3273077271288362
SAP30,0.07972593941764844
MAD2L1,0.23390304282902893
ANXA5,-0.8306821615454164
HPGD,0.036170177679658085
NAA15,0.28944806186027405
ARFIP1,-0.4745317109722587
ICE1,0.21023056462399928
ABCE1,0.4151634015165937
LSM6,0.8989340697681624
TMEM184C,0.33947804632079415
ITGA2,-0.2892990248359872
TMEM161B,-0.2133043725953601
NDUFAF2,0.6383671202790037
LMBRD2,-0.7956217108528267
CMBL,0.6449174061305415
PRRC1,0.07142996383893117
RPS23,-0.12347304615063537
WDR41,-0.5891284183756061
NDUFS4,0.2754688868004374
ERAP1,-0.1326454994264349
MAP1B,0.33499988448694484
RICTOR,0.2034819791238353
UBLCP1,0.08344435881475068
UTP15,0.9170975326174544
TLR3,0.33092744097966326
GFM2,0.5262329746885793
CCDC127,0.45564602948113475
ACSL6,-0.12828142346047888
NPM1,0.8998201357600457
FBXW11,-0.3377311503746119
CREBRF,-0.10158296419776003
CYTH3,0.34634433150622856
DAGLB,-0.561887630608021
TRA2A,0.16066459155100796
GALNT10,-0.2228228053599865
SAP30L,0.16517960672830145
COG5,0.0701955822240532
BMT2,0.33685333192325484
SLU7,0.2742430815059499
CAMLG,0.44587937016793255
RP9,0.632429414747522
HSPA9,0.3353748448498588
FABP5,-0.05116732887353399
COL1A2,-0.2432166458873112
BRI3,-0.3811324809105993
LMTK2,-0.3817682329281773
RAD21,0.25060952637224626
MED30,0.23710092608913905
SPIDR,0.09925605320653663
ORC5,0.6514883848414794
DEFA4,-0.3276133984497307
DEFB1,-0.18314802100947608
DNAAF5,0.6690758494501006
ABCB8,-0.05690582412989525
MICALL2,-0.09591904865366858
TMUB1,-0.022517337842555926
FMC1,0.20299222900802394
PHAX,0.4922880202351571
BAALC,0.808076362140997
SLC25A32,-0.10136728502528838
DCAF13,0.8638567813182745
VIRMA,0.5919833610887462
PDP1,0.0728174841787302
FAM219A,0.12437389192400905
TMEM65,0.09529034683424344
NFIL3,-0.19020403942869368
ALDH1A1,0.15116170567484008
KIF27,0.16434589014268336
COL14A1,0.3311751511181079
GAPVD1,-0.20461004980717454
WNK2,-0.17597258068315888
NOL6,0.892841094176048
MELK,-0.4132876323126178
PABIR2,0.7064920266661638
FBXO33,0.03391314394324617
WDFY2,-0.7003092757028742
WRN,0.7204323953126839
CFL2,-0.23530457720260214
PGM2L1,0.604924625350566
FOLR2,-0.533520329698881
INPPL1,-0.5317147857397247
CRYL1,-0.04493945334035451
PCF11,-0.025543944983957883
LRR1,-0.38479100541945155
DNAAF2,0.34670961778640497
ZNF22,0.2941547811958499
KLHDC2,0.1124650047610319
NEMF,-0.1549418316646915
ARF6,-0.5080924221411034
RPUSD4,0.40231632849611315
ABRAXAS2,0.0017412313613106968
PRDX3,0.12726077719346768
CLEC1B,-0.05868350438232372
SNAPC4,0.5791838267530159
ENTR1,0.013698949150622159
TSC1,-0.2868953534912402
HPRT1,-0.03926249310968639
KIAA1191,0.18667617551608173
STK32C,-0.4343951909091675
ARHGEF40,-0.3529691732070637
METTL3,1.0022082682726374
TRUB1,0.7276013315005172
WAPL,0.1915860686138942
TTLL5,-0.05952744640158917
PACSIN3,0.1091815716050308
CPSF2,0.1990225009639881
LRRK2,-1.0517490518845842
CLMN,-0.2995675249731779
ELP4,0.024407695630020976
PTER,0.15172283961984592
R3HCC1L,-0.40061833573949984
TCP11L2,0.0366188563378764
C14orf93,0.09230574819899369
JAM3,0.13173408471408393
VPS35,-0.595095733160226
IKBIP,-0.6322381505457058
HIF1AN,0.2828604457762802
ADAMTS15,-0.1964077982182273
NDUFB8,0.06867697607242146
PHKB,-0.6940618736791707
HEATR3,-0.3133526119265194
CKB,0.14203929038744068
BAG5,0.15657219738317932
ZNF319,-0.03131189427329092
HPS6,-0.18268103252061962
PLEKHA5,0.5886029580499604
PCBD1,-0.12729448585553135
CCT2,0.17238567251972098
GNPTAB,0.0033805471931393706
COX11,0.45143577044355826
CLDN10,-0.08050182015876957
C2,-0.2963789264387734
ANAPC16,-0.16320214915100675
APBB1,-0.26200260156000543
TRIM44,-0.05239193145621356
ILK,-0.5774927597244877
TAF10,0.11754626390465989
TPP1,-0.5187333657290514
PPFIBP2,-0.5866710064111753
CYB5R2,-0.5237901601204237
SERPINB2,-0.9084586947524987
IDH3A,0.05748602602751129
CRABP1,0.23150135551667858
RNF169,0.3067588338924877
ATMIN,0.24086597560621428
AKIP1,0.25491250858114517
LEO1,0.27253306752536033
TMX3,0.15483479021190122
ALG8,0.004747050159063905
HDGFL3,0.5930453846889473
POLR2M,0.6959964291862311
CLEC4E,-0.4714368304730004
CLEC4D,-0.4438760412934077
ZNF3,0.5898087292064506
ZNF407,0.13149739351814804
A2ML1,-0.29388578453903935
TMED3,0.0348064947349748
CENPV,0.39677982944383355
HSP90B1,-0.5410375176134442
NCAPH2,-0.31308637002377027
POLR3E,0.9405278083688621
COG1,-0.08682935031589753
GOLM2,-0.073347698322749
NNMT,0.1333709221878442
SLFN5,-0.631833819691622
AP1G1,-0.734116892949618
PPIB,-0.30185694222492493
CIAO2A,-0.003779532552322695
PCLAF,-0.39069468781226124
MYH11,-0.07949705500538674
LDHD,-0.17753467552480823
PEX11A,0.45255369226906805
ANPEP,-0.27453382611485255
RBPMS2,-0.09094179076102468
TERF2IP,0.8227731786921906
DCTN5,-0.23261053668581544
PLK1,-0.41779931052175434
CLPX,0.5410680822434868
NEMP1,-0.2685968734288511
NAB2,0.5414564437919004
STAT6,-0.26905372006547107
DPP8,-0.38291425075734237
ATP23,0.1456052867479417
PATL1,-0.42210195856758204
MRPL16,0.2209220924242993
YWHAB,-0.2561225469468982
AGFG2,0.10293365586494217
TSC22D4,-0.12663371180585545
CCNDBP1,0.08034223160101467
MAP1A,0.8282739759867074
AKTIP,-0.19679013910226323
MAPRE2,0.4866776100217511
SON,0.49627450351621466
PDIA3,-0.554767110674686
NUDT21,0.6261802212572216
HERPUD1,0.28842020741931884
TPX2,-0.37835800912558815
PHB1,0.47567232081259364
SNRPD1,0.21256893373146912
LRSAM1,-0.3151264999255004
COQ4,0.03208377846949569
SLC27A4,-0.4859000050565924
COL6A2,0.0005721907901409199
CRK,-0.2788391504428993
TBC1D2B,0.0014897919977480494
NOD2,-0.3684462065747687
HDHD2,0.31003732644992227
GCN1,0.14816335964422978
RNF214,0.48590802662787835
MED1,0.4482734830786004
NFATC3,-0.24693524250106277
ATP5MG,0.15546142236271063
CD3D,-0.03539205698028512
STIM1,-0.30143815615344904
RRM1,0.09148554710731469
TRIM68,0.1555276944610649
FN3K,-0.17608311140330127
ZNF428,0.2515078620649291
PRR14,-0.12243433933373965
ZNF668,0.25748400124168225
ERCC1,0.09298579191090603
ZNF267,-0.3815587850628435
USP32,-0.687510984419381
CA4,-0.14869141382043244
SMG8,-0.28922443229188666
RAB8A,0.26320424899120937
KLHL26,-0.3494032179116467
MVD,-0.29219029860702445
PIEZO1,-0.16859340782336935
CDT1,-0.1035772387621313
TRAPPC2L,-0.25927096102459046
ANKRD11,0.19124208022692304
SPATA33,0.8876138163999975
KMT2D,0.3681918225237146
TUBA1A,-0.06395980833562707
TUBA1C,-0.13154220271009054
ZNF524,-0.13937348540491742
GPD1,-0.40467927943041715
LIN37,0.00440922623321278
DIP2B,0.2283029738070231
LAIR1,-0.5481920585312192
ZNF526,0.16947295705473195
PPP1R14A,-0.42931825890631986
SPINT2,-0.11459628957691807
C19orf33,0.004184689979109383
TMIGD2,0.7853981141781347
CHAF1A,-0.18715542324012668
UBXN6,0.11007748003656873
GLOD4,0.35389003805877806
SLC43A2,-0.008116279260150652
RILP,-0.1144571417789604
TSR1,0.6373530929612995
ATP2A3,0.21847861715340464
NDUFA7,0.34868754612821057
CD320,0.12444234411503328
SPRYD3,-0.042678215004033605
PRDX2,0.08825922985194733
CD300LF,-0.7384090814737216
MRPL58,0.5146673561279272
ATP5PD,0.19958169088340855
EVPL,0.1389137432721292
BIRC5,-0.33186613755949257
TK1,-0.3511154174999446
E4F1,0.20235190099462802
ECI1,0.20034380881126446
ABCA3,0.39595687132919005
KCTD5,-0.7500649674050948
SRRM2,0.31993876175032426
ZNF597,0.030660218108070077
SDHAF2,0.3534678494710553
DDB1,0.2739243839360704
VPS37C,-0.8178563620206413
HNRNPUL2,0.41059989928780044
POLR2G,0.19315059158286413
FADD,-0.4149448874667745
CTTN,-0.20844716410455966
LTBP3,0.19225245983119593
PBK,-0.07209166947892995
MMADHC,0.43705277707554113
TRIM35,-0.10575425076663036
USP42,0.27265296539125583
SYVN1,-0.11772083788997142
MFF,0.12186099773225248
RNASE6,-0.6918833689052765
SLFN12,-0.24338754026005405
C3AR1,-0.08910216521013183
PANK1,-0.13457662332387693
MGMT,-0.02416574880492199
PRELID1,0.07918373617842832
TMEM154,-0.015290292657567898
LSM3,0.0390954198760601
MBOAT2,-0.03600251183687814
ATP6V1G2,-0.07623641575917929
KYAT1,0.4314443847765079
ALKBH3,0.06747560608786604
USP8,-0.34742503680927644
C1QTNF4,0.12547465291682924
EMB,-0.8154526874978192
ARHGAP6,-0.3180058912581762
RNASE3,-0.4671927992813106
ATRIP,0.17017195518704792
NANP,-0.04144178418128637
ZNF17,0.348671553067033
KLF13,-0.2660380458060393
POLR1D,0.7743472367452419
MAP2K1,-1.0270597520311833
ZEB2,-0.46570473072908697
BUB1,-0.001006042209985388
MDM1,0.2803029650996191
CXXC5,0.7702459759853126
HSPBAP1,-0.07408296050857638
BCL2L1,0.2864488341915531
MACROH2A1,0.10163590910775806
LRATD2,0.03479720620157246
KBTBD2,-0.11419950866925427
LRG1,-0.5405985446421278
ABHD15,-0.36635000360433834
PRDM10,0.27068459185778226
FPR1,-0.7356465229740863
GUSB,-0.0034251270489925652
PAIP1,0.15153964702553427
ZNF296,0.14327915131178093
TRAPPC1,-0.6386613699904353
XPO6,-0.4430702833901612
TRMT61B,0.5414358145776406
CLEC12A,-0.4009675853972536
MAEA,0.12587253162095507
GIMAP1,-0.9104397522765887
PTGER4,0.06537764593221951
GPS1,0.0355563948518674
PA2G4,0.35936658486474726
ARAP2,-0.276526110265578
RPS9,-0.158676056742538
IL16,-0.5315945416772773
RRM2,-0.48700527009769423
HSPA4,0.12111586735578728
HDAC3,0.11067805616467896
ZRSR2,-0.016122009005018714
AFAP1L2,0.07740002178889376
KARS1,0.11952811279887753
PPIC,0.38505994890692163
CEP120,-0.13208804796787266
POLR3D,0.6548192438945212
ARHGAP17,-0.4957191322144943
TMED10,-0.0812711967541198
MAT2A,0.17854254361023447
RGL1,-0.44626365770109155
MTCH2,-0.008578596368092651
ITGB2,-0.9486745629525151
RNASE2,-0.5008752655455087
JUNB,-0.6544072286557827
ITGB1,-0.22094156738106305
DCXR,-0.028832047121179382
LMAN2,-0.2895535872520081
MTBP,-0.12993206641361232
FNTA,-0.32293256469133336
PDS5A,0.8405865279449166
USP38,0.19752708682066514
TSNARE1,-0.12201597414325073
ZCCHC4,0.26359421703674557
REEP4,-0.25333400499302733
BCR,0.713105625866267
FRMD3,-0.5210142968122881
PEX6,-0.12472195789217809
DUS1L,0.042065899510528575
CBR4,0.4024024707915918
CYTL1,0.03347626093434559
ANKMY2,0.5420079041480634
NUDT9,0.2209693591598596
N6AMT1,0.22887391189759382
RGPD3,-0.7239976830356977
ZNF57,0.05642668352875577
UBE2E1,0.433002747399988
PPID,0.007046522047188985
LUZP1,0.6298306575847099
HTRA3,0.22701212656174916
INSR,-0.4201853542751478
TWF2,-0.3603610239854135
ZNF561,0.07175318271784911
MZB1,0.41585885791364346
KIAA0232,0.08411417210845747
GP9,-0.45937451505599586
CTRB2,-0.9431514675882616
TMEM223,0.0073501002934715275
UBXN1,-0.09180491364056537
TMEM43,0.29956440136694995
GTPBP2,-0.18245078379367444
RNF139,0.08881453752473518
DDX54,0.5626696924546138
COPS6,0.10793043032308096
MALT1,-0.7011057112793255
GTSF1,-0.1085087373198687
PCNX1,0.06587387396931073
HINT1,0.460905017535505
CD14,-0.7664073276206808
ZNF33A,0.49884541509205343
RAC3,-0.035876354620638165
ANKRD27,0.6906664386754404
PRPF8,0.48404741208703805
POP7,-0.04059414219849836
CCDC126,-0.03155085441187438
SMYD4,-0.07852286296736358
C1GALT1C1,-0.33982243793922884
CDC40,0.40778717624273086
RAB24,-1.0515852712976368
HNRNPR,0.9441678443313304
C2orf68,0.014204614897346377
THOP1,0.2836655411828168
ATP9B,-0.38001685398074747
MADD,-0.15649367459160213
COMMD5,-0.3633928216096057
MPLKIP,0.11432900561896574
ANKS3,0.19100176910195266
FASN,-0.3563276416775748
ZNHIT1,0.10963914874361248
CTNNA1,-0.20087116763943522
RNFT1,-0.5688625090903172
THAP11,0.029590311658165863
UBB,0.12792832573676902
MSANTD4,0.11630638286458295
ZNF467,-0.3965384342399545
DTYMK,0.026663431159955998
NUDCD2,0.15887109743498964
ORMDL3,0.28425687683165696
IRS1,-0.48875807946269606
CD2BP2,0.27426948206357676
LRRC28,0.1693005191760083
SOSTDC1,1.106276153148006
TCTN2,1.2401206695139886
MN1,0.1164941196384255
ZFX,-0.11276105373749441
PXK,-0.2799493980562532
TMEM192,0.27940269018797603
RFXANK,0.4746243673935795
GIMAP8,-1.1797340961504716
MCRIP2,0.04789847672292057
PWWP2A,0.12765879834780405
TRIM56,-0.09435602831017122
HS1BP3,-0.5210379350868389
CKAP2L,-0.17727773619714715
SRP9,0.5567022923916531
STX8,-0.5949766166468784
GNB2,-0.4582749650822847
ADRB2,-0.6615074137917153
CEBPB,-0.8799626342700533
TUB,0.11474003925900902
COG7,0.007115999862553063
CNNM3,-0.024921036470943514
COG8,0.08049931248710447
FEN1,0.08233563502096088
ZNF692,-0.07096965657453298
SPATA5L1,0.046465173644324204
ASCC2,-0.32024024811944857
NUP62,0.48480901788397734
PCBP1,0.053568148366128145
B3GNT2,-0.11626986581302735
CENPN,-0.10949850813340604
NXNL1,-0.3732687359967046
HOMER2,0.2085850727705458
VAMP5,-0.18115787318771423
LETM1,0.34040061767037594
TVP23B,-0.6458613878945741
CAVIN2,-0.18873591475495555
GAA,-0.5825797805786198
RBFA,0.5858587941342849
HOOK3,-0.4956764793768926
BMP1,-0.5770258518285327
IBTK,-0.07091691622457034
CHST11,0.05394004700590815
SMAD1,0.5307880163412755
SF3B3,0.4422487386519995
STX18,0.3067199100082421
UBE2J2,-0.20401635581612257
PALM2AKAP2,-0.02283419546628615
KMT5B,0.1883988329245495
BRD3,0.5672486737496194
FGGY,-0.08359797087807677
STIP1,-0.18383362096548572
SIK2,-0.0326018384573458
ALCAM,0.08937512481837662
PGK2,0.009271286456688064
ATP5ME,0.128429166792198
ARF4,-0.170665302742824
SYNPO2,-0.37915604344985704
REPS2,-0.4314252146604982
SPNS1,0.11027394188865568
NUDT6,0.26076147381223086
MRM3,0.5276859428712243
FGB,-0.4740611261327575
PAM,0.28518473522408533
CEP89,0.1228348376598798
DDX19A,-0.02678315484689292
RPAP1,0.15417256933442958
PRKCE,-0.20699650029555425
MMGT1,-0.06576471482569309
ARL13B,-0.35140276957100425
LGALS9,0.18175570856302936
FOS,-0.4358008503501746
GON7,0.17913555636113487
PWWP2B,0.17620247840983394
YWHAG,-0.04602631422922024
RFX2,0.43230106095082227
TMEM135,-0.3164182647763612
UQCRFS1,0.12832074630294618
CHCHD7,-0.24998443290293737
SHCBP1,-0.5206063014484089
RAB33B,-0.7794426183079075
MRPL13,0.5816182399347849
ISG20,-0.16250601852181806
CERS6,0.34702437367078265
ADH1B,-0.4071367796440456
PPIH,0.10321391557780588
ASPSCR1,-0.268769755703872
ELOVL5,-0.2599767219012966
NUDT16L1,0.3267423651294784
PPM1D,-0.3541822106219678
ZNF584,0.14405974443436775
SIGLEC7,-0.9236537936455819
TNRC6B,0.15695944930721742
LRRC45,0.027099102967835
FSHR,-0.54328706521912
PTPRC,-0.8535420719147863
RBKS,-0.30654551880693476
AVEN,0.5010288285772807
SEMA4C,0.06850919940609508
GABARAP,-0.6882884304089717
SEC23A,-0.1845953933096234
TMEM126A,0.2591191868997534
RNF181,-0.3622512059243265
PCDHGC4,0.718546549601875
NFU1,0.18960408562049427
YEATS2,0.726237835272814
ESCO2,-0.40373970289145217
APLF,0.4095462040587559
C15orf40,0.32385752847984817
KIF5B,-0.7408837023447071
CDKN2A,0.1676992379482707
LAMB2,0.06728155751426954
RAMAC,0.6203016108080589
ING2,0.2799835821138585
ASL,-0.4945553654552951
AHSP,-0.011466148780865795
BPTF,0.29655659216435715
LCMT2,-0.6234444962776615
EIF2AK3,-0.34794242472068587
PDHB,0.2596715683499411
TBL2,-0.18853027552893073
IRF2BP1,0.750346404171775
RPTOR,0.13859221161320656
SCAMP3,-0.14945657924766173
MYL1,0.8526885389271881
MCM7,0.39176237581180506
CAVIN3,-1.1889937014543628
CHST14,0.48329930668675963
FEM1B,-0.0904106667281646
PDCD6IP,-0.18135641256818807
MLLT10,0.45388581240903525
MGAT2,-0.14606923768245533
SUCLG2,-0.2372362420957886
LTB4R,-0.882229134558829
WDR48,0.5590658185355951
MRC2,0.06554855429108318
NMD3,0.5841822197475205
QARS1,-0.3192682217275073
ZBTB5,0.302076725004078
VPS50,-0.3834637358718161
TADA3,-0.019413263257866437
H1-4,-0.19502781135006622
MT1E,-0.26369055246379475
CYBC1,-0.7135068948343678
CYCS,0.00047165410265368287
FBXO22,0.22099421229496724
EGFL7,0.026026345162380084
DRAP1,0.14137546919729607
MUS81,0.014286671882822852
PCMTD2,0.1509582666494156
U2AF2,0.4005646644295035
RPL13,0.10929683368712688
GCC2,0.01358927282408222
EEF2,0.011039410916977424
FAM174A,-0.5226729374787762
METTL18,0.12210497087987901
TUT1,0.35760814488212556
TADA2B,-0.06792970549870771
CYP2S1,0.043900731695140874
RUNX3,-0.026960789649683476
HPSE,-0.5347616156058601
BTK,-0.2904148522119153
WDR3,0.6923913443936103
RNASEH2C,0.2066636244541339
MMP14,0.14306861461315554
HMGA1,0.10450093249172325
COMMD1,-0.3046646301067101
PTDSS2,0.02144147201739909
MRPL38,0.3312190976870061
UTP23,0.7282359667765788
MLKL,-0.5341859122605703
LEMD3,0.222319834595996
LSP1,-0.6035947571084069
CELF1,0.11464817249627643
RPS6KB2,-0.13808238759252614
CYB5B,-0.20726162246454224
SNAPC5,0.12044961987631717
CDC20,-0.005461512141203119
KRT17,0.15722481208607167
LRCH1,0.25662303738564163
KRAS,-0.48338786291143315
MED16,0.18655777003737736
DBN1,0.6543069673102734
F2,-0.43484926589975703
MEPCE,0.8217556991204835
ZNHIT2,0.05559697656731218
ZNF431,0.5180492226743404
CENPS,-0.2027562676207982
GLE1,0.7671228250958638
MRPL48,0.5658975491699423
MATK,0.4803896950811688
CBX2,0.9205904100734269
TMOD3,-0.5630580567087379
ZBTB21,0.17470687419677708
SULT1B1,-0.48950877617357036
BMX,0.09615634128345599
MRPS12,0.32183061850714717
SLC19A1,-0.009612999450254492
MRPL11,0.5820539973725796
PLG,-0.6416990080563716
HLTF,0.3980783467349905
VCPIP1,-0.5411732807013153
GMPPB,-0.4713022004306818
BAD,0.24001743111894597
PTPN7,0.006771311599005494
RBFOX1,0.030264629091284516
OLR1,0.04161889465874683
PDE12,0.020535358560824904
RBM4,1.020448544639187
CCNE2,-0.37145959824356717
SH3RF3,-0.079072292868711
UBE3C,-0.44542433069374104
RFESD,-0.09100721030280608
USP48,0.08621326907568558
FNIP1,-0.28505343817804213
RPL15,0.16114035296179677
ZDHHC24,-0.14796805352681855
PIGS,-0.02879107192851557
RETREG3,-0.3094731379184368
HOXB9,0.10410224888672688
VPS41,-0.4225216899851028
LIPT2,-0.05745445892446886
PSMD1,-0.12665162149952455
ACO1,0.4183689955447972
GCSAM,0.28159629819388093
NWD2,0.3442293309209138
LIME1,-0.02119860544000848
DAPL1,-0.6591123110133748
PDP2,0.15926329166513947
HCFC1,0.11366656065228382
MICOS13,0.12329562640388848
UQCRH,-0.0736285115279152
PRKACA,-0.9290036295049873
TWNK,0.8556647846957559
MAP3K11,-0.4064353168639183
ZNF408,0.3854859303667327
METTL2A,-0.41933253964167916
CFL1,-0.4435160830470225
XXYLT1,-0.008741962533011146
BOD1,0.48621040495470924
LRCH4,-1.0549134293045737
DMXL1,-0.22795025646703584
SH3PXD2B,0.05895813451641227
SLCO4C1,-0.44913635205818797
APOBEC3F,0.11264958044398937
NLRP6,0.026543130755373553
MIS18BP1,-0.2805177450742776
FOXP4,0.1724382944296149
RPL38,0.07957835003803085
SNUPN,-0.389366568340853
HRAS,0.11266510896105392
RACGAP1,-0.37990769449504647
GOLIM4,0.4121589475558806
ADAM17,-0.23819046054428003
SWSAP1,0.046217549901456476
CD34,0.39577296714897264
ZNF622,0.4633838271138924
PTMS,-0.1278639432572587
PPP1R14B,0.522991217561169
PSMD2,-0.1286347284430438
FAM241A,-0.09367735162206273
SLC5A6,-0.1291864730736067
HSPA6,0.08080454909645811
RAB1B,-0.8111240786926803
INTS6,0.3229205804290261
BANF1,0.38480721136247475
SP3,0.08584796892043658
FBXO45,-0.005184713617198812
RESF1,-0.023244339144299315
RMI2,0.13880512706133036
MLC1,-0.041029133858795745
RIN1,-0.12655871821467618
CHMP2A,-0.5583274481095615
SART1,0.36421109045826433
RBM4B,0.6554665285887661
ZNF624,0.20562954575876247
ARHGAP1,-0.5974119511623478
ERCC4,0.12107002733427066
ADCK5,-0.057425580507536635
LCLAT1,0.002359660594969317
ARHGAP32,0.008325209505369776
PSMC5,-0.01207483575422361
LSM1,0.003617791344675345
SNX32,0.27169180901057277
ISCU,0.2766066101596673
NDST2,0.060404706991820344
NUP93,0.47441257031510253
CCAR2,0.686159225980556
CYP7B1,0.12821343188223142
DDX23,0.5931070682622024
MRPL57,0.41627067333040935
HPCAL1,-0.19544357946291654
MRPS22,0.16950002378719728
SFT2D3,0.06731002144778357
CLTB,-0.9178197531238639
CTSF,0.5602054724080726
FBXO31,-0.140484976513404
FANCI,-0.30539118806017584
KRT2,0.10126248884378161
CSRP2,0.06848132490356938
FKBP2,-0.4419242947933075
POLR1G,0.6959898433161776
PHYKPL,-0.0043780997072762
NAGPA,-0.43354542382567157
OXR1,-0.352006652143034
CASP3,1.1696125602265266
CD200R1,-0.3581644201755101
CKS1B,-0.002596387779935477
RABL6,-0.5782449045057174
DHX37,0.5344073971681269
AQP1,0.05555290973595841
TRIM59,0.17833257594612034
ACOT1,0.033474994324120134
ELF4,-0.2507268291431814
CTSW,0.5383510655521467
ATG4D,0.2349562038862372
ZNF417,0.3760708688449009
RAD9A,0.19737849265469076
POLD4,-0.2589053920781521
VPS26C,-0.10634961080181722
DENND6A,-0.29657869567381573
SNX33,-0.0209002203908812
ZWILCH,-0.21202098637315936
RPL4,0.2158170295191861
RAB6A,-0.37611788060017154
GSTM1,-0.004758856129447269
KICS2,0.5018522998059607
MZT2A,-0.007232952063565178
IQCB1,0.5581945578762567
RSF1,1.1359598256698313
ZNF490,-0.02710427889249717
CCPG1,-0.14807111886835442
PAAF1,-0.1813905995061672
PPP1R8,0.6335400814627371
SPEG,-0.8192135894485459
CCDC85B,-0.14553825424243674
OXSR1,-0.01705391897523103
NDUFA11,0.11766876368042198
RBM14,0.7289434929137152
PIGG,0.027312181878462564
ZNF706,-0.22665399231029196
REST,0.375750111462948
MSL2,0.6365820606108327
SLC37A2,-0.5297845898698875
CARHSP1,-0.4095035555988289
PTPN2,-0.35784216729334284
GNPDA1,-0.8461641084348501
MGAT1,-0.568553843096201
PHOSPHO1,-0.03006317881543946
ETFB,0.38579340839868986
ZNF738,0.6896648275122359
GGA2,-0.5441800861539722
DUS3L,0.5334663725095247
HAVCR2,-0.0008199477824991927
CD7,0.30829077392988974
HDLBP,-0.5093445209278176
AGFG1,-1.0035840726440948
SRP68,0.14359381818096548
SSH3,0.0009445287909047941
UBXN2A,-0.1253266105092525
SEC13,-0.17162064180639486
PRG2,-0.4247487394626182
TNS3,-0.3010513852418522
BTN2A1,-0.552184002203218
ELMO1,0.45378427804237287
DTD2,-0.3591016459322674
MSL3,0.35277714807244986
ADPGK,-0.45029999495061385
GRK2,-0.609477180289365
YPEL2,-0.5940176041628451
MSRB3,0.1956137724956782
HADH,0.6687443753136322
TPMT,-0.3118445287055099
MRPL46,0.6849391934920281
ZNRD2,-0.061994059480762295
AOC3,-0.5183739968777512
PRDM2,0.009598045816681649
TRMT10C,0.5386053963149465
CD84,-0.12910581983541392
AIFM2,-0.4850419702783671
KMT2E,0.1665423593893597
DAG1,-0.288835439209955
RNF26,0.34409638639453033
CFLAR,-0.4957964523093448
ARV1,-0.1295730884121933
CSPG4,0.03155292196143957
LRFN4,-0.2952191224471727
TMEM70,0.028516643100921776
AKR1A1,0.022534401322869595
NFYC,0.19702591141433456
ACAD9,-0.03161067518799828
PDLIM2,-0.5368671330854171
CASP2,0.42641034021636814
EHBP1L1,-0.9234945977423704
TRIM72,-0.1518257688157433
B3GNT8,0.04279622832065173
TAF7,0.25042389751077737
RAB8B,-0.801196262814618
POLR2B,0.3176062454697019
PHETA2,-0.318975991483488
CD200,0.31287988474574663
PPIE,0.4526451997876222
C2orf69,-0.34330595115366463
GPHN,0.15748098336148136
IFT80,-0.24525984974970103
DYRK1B,0.5511871570052052
KCTD2,0.3393418345988318
MLXIP,0.25453615702439414
STAB1,-0.3903588799736787
USP39,0.2912593304164827
NFKBIB,-0.4806710216143432
CLSPN,-0.008788808753472925
GNAI2,-0.6676378039795267
FBXW5,-0.6291621499409122
NIPSNAP2,0.3606197957763648
SNX14,-0.1808036196709843
EXD2,0.6165965311409379
ATAD5,-0.2940292593007719
TMUB2,-0.4288687629691998
NOP2,0.39046319385679074
SLC35C1,0.2468269298288786
HNRNPD,0.3580287584813264
C19orf12,-0.03683112286156847
RNASEH1,-0.030289743358508592
PANK2,-0.3641016115193124
SMAP1,-0.37916372816166666
DAB2,0.2702052386710624
NSD3,0.1457689704944635
CD19,0.4980031140565185
PRKDC,0.74111337534832
ARL6IP4,0.16859873640583903
GRHPR,0.4634073406146681
UBA6,-0.019872148546056647
PFAS,0.6322537543846495
HROB,-0.023413467732903155
ZNF436,0.6481882303531368
ZDHHC20,-0.47763009809243884
TOMM5,0.3251460138419407
CC2D1A,-0.36910864761638096
MAP4K4,-0.43431419141218136
AAR2,-0.008572246151708847
SPHK1,0.17016177292068216
SSNA1,-0.3881111630958512
PRIMPOL,0.009416043724978692
GTPBP3,0.7041043228914443
KHDRBS1,0.7293494910677448
PDS5B,0.41217838768373316
CLPTM1L,-0.03569582640183108
CD46,-0.5151070661530273
TMEM94,-0.19100803425794582
MSRA,-0.1282640082510024
BICRAL,0.08346904578648798
AURKB,-0.3938873266451941
TTC27,0.6380061101757885
KLHDC3,-0.050344794532788416
ANAPC2,0.15359770482684457
SIDT2,-0.6052533487493795
SENP3,0.5550569242126884
DNAJA2,-0.18699662952966617
AGPAT4,0.08527830723035949
ASTN2,-0.5402247442138584
PAK2,-0.5196695042394567
TRPT1,0.1207972040482251
CA5B,-0.06110413320187059
TFE3,-0.5377631817519909
WDR75,0.9801220754326121
VAMP2,-0.23804872409927927
MED29,0.10200200230760006
DDX10,0.7831478301005049
PRMT9,0.17940744108096193
CA8,-0.01050925246542413
PER1,0.060048309679226794
ACBD4,0.0703416539132826
METTL1,0.21994552670085663
UNCX,0.00025132512472324594
GAK,-0.8119587894862499
LYSMD3,0.09280510887372813
UACA,0.0010079019422191617
SGSH,-0.31664946136826666
KLHL11,-0.3795356919278048
MS4A1,-0.4455784809325578
ALDH5A1,0.7662781525262594
ZHX2,0.7441092830960063
PPFIBP1,0.29831495863274976
TOLLIP,-0.8456230939528626
MBLAC2,0.4912014170768365
FAM89B,-0.052235582656977385
CRAT,0.040106637980466216
MRPL1,0.8769750791832316
RNF31,-0.27906909196657054
MOB3C,-0.3654422795268835
COQ8B,0.4985216543477122
CLU,-0.2305169250563554
APBA3,0.14098544586809672
METAP1D,0.32904409719588795
TTC12,-0.08486788662682769
SHQ1,-0.029780449080163744
RNF4,-0.043160510399319604
GLTP,-0.769214489921691
CALML3,-0.540983842796511
DERL3,-0.13904939807583705
D2HGDH,0.427649419243412
ARL6IP6,-0.2798012369538752
ANO5,-0.21294583746493106
PRPF3,0.2912330768312705
POGLUT3,-0.042408719519151504
TMEM102,-0.3881789542882338
MRPS31,0.4616144082171401
OSBPL3,0.3507522340177968
DSCAML1,-0.2686510140944445
GIMAP7,-0.9943114369034811
EXOSC4,0.09926391594178269
ZNF875,-0.20428539248888788
AVL9,-0.7182920372986278
DIS3L2,-0.12041717794966013
ZDHHC7,-0.3466212738569081
SWAP70,-0.06626426398809696
TYMS,-0.35780684999378115
DNMBP,-0.21117385327548696
PEX7,0.007697930449176015
BAIAP2,-0.10968346401099648
CHAF1B,-0.11733829389179923
MOB4,-0.12840278928423168
SSH1,-0.14524774921507796
LCP1,-0.5175993480870266
STAT2,-0.9917877944122829
NDUFS8,0.24147357389036103
COG4,-0.3259009795161395
CSTF3,0.5551724254794634
RNPS1,0.6871407682524628
GMPPA,-0.8299375987905222
MRPL43,0.24975585838998354
SCAMP4,-0.11093027164391124
TLN1,-0.6436364823093009
NUP98,0.5266849283431758
HNRNPA0,0.5644289191058698
DVL3,-0.03289573209434302
AGGF1,0.26437159949922545
SGF29,-0.16667345536329065
UBE2N,0.05754647111909122
SCD5,0.4363506060709205
HAO2,0.01829567688391782
PACS1,-0.029893395444044988
DEGS1,-0.44397154589187016
SLBP,-0.0004098282309987679
TLK2,0.6535311721245792
ZNF609,0.6615966353683225
RAPH1,-0.5451033860471088
SUZ12,0.2202923543293086
RANBP10,0.16180876227167842
GTPBP6,0.5571253905272536
OSBPL2,-0.7708564205879878
IPO11,0.4377910366270115
IGSF8,0.03136583490036943
CEP295,-0.05799264786691763
TTC7A,-0.7777652305732518
ARHGAP45,-0.8064512233737455
HSD11B2,-0.9463587939369442
PITPNA,-0.7809072719078741
ATOX1,-0.08588327946170583
SFXN1,-0.02160946841202611
ACSS1,0.5967847470037615
CLK4,0.3462744454771393
MYEF2,0.46603642233942605
TM6SF1,0.1341158490707364
SNRNP200,0.4232025710729707
PLXND1,0.007857300845780851
PIBF1,0.6899256542666623
CEP192,-0.0876545710504445
CYC1,0.15732033357820732
PIAS2,0.0665296764529376
CPNE1,0.12493475806888928
MCFD2,0.1649200603690739
LPCAT4,0.4026682003497752
CFAP410,0.061732771518974563
TCP1,0.07621148864707153
PRCP,-0.19114440362779928
MRPS11,0.08755136949929189
GLS,0.26328920785003257
SLC36A4,-0.40534535945233235
CHST13,-0.2697568767984631
AMPH,0.2329091577420043
CHMP6,-0.25512568309454897
RABGGTB,-0.43085199793334056
ZBTB34,-0.25107340492194646
TLE5,0.4504532775898533
GRK3,-0.4947352118903887
RUSF1,0.2791278130305244
LACC1,0.029632907265369712
RECQL5,0.5218614525630391
GUK1,0.18091436159111454
APOL1,-0.1726875121745853
RPP25,-0.1009549214998761
STX4,-0.4415494441906436
COX5A,0.08091026464795488
SH2D3C,-1.1692745255509402
CES2,0.009754857236927154
RBBP6,0.8518602756646887
CEP57,0.5809974382247152
EEA1,-0.9749149445681946
WDTC1,-0.5557657029931554
ROCK2,-0.415093203431284
NOC2L,0.940517697698327
SET,0.6835242694695504
WASHC5,-0.16548677253280844
ENPP4,0.19896012299790738
PLEKHJ1,-0.11585860072555927
MAP7D3,0.4570847911011968
SCMH1,0.16361231640373924
BLOC1S4,-0.1796696933688022
EDEM3,-0.3127921031581394
MRPS24,0.20899048043137605
PRKRA,0.835983333609051
FUBP3,0.4591211302174096
GINS3,-0.06806611045870659
TUBA3E,0.8565407769095741
RUVBL1,0.48843734640856595
PRKCB,-0.5680675041651738
MPI,0.29683825699461386
BCKDHB,0.7159026699300266
ZNF513,-0.01691902567021802
LENG8,0.3978793253296207
KIAA0319L,-0.40300677713423844
TMEM176B,-0.35968769544038587
NCAM1,-0.2053318783322201
YME1L1,0.06997114956337618
L3MBTL4,-0.3550067210351948
SLC14A1,-0.017631968216289345
SLC12A4,-0.24543283313322542
EPC1,0.5463686489350243
PRTFDC1,0.11690718573736737
MAF1,0.17158585724972852
VPS37A,-0.22250495367628023
INTS3,-0.022433375530166395
EPSTI1,0.05372846341378899
RPS15A,0.30193763602930984
HSPH1,-0.22664709151217066
GCFC2,0.03672663086215851
TUBB6,-0.023587925039889327
KCNAB2,-0.15581881016173757
ANAPC4,-0.20750957299701261
CRLF3,-0.2990704893717
SHMT1,-0.5693264977157052
GCC1,-0.41545680520555117
SYNGR1,-0.12656033427754226
BPNT1,-0.046826099371977396
SF3B2,0.7204098124943108
BCL2L13,-0.210907389828722
CA13,0.1348709427982119
PNMA1,0.5518875108951186
TRAF7,-0.749602302586275
PINX1,-0.0013032347869352252
NSUN3,0.0728450805263309
CCDC71,-0.15172968900312453
CAMK2G,-0.41789167053722565
RAP2B,-0.45783000148681957
SUPT6H,0.1824247196370811
CYBRD1,-0.35578508486482535
PRMT5,0.371628736236632
STK17A,-0.20576655410434722
MAGOHB,0.5395048931426343
ZEB1,0.044642124148774213
CHORDC1,-0.10794843833212822
BASP1,-0.8870588328325187
LSM10,0.0030873543605158676
NLRP12,-0.3867010974561249
HIGD1A,-0.2056027690826982
ARMC10,0.7341808093448224
DCUN1D3,0.25536079474060536
UGDH,-0.09285322424684797
GCSH,0.7426072050357784
CXCR2,-0.5712755656389582
NUDC,0.023241326675895867
AGTRAP,-0.48703469517361364
FRMD8,-0.6292208364772449
RCN2,0.5093848656376551
RAB43,-0.4877071415654283
PODXL,-0.16709483769998762
NQO1,-0.01047233417291206
DEF6,-0.19194609450602237
CHDH,-0.3457354471038687
ADGRE2,-0.1358642870290471
PPM1M,-0.12652171518244326
ITFG1,-0.2751210808132448
LILRB2,-0.824211026571444
BBX,0.52112585492529
NDRG1,-0.39852988520503707
B3GNTL1,0.016020276892489076
TMEM11,-0.24857202590043453
ZNF580,0.14888636460390614
DIPK2A,-0.458903184335381
ANO6,-0.8046381436860495
ZNF784,0.03236467839219904
TRIP10,-0.1441760244646233
DYNC1I1,0.7606942441171232
NUCB2,0.2020872167516897
HCLS1,-0.8525222952713839
MRPS23,0.2716407610608891
ZNF579,0.4770449258143899
IGF2BP2,0.08468059707411416
TIMM22,0.5295489875543535
SLC9A9,-0.5356360777407853
NEPRO,0.5453912952029858
OSBPL1A,-0.1018260060583364
TUBB3,0.013491712814988907
FARSA,0.5072098929270924
CAST,-0.5345215746982019
NPEPPS,0.005375384815789341
ZFP3,-0.1203932816615829
METTL4,0.10506651164878897
IFT22,0.12466865687879876
P2RY13,-0.12094001454730995
S100Z,-0.45352007508118414
ARID1A,0.2776251907447223
NAP1L5,0.09026475638329381
EDC3,0.6260598576568669
RNF185,-0.11500383487687513
BANK1,-0.18564328647291053
EHD1,-0.6247220926435066
FAM3A,0.22565877016995994
PPT2,0.06908404161144165
DNAJC4,-0.8815806560086795
WDFY4,-0.18302487863142453
ING3,0.2513143694362355
MRPS33,0.22717172873242836
SLCO3A1,0.057504462317058296
DNAJC25,0.04468081752307131
YARS2,0.5096104604616811
EML4,-0.5838587461941304
SLC25A36,0.21652664143308817
RCAN1,-0.5410754550288023
USF3,0.18082511035991028
KIF1C,-0.6486274694536128
EPS8L2,-0.0704518285984686
CALR,0.16844988578285358
TRIM41,0.36222016835436016
SPAST,-0.2828286846583569
RNF168,0.23512020596957106
KRI1,0.2932525448193583
WIPF2,-0.28402453933179506
IL17RA,-0.7800106030557755
NCOA1,0.4680375164151317
CNOT1,0.09615366516113519
B4GALT3,0.135869933812862
AMOTL1,0.34497856109401837
ZNF227,0.48553676096893617
ME2,-0.07614298082926929
ZNF554,0.12282264132599428
ACAP3,-0.0018355690508375967
ZNF274,0.09437726785815706
ATP11B,-0.3793278209467392
TNIP2,-0.4787603263933422
RCHY1,-0.13969768749252715
TALDO1,0.24549820511497614
COX8A,0.016515757723415077
PXMP2,-0.00022897726299525445
HGH1,-0.011161303177788937
F2R,0.16070987334412115
STRBP,0.5784766209186508
DIAPH2,-0.6963604712860945
RAD23A,-0.019084848531050826
RRP7A,0.78950599870833
LLGL1,0.07291057335757568
KBTBD11,-0.4240015891248983
BORCS5,-0.38975282205920214
ANKZF1,-0.03081604506430063
CD8A,-0.2586620310846394
TOP3A,0.10853485178719573
ZNF384,0.21626350346100143
CDC25C,-0.1736801783533537
GATD1,-0.2598661944353918
TACC1,-0.3408764062918246
GEMIN4,0.414288574684365
DIS3L,0.026809194444713778
MROH1,-0.35926312453893045
PDLIM5,-0.29278228058171185
TRIT1,0.3002525563949876
ZNF776,0.00024358448641276375
STXBP5,0.2193876951035054
PACS2,-0.7315503894652572
SEC24C,-0.3261547338758609
RHOT2,-0.4034158976114545
SULT1A1,-0.4688730726554585
PUF60,0.37587430245934084
C7,0.0635033888045831
ING5,0.5153111046109888
RTN4,-0.22871884554587263
ATG4C,0.07353237439268455
AK4,0.007443913261205297
DSCC1,0.29496770078292767
PITPNM2,0.04344189049162734
FADS1,0.07873100425520126
C14orf119,-0.07893282446561267
RNF10,-0.4911773815783286
ORAI3,-0.5035146031172116
COQ7,0.39356339007364505
CDK20,0.04044477726806742
PLEKHF2,-0.4283827966059987
RRS1,0.8248250463010289
RPLP2,0.20157677891359913
HBA1,0.049066095449039976
TUFM,0.600524417561211
NDUFV1,0.32175625242000155
SIAH2,0.13345942467247704
C3orf38,-0.03035809898812098
AP4S1,0.09796516333788073
DCTPP1,0.1704391369599425
ZNF543,0.1681000176049652
POLE,0.0427696859309624
PHF23,0.34093483946968595
RAB39A,0.026823901825729118
SNX16,0.030875931246603636
PTPN13,0.03616378056109901
HMGCS1,-0.15003584111593007
GLYR1,-0.11287959100729361
ITM2C,0.36089096820167915
ZNF207,0.1250469187451281
TSPYL5,0.1362570086394065
ROGDI,-0.6060427520506049
ZMYM3,0.5785380463894509
EBF1,0.19717342820206812
ZMYM4,0.6886787392344309
FARP1,-0.6240289074452013
SCRIB,-0.38866202164217056
SSBP2,0.5769135167864338
BCAT2,0.35688544333535027
ACP3,-0.3502470448691273
EXOSC3,0.06601387255690018
MTG1,0.46244810882408066
RBBP8,0.15303656277948954
GADD45GIP1,0.1797020565302164
TMEM168,-0.1296347671011238
RAI1,0.7913059054982304
NDUFAF3,0.22111294052040886
AMIGO3,-0.4237096330875388
CAMKK1,0.03978767010648628
ZKSCAN1,0.5240754170380374
PHF21A,0.6240266488106836
ZBTB2,0.18115439597038255
C18orf32,-0.8520093349118348
GOLGA8R,0.29565008284860034
DALRD3,0.15798735168572556
CD6,-0.29710158590209734
RPUSD2,0.626770584873705
ZNF410,0.28753203094297775
SPAG5,-0.6364689986592736
POC1B,0.25665600268828737
PDIA5,-0.06394750059974773
CRTC1,-0.21034303369005256
BTBD9,-0.05193526592325406
SMC1A,0.2160500630798896
CBWD1,0.43027508166175604
MTMR14,-0.6805441464903204
PNKP,0.06938700753724586
MKLN1,-0.23084155488219205
TSHZ1,-0.08220988800295935
MIEF2,0.038643501948073394
TTC39C,-0.6181337889317179
KDM3A,0.5548819471344617
ZBTB7A,-0.8114828128661694
PTGR3,0.4444966392446912
UBE2O,0.2626456797838386
CRTAP,0.23097203651852488
MED14,0.36055883171411146
IP6K1,0.03499172143367735
CCDC43,0.12982050701383016
HACL1,0.07279735449115673
SLC4A1AP,-0.25038254187220677
PLEC,-0.5973234731164019
PRKAG1,-0.35279360207199534
ZNRF2,-0.5663937987613538
TRIM25,-0.7161718943794947
NLRC3,0.5634509019865586
A2M,-0.440992015223969
ZNF771,0.2016944962690103
SMARCE1,1.0005479742083638
KIF15,-0.46607154790970967
MRPL10,0.28945842476096517
PRPF31,0.4792149463738146
POLR2L,0.4522406041143158
PSD3,0.04935211933169597
CCDC93,-0.3896653242042387
HSPA5,-0.7441826245358468
IFT43,-0.05700355927255183
AATK,-0.1258398389138672
MTURN,0.1448755189853858
CHMP4A,-0.2566000011121584
ZCCHC10,0.02228497963109945
ACAP2,-0.8703147261620625
STXBP6,0.05704910122322003
TRAPPC12,-0.680777951717292
DNMT3A,0.5083817520923501
RNF213,0.004675373832345032
ZYX,-1.0129065675808342
MITF,-0.12398262225386218
YLPM1,0.7263919487527767
CSNK1D,-0.23179922630746205
GYPA,0.051954059007524256
MYO1D,-0.005565229534808052
ULK1,-0.042585156155779506
FLII,-0.652626672142815
ETS1,-0.1273651989764097
ZNF660,0.39576205738545506
NAPG,-0.8105812565034445
VRK3,-0.07488029695467946
SAV1,0.1601430652547947
YES1,-0.005287380295306378
TRAPPC14,-1.0038761290795328
NFATC2IP,0.044633057109586795
PPP2R1A,-0.11138778959205324
GSK3B,-0.37582221842220587
MVB12A,0.44725697466445963
AKAP17A,0.4509628795424528
AACS,-0.32583278811426825
STK11,0.052009433892787504
MBOAT1,-0.20899949814200722
COPG1,-0.6955905682106006
NCAPD2,-0.43827078611691606
CHID1,0.15592013609955532
ZSCAN2,0.6698967595477837
HADHB,0.32284567240013073
ACAD10,0.2727083806892001
MYL11,-0.3016023938877466
LASP1,-0.5327589061161073
TTC9C,0.2471030175934505
MTMR4,-0.1055651235506564
HASPIN,-0.3118268256753566
CDPF1,0.339583373292933
METAP2,0.20676059955857937
MAP1S,-0.06289609012675902
ZNF335,0.14110823953505147
MAGED1,0.40405423911835814
CASKIN2,0.33822653788480056
AP3S1,-0.7648875126349881
HNRNPM,0.618391162454645
WDR33,0.2737069167580913
MYPOP,-0.11513411166068763
PARL,0.2508186228210769
CERS5,-0.05954315016323477
FBN1,-0.2918463275015363
CNDP2,-0.178368909777361
TMC8,-0.36871027325254047
MICOS10,0.021086157997783878
PTPRCAP,0.2994445543488607
RUFY1,-0.6249085787840757
PARP10,-0.509058775727016
CHCHD5,-0.366906391397013
RNF40,0.158916691637933
CCZ1,-0.2698726826965946
CARM1,0.04527513921358276
CD37,-0.19043889536577321
STK25,-0.3368667958228318
SPECC1L,-0.2867024363763735
SEC16A,-0.6175267594613552
MRE11,0.9289424560249712
SRSF7,0.33744651286492017
PSMG2,0.18222224744452148
LNX2,0.3247414431311349
PTPMT1,0.5263300401770254
PUS10,0.4855492626434039
PTPN6,-0.517297044712451
PPP1CA,-0.2253318953958218
RNF166,-0.053283544138075546
MACIR,0.43629660691798106
LARP4B,-0.32783792813692464
ZBTB11,0.196468643630443
DHRS4,-0.06267850821169882
GANC,-0.047048736916606354
MYNN,-1.100880417949773
SAMD9L,-0.48015078682064927
SRRM1,0.18948598909643527
SLC25A20,0.09970601090212651
MYB,0.3829859578640985
ATG16L2,-0.3463530337664722
ELMOD2,0.39223275336669255
PSEN1,-0.6755201485207697
CWF19L1,-0.05956871947556916
NADSYN1,-0.3989217438959373
SETDB2,0.5000543938449252
PAGR1,-0.029567974310738068
THOC6,0.3196082383807982
VPS39,-0.5257677817263275
TACC3,-0.32851080765119006
KDM3B,0.32120988050953436
FKRP,0.1559901867330574
SMCHD1,-0.1597573483811755
LMBR1,0.8921188784041827
ZFPM1,0.4284015255687982
PIGQ,0.13386511189360784
SLC25A42,0.2711383934285717
CLGN,-0.19380634737411973
PLEKHO2,-1.2636653903994666
CUL1,0.1350148154362894
NCBP2,0.22238184630546892
YOD1,0.020323786845394452
CLK1,-0.15275674109673557
NT5DC1,-0.3600364845691752
C5orf22,0.0013055746396066173
TNRC6A,-0.3383386752453665
FBXO9,-0.22390883473184162
CLIP4,-0.41760335795853115
LMNB2,0.2518824072095801
MDH2,0.3895705132077625
TAF1A,0.21151883199949914
EHD3,-0.06712512735493723
MIEF1,0.24020885788922053
ARPC2,-0.6658572680334089
FLNC,-0.37019687848370647
TMEM63B,-0.4890031048996999
UTP4,0.6975792051674853
SENP5,-0.023334937969131282
NRIP1,0.05799559266870354
ATP13A2,-0.3990960916057215
PPM1A,-0.25031606426907443
NDUFV2,0.29696644784676945
NEXN,-0.5483491935856891
PRSS57,0.4058970352504793
ZFP41,0.19511456039000316
HBG1,0.18359048257085608
SETD3,-0.581000897202927
APOBEC3B,-0.31896764376079606
SMDT1,-0.2942465320264115
TSEN54,0.4531647753480678
C16orf54,-0.1584795377446394
CSF1,0.13176556336571266
HNRNPH1,0.4209453120572028
TM2D3,-0.11985269121422211
GLUD2,0.08158537708845605
CRADD,0.36916013056570657
VPS33B,-0.656734516945386
AP2A2,-0.6733310459762445
UXT,0.5726289579542472
XPOT,0.20911730114183513
NFATC1,0.04275991104118948
FILIP1L,-0.03533190953488166
INTS5,0.001243065691054768
IL3RA,0.3380082565187842
YAF2,-0.11880868139692138
SRPRA,-0.3696288685321029
RLIM,0.020099637508895582
WASHC4,-0.1899827289190766
WDR53,0.9451648982471657
ARHGEF37,0.06630886999397288
PAWR,0.3187033682671079
EIF4ENIF1,0.5172386709243653
CLN8,-0.3352547349441165
FBXO21,-0.21447253820155904
LCK,-0.30116414384027684
CDCA2,-0.2648361821149327
KNTC1,-0.13155348002157002
HMG20B,0.8394534884647418
RNF123,0.03535013997391263
PTTG1IP,-0.15000281078216732
ASB7,-0.21849794285020424
RNF135,-0.3941430668974079
DEFA3,-0.41499476853982104
SLC25A10,0.009846970418852288
DGKA,-0.2734487248110948
KIF21B,-0.5952410657163436
ZNF696,0.6802820052711179
CRIP2,0.4693588032956775
RAB28,0.013269463044983746
GLRX5,0.07501746721284122
SLC22A16,0.10565953027371583
NRROS,0.12558265465587848
SMTN,-0.07945758076483825
MOB2,-0.20697155997757313
FOXK1,0.14255343073694274
SELENOF,-0.19368598257524725
HEXIM1,-0.06814443953696855
AP1S2,-0.23659759207169184
RBM10,0.6203920220958921
NOC4L,0.5915457033756725
PYCR1,0.3807131334136415
TRAK2,0.33834582401045704
KANK3,-0.554372579474116
HOXB4,-0.0023553269320596075
AFMID,0.0621725298989015
PAXBP1,0.010248746007114798
TRAK1,-0.030857368782011903
HAX1,0.18275968383826216
PRKCH,-0.01988307543039144
CREB3L2,0.8480666151393038
SAMD14,-0.17631646528869005
SIVA1,-0.19800140624222684
IGLL1,0.7165319180573608
SP1,-0.006075308201576522
CCDC137,0.20574033796831906
GP1BA,-0.3396798782464763
TNK2,-0.3419273674027799
TMCC2,0.05735902248014258
SIRT7,-0.10545231126824056
ADAP2,-0.2754781068996607
CD300C,-0.17137638215153925
GRPEL2,-0.06600038810654921
BCL2,0.4110973750375398
H1-10,-0.0356729246756331
DRG1,0.23473545966953574
ZSCAN30,0.3740584934831877
CPNE8,-0.47944993894967985
ATP6V0C,-0.27699864359282295
ZNF85,0.3057329770147584
PPME1,0.7904259349228334
PSMG1,0.3044970212013263
MEX3B,0.29066894867496923
MCEMP1,-1.0455740048628808
PHF12,0.4008496320025236
TBK1,-0.8622998962313778
PHKG2,-0.5771397910055973
CNOT10,0.27787595100399054
H1-5,-0.3188446461331651
OGFOD3,0.12199611728257319
FBXL6,-0.10758135984865325
RSRC2,0.5828470188186071
ABHD17B,0.13646412452324183
CASP9,-0.3633872887865876
TRAPPC6B,-0.45321369526071403
SLC9A7,0.39190616250168114
SUMO3,0.08689554779595775
DDX41,0.0287420856266205
C8orf33,0.31043642637756586
GIMAP6,-0.02603971393852198
PTRHD1,-0.20256968283717366
DDX59,0.16350295421196254
AMY1B,-0.21343607186830715
CXorf38,-0.10658695515201369
MT1H,-1.0759933913898734
RTL10,0.11625026385524162
NSMCE3,0.2983548285146423
P2RX7,-0.7008589132375534
COA5,0.021354822906752693
NDUFA12,0.25670979830313195
BRAP,-0.0819178075354884
GLRX3,-0.05571125449525915
FANCF,0.05780252475912647
PGP,-0.7085733155302477
TMED9,-0.0573748112307291
IL1R2,0.3976306027876495
RPS27L,-0.014075781359157036
TCF12,1.0139890755089427
PPP1R27,0.09447129796256563
TSSC4,0.02309331846215229
IP6K2,0.16335093121595498
POLR1H,0.5217010254795884
BOLA2,-0.15510988561101413
CD8B,-0.3008953202979909
RBM43,-0.6881256215501419
POMK,-0.07682070150431954
ADSS1,-0.06538878835146053
STING1,-0.12337930860087445
UBALD2,0.15103659613019027
GNB1L,0.37015852109017605
RAB11FIP1,-0.6285509083267076
BOLA3,0.22098630093108196
TMEM259,0.09005125740798287
FES,-0.6710735883260301
ZNF570,0.022423089596502004
FBLN1,-0.5749808778192869
ZNF397,0.3413527230051123
PRKCD,-0.3897977944700765
IKZF1,-0.11809483440080235
TMEM186,0.05479528790420947
PGBD2,-0.015166901941939353
KLHL22,-0.46984565843368764
EWSR1,0.28652142458833646
C16orf72,0.009162340027270743
METTL7A,-0.2837402363248147
IRF7,-0.4637244647295976
TNFAIP8L1,0.2859476127165435
PRR14L,0.022387792174176992
MRPL54,0.4484457058968115
PRMT3,0.1502394117770644
IDH2,0.4652678420064212
EEF1G,-0.4869766790641713
COL4A5,-0.13282982608695598
DHX34,0.01698817602271609
RFLNB,-0.4313278765945882
CROT,0.03993861822467457
CARMIL1,-0.22035687205997043
PROSER1,0.2873260629220431
CD86,-0.14598123051526918
SNX20,-0.29375729730163963
NAA38,-0.2388960637501932
CFD,-0.4846408122245062
RWDD4,0.25739551236547115
H2AC20,0.0375687579346081
NOP10,0.807050728866293
ATP6V0A2,-0.17885057414222816
ALDH1A3,-0.3920057195611876
DGAT1,-0.07069631530766435
TRIM69,0.27358681410289953
DDX28,0.6458768928517054
CSTF2T,0.3577985061316001
ADAT3,0.10248679963320494
RNLS,-0.018938584107924546
OSBP2,-0.0005923429720999725
ZNF92,0.03313874161999435
EIF3C,-0.4257091420445286
OAF,0.0860307513592689
CHD3,0.06552073651341749
HEXD,0.34934325402043914
LRRC8B,0.9038811117642281
LIMK2,-0.42570235344986884
PURA,-0.1762687597967579
TANGO2,-0.1611829159688132
ZKSCAN8,0.6267858009657357
H2AC21,-0.05915088734156155
KLHL15,-0.18372092303116802
UQCR10,0.16908798773125822
ADGRG3,-0.378121430416755
SMAD3,-0.26897152812184344
TEDC1,0.1250385690335787
SS18L1,0.08350876557936955
MED12,0.2864614331489353
PLA2G6,0.09432787912865731
ZFP1,0.10649769355934009
CYP2U1,-0.20479716092484973
UBA7,-0.057969839967865505
NR2C1,-0.01902186231317746
FAAP100,-0.14946651359115526
LAMP1,-0.09720019335517419
TUBA8,0.028519761887030284
JRKL,0.2888653684936261
MRPL40,0.29531899882884144
SKA2,-0.0796538160122207
RAB11B,-0.5153169070282153
PLPBP,0.3110527711350781
MX2,-0.4813085302603368
ACAA1,-0.1649698789612406
ADI1,-0.22743841208276763
SHMT2,-0.13929163093298286
NFAM1,-0.6486455033252236
TMEM179B,-0.13431776278223714
ZNF26,0.13177756316306816
BSG,-0.8450770768541427
EVI2B,-1.1276978898516652
ALG12,0.04572815275457194
CMTM4,-0.13083039894858314
MRPL12,-0.08759378853150776
CIB1,-0.4860561821037915
RPS6KA4,-0.19693152854906087
BTLA,-0.10544630017563025
TTF1,0.38899269644931206
TRMT11,0.4430611487088357
COQ6,0.2963383528960394
RPS19BP1,0.6117745563249893
NDEL1,-0.2556443759843458
HBB,0.010830291894397681
EMC10,-0.09855879584192147
RSBN1L,0.5922712908254893
LGMN,-0.8128099577414036
HDAC6,0.11329557431394949
DHRSX,-0.238649138441038
KLHDC10,-0.08323115813079827
RFTN1,0.02603999649355516
SPTBN1,-0.013946132557677321
PFDN5,-0.01173509212364063
C9orf85,0.37808198168809853
KPNA4,-0.008090463530450183
C2CD3,-0.10135058991409325
HOMER1,-0.46111632312306494
AMACR,0.07786810976123616
EXOC1,-0.16358250113509404
INO80C,-0.03578888839388254
ZMIZ1,0.3800036713417079
SREK1,0.7204825850980674
GP6,-0.28376049321805585
POLR3C,0.5551583103873333
KLC1,-0.7446124716698408
DCUN1D4,0.5850498110858904
PDZD8,0.372432993969067
ERCC6L,-0.17782164635740055
ZNF568,-0.1573882853519301
ZNF529,0.11082487590169564
PITPNB,0.057608517289687106
CENATAC,0.12890421051898843
PPIP5K1,-0.04243371554533093
TESC,-0.1430043020068367
TMEM104,-0.5217314100035928
ZNF555,0.22838294169784762
MT1F,-0.10594523546023471
UPK3B,-0.4251037130544761
ADGRA3,-0.399784180925343
CARMIL2,0.4769847678935768
PKM,-0.8297359698489886
RASA3,-0.3725375948169436
C2orf76,-0.07034529549181688
ARID2,0.613831530806952
HPDL,-0.12963330577966797
FAM91A1,-0.5468393942138963
PPP1CC,-0.3328221858928237
ZNRF1,-0.4713701003034026
BCDIN3D,0.1916652183169377
ATP5IF1,0.2981321370738243
ENTPD5,0.1380457890440107
TMLHE,0.5067048717280637
TPCN1,-0.5176250411030502
DLST,0.5033096892835333
DPPA4,0.04577768694800578
SF3B1,0.5339733259151941
PIP5K1C,-0.3982428389925916
CDC42BPA,-0.44234987494208955
TRAPPC11,-0.9223771363309604
WDR20,0.03170630286251351
ZNF20,-0.2508211081601783
KNL1,-0.3754683246025037
EMID1,-0.050744384993736215
SLX4IP,-0.11695784757714821
TCP11L1,-0.0834601032169184
BTBD7,-0.4266618132207577
CHP1,-0.2834704970636037
NAA20,0.2401262723504023
FMNL3,-0.06037127526585507
FOXK2,0.568569762494831
PSME3IP1,0.09842881850630356
TTC7B,0.3580165950877105
RAD54B,-0.005342481191317063
P2RX4,-0.2833570762402788
ZNF687,0.824672970988983
CAMKK2,-0.8752551295022756
STRADA,-0.25726170969071815
RAD51C,-0.01799536358922009
TNPO1,-0.036128291109703004
ZNF226,0.03693552577213093
KIAA0930,-0.7588009890900757
TBC1D22A,-0.8904753302573799
DDX3Y,-0.03790670077325761
EDRF1,0.024919957276018825
CDC14A,-0.21718190827183642
LIMK1,-0.7162879653437455
DHX15,0.35583160822526727
HIP1,-0.45835629227518027
SUPT7L,0.34678181815496784
FIP1L1,0.456752104194837
SYNM,0.22139790863791722
EIF5A,-0.2129647413597996
SLK,-0.17269779269770294
FGG,-0.4894935056377529
ACTR8,0.27694125227963984
HMG20A,1.0290627736342806
RBBP9,0.3424498014663394
URGCP,-0.04360769784231126
SLC39A9,-0.07628578980025384
NAB1,0.0002666901045813524
ARHGAP10,-0.3117243854572099
AKT3,0.22660288942347054
GPR107,0.21239794120934688
CLPTM1,-0.1985333855083283
ZNF644,0.6529915116739536
ZMYM5,0.10722064409223754
UNC119,-0.8761733272713738
SEL1L,-0.11243101922367864
NME1,0.2430145356105806
ZNF112,0.11552387434323189
ZNF354A,0.21538901696927013
ALAS2,-0.0275966513661882
CREM,0.449927118748386
ENOX2,0.09829971520447676
ITPRIP,-0.4250676228325452
PRPF4B,0.6985304405403907
ASXL2,0.1782632312021423
CENPQ,-0.1330488238086513
ZNF664,0.07964289260293343
HOPX,0.23091787524098456
SIRT6,-0.46993806554163464
MED19,0.07693026435986507
MRPL55,0.40667312243669657
TDP1,0.29247189624052244
LIPA,-0.5194933648999004
HDHD5,-0.18641366267106826
ZNF394,0.06968125858907567
STIL,0.02532457709311564
NLRP3,0.1105880585153394
PCID2,0.5316284904099466
YIF1B,-0.02868852185729512
HYAL3,-0.04099861183355277
NXN,-0.27893712926064024
ELAC2,0.22743368296464506
PTPA,-0.18934314371845898
PRR5,0.20889002872563622
ZNF324B,0.12246581903822211
ZDHHC4,0.01620528929362445
SINHCAF,0.3549888842923487
PCGF5,0.011890516584756436
SRA1,-0.4120838945793118
SLA,-0.7648268483451904
ZNF548,0.3548314233316188
NIPA2,-0.0699769219623631
RNASEH2B,0.2865061962434761
SARNP,-0.025511905874632344
SLC26A6,-0.499870316209488
TTC8,-0.32669825862054835
EBAG9,0.36704933032627046
SEC62,-0.15986397193764987
PNPLA2,-0.20546713337940004
AKAP1,0.12340989441756159
ISYNA1,0.5161596063783223
DXO,0.14438161728790694
RAB27A,-0.3873676692081921
MMP25,-0.163990991387743
ZCCHC7,0.2580873488820959
KPTN,0.4907686976148792
ZNF576,0.324400261344866
MXD4,0.35113590056333527
SPTY2D1,-0.36884634040320574
NCKAP5L,-0.5396309611862476
TSPO,-0.2421789944320013
DNAJB2,-0.0715607605639275
STARD7,-0.04430588516756403
SPRYD4,0.36355459584917704
MRPL30,0.5011963006241633
TARS3,0.6078042968344765
HNRNPC,0.4022240844420611
TESK1,-0.1660920470413848
ZBTB16,0.5469615574384714
TMEM39B,0.07170868267841478
SKAP1,-0.3648514405191719
PLCB1,-0.06397729692123234
SNTB2,-0.8571750650930109
FN1,-0.5165390347113789
MTDH,-0.1867897523256802
CDC42EP4,-0.042676052225895586
GZF1,-0.049025621471605385
UBE2G2,-0.3491427379180338
MRPL35,0.21791173129597566
UBA1,-0.030286280953936987
CYB5R3,0.03120158459571367
MGAT4B,-0.021838615138769304
RGS12,-0.26915272442545296
FAM53B,-0.10405640686075238
TTC33,0.6293877089674058
STX3,-0.576797058685054
ATP5F1C,0.10128947279604278
THEM6,0.09623855587182788
CTBP2,0.19533750195653232
TASP1,0.48723780319937504
CDK10,-0.06251735720809065
UGP2,0.46106397544722805
ATXN2L,-0.03718587362228456
LRRFIP2,-0.1034391744794216
CCDC88A,0.040124994603569726
NECAP2,-0.38257623034678934
ZNF420,0.3754672451883114
BCL11A,0.7039332212749498
ZC3H15,0.4193351638853527
RAD51D,0.08369239420942268
NFAT5,-0.07762549666027041
ZBTB49,0.42609357698740197
C6,-0.42301902784445145
BRIX1,0.596135960775495
C2CD2L,-0.6170801825086968
LRRC8D,-0.8275449577540481
ZNF385A,-0.3349479270252398
GGT7,-0.26173296969590937
ATG101,-0.25258501166356656
TUBB,-0.3511951010697088
GRB2,-0.9002995568527848
ZFP91,0.29789755389274847
TPM3,-0.6690788020240247
EEF1A1,-0.21544759196036628
RPL32,0.08212543569682987
NKAPD1,0.42949818973220605
MRTFB,0.32337641622074903
RBMX2,0.13549988940682364
ANAPC1,0.30475478822218616
RRP1B,0.6793156376985774
AIDA,0.2440460120136249
GRAP2,-0.46460429192199604
CAV1,0.03933794148794073
RBM23,-0.028417716930464916
YTHDC1,0.7637098596618886
TRIO,-0.0009246403480354426
ZNF70,-0.02061025904648346
SMIM15,-0.05352014102738665
PLAUR,-0.7234268854781266
KCTD21,-0.1883579690316198
POU2F2,-0.9730209381395526
HLA-DQA1,-0.01434625805908373
CRYZ,0.3495011712698835
MPPE1,0.10616104587266743
DYNC1I2,-0.3127266441265373
SRR,-0.5850576892183067
TRERF1,-0.41938129760163767
RHOG,-1.090985376098719
ICOSLG,0.6467347555234682
NELFB,0.5745119079870423
RSU1,-0.3797306466102067
DFFB,0.773947794522358
H1-2,0.07252497720879285
ZNF449,0.10673172402128295
POFUT2,0.3036928625661493
TGIF1,0.5390854450642715
BRAT1,-0.14072658214584996
RASSF4,-0.35350917061085313
ANAPC11,-0.19554171964423206
FBXL19,0.40156420919883384
NDUFA4,0.16401198230665565
CIR1,0.2652565125448166
RPL7,-0.11797553886886746
IDS,0.09276104859472387
TPST2,-0.1772835783327694
PIK3AP1,-0.4446605237000541
SNRNP48,0.7342074772056313
DROSHA,0.13833967043160683
MIOS,0.513273049131901
ECPAS,-0.020795926212027447
EME1,-0.07982876292990135
TAF9B,0.6805310723377751
PKLR,0.23941844940317172
NISCH,-0.27978520912958343
ZNF564,0.2037736530093017
KRCC1,0.022391380724846456
RAB5IF,-0.30619450363070444
LIMA1,0.48601700209546006
FPR2,-0.4977516200394535
CORO1B,-0.2532134393681038
INTS15,-0.05724882381209903
KLC4,0.3167401820091789
SERINC3,-0.1816959644200488
CLDND1,0.3105871938413195
MAP3K20,-0.004691343292203013
ACOT11,-0.2613187526787982
TAF3,0.29887290477268524
PARK7,-0.07978826611135899
SSX2IP,-0.21578071440674992
EIF4G2,-0.1723921454814017
RGS3,-0.793693092849423
ARHGEF10,-0.24207583697120433
CAPRIN1,0.33501406180258425
KAT5,0.1604247244362534
FERMT2,-0.16611066144552297
SMPD1,-0.043147487736987386
ERMP1,0.2973206872258918
GANAB,0.09043345616426438
SENP8,0.01687303137098062
TRIM24,0.8128058994435725
PPL,-0.1995546905238474
ZNF14,-0.15440149317233573
ZNF721,-0.04414557873520948
IL6R,-0.3611120740331831
UBE3B,0.09243111647653611
AURKAIP1,0.086023444220091
TMEM248,0.32437085132570426
YBEY,-0.11742225697510025
ZNF823,0.37334923506257467
MAOA,0.24138596069210083
EIF4EBP1,0.16545527781180389
INTS12,0.3068201715126475
ZNF124,0.3463909179456851
BRI3BP,-0.14371290810976908
SMG7,0.2851433252012476
ZNF326,0.913953309460143
TRIM3,-0.2005322288439745
SLC3A2,-0.4394379890078637
GTF2F2,0.6090285209539439
OSTF1,-0.8654106459245299
PVR,0.3306387603611358
ASH2L,0.20265774034596581
MIA3,-0.058335192172159815
PTPN11,0.3147437041667001
TEX264,-0.3740575482299367
SOWAHD,-0.5698209147722599
LRRC25,-1.0656972936438527
SFN,-0.047885343961031036
SATB1,0.393317125173413
MRPL20,0.16406876778852958
SIGLEC1,-0.4655187791719307
ZNF81,0.6693946004108464
ZNF772,0.4360387664816339
MTSS2,-0.1104818489690631
PTK2,-0.6756456979022527
GSPT2,0.0729010444819555
TRADD,-0.41798628397028686
JARID2,0.2751349158123048
TUBB4B,-0.016358261031456676
WNK1,-0.31492483059931725
SRFBP1,0.9423960318092393
KLHL6,-0.33840352721893485
GGA1,-0.880938778283287
DCAF5,-0.12359396087121956
ERGIC3,0.01958941025083424
TMEM230,0.06922467780431225
ABHD12,-0.06706591876427483
P4HTM,0.3192443205331444
SEPTIN6,0.49196481841105305
ZNF34,-0.621670457433672
SMAD4,0.27043886837898656
FAM111B,-0.14151031945439146
FAM114A2,-0.152791336929698
THYN1,0.6578380669598841
NADK,-1.4898024329677855
DTNBP1,-0.4316629732547065
CCDC15,-0.16139254607792736
AKT1S1,0.03376443576517049
NECAP1,-0.38503274914850144
ENSA,0.06280135582582559
SYNE2,-0.3430723169387469
ADIPOR1,-0.8131463584068265
POP5,0.3502207529387422
PHF10,0.49362215189317454
HNRNPA1,0.4490109560560381
GOLGB1,0.2783296824885766
RIOK3,-0.22064797351526777
RPS2,-0.0578184796116732
MYO1B,0.6696529666066565
RASAL3,-0.09430764376964736
PALM,0.7088024140774556
ENG,-0.11668088657020624
LIN54,0.07124704356199842
TP53BP2,0.04575865932658783
PBX3,0.11123953231180377
ZNF93,0.22394869762562591
COX19,0.3413006641743289
FBXO38,0.12382696790850212
PRDX6,0.5144427469825466
BPGM,0.27961121657579496
CS,0.1066618519912693
SLPI,-0.4560159239337379
ICAM4,-0.7038358047160109
TMEM167B,-0.3430893946360302
FOXO4,0.13755210609629792
TRPV2,-0.5640466647887377
NUP43,0.2098975504575779
SLC25A15,0.38866043997899297
OAS2,-0.7221095234352483
TM7SF3,0.4518865877304299
BORCS7,-0.3016843692535566
PTBP1,0.3314512401824034
MED22,0.2872633426644675
NRF1,0.25505127783657233
SNRPD2,0.24080522105829655
VRK2,-0.11573090988984654
SIGLEC10,-0.9586035347029995
BAZ1B,-0.1801750072902272
PHKA1,0.2834791449115832
ATP9A,-0.3969044478598809
PARVB,-0.21912911379446626
RMDN3,0.3979663880779759
TSTD2,0.4445365752814515
MFSD2B,-0.22716890120729516
PYCR2,0.5194491260888049
CEP97,-0.006665876584183933
ALDH6A1,0.4824702317082506
FAM221A,0.5310725184603156
CD5,-0.4203340946635898
RNF41,-0.20840630470602495
PPM1G,-0.018528096499989526
JMJD7-PLA2G4B,-0.3204798091598377
RPL28,-0.20849904177513556
PLD1,-0.1464240291874196
FAIM,0.4596441540486545
ZNF669,0.5320505931028662
NKX2-3,0.03184814012181245
ZNF292,0.4027727557381614
SERPINA6,-0.19986026340235502
OGG1,-0.26201592544494606
IKZF2,0.5081517768547885
H2BC11,0.2686850991687582
POLR2K,0.14810162868147161
NDUFV3,0.1487649991332876
SERINC1,-0.21096235580388267
CLYBL,0.3390887497601067
B3GLCT,-0.05099761910585324
ATP7A,0.24722978536574658
HM13,-0.29293855499287874
POMT1,0.30045717020684665
METTL17,0.40738847589435445
RBM5,0.7024855860864843
PUS7L,0.3030707500003465
HIPK2,0.11930453982955998
LAMTOR4,-0.08664988247568964
PPCDC,0.12127411539919833
JAK1,-0.42168445681525585
KLHL7,-0.053768668599608715
FOXN3,0.06819354586581504
VMAC,0.2879876683005795
ANKFY1,-0.6385597698830474
C7orf25,-0.14251960253199242
VSTM1,-0.004626321768647167
CCDC18,-0.2730992503876738
ING4,0.7911248012998175
TMPPE,-0.25244846454812975
SERPINB4,-0.22479270126969927
MASTL,-0.31903998528227223
BCAP31,0.03194672988018038
TNFSF13,-0.6028541106389954
TCEA2,0.5880217034194054
USP1,-0.2922427597631036
USP7,0.16331109879821543
ICMT,-0.22830405838850237
TPSAB1,0.0636727764691471
PRRC2C,-0.34514145541556307
FOXN2,-0.40123968641406077
MEAK7,-0.2355874259367066
MCCC2,0.5084892397044402
RPGR,-0.02484675641287481
DPYSL3,0.4526571742777676
KPNA1,-0.5784521893441869
MAGEH1,0.07538489584533983
SNX10,-0.0333445782062034
ATR,0.06093060302291158
BROX,-0.3626875624330018
DICER1,-0.7418879743910621
MRRF,0.10913595253848653
TMTC4,0.029414648288942406
NNT,0.08588613844395522
PPA2,0.4583563750031522
CPTP,-0.22690219920950874
SMARCA4,0.6134094971167294
DUSP19,0.3020318723529105
CCR6,-0.194792963881918
PSPC1,0.4636689292665098
AUTS2,0.7246067754567814
ZNF76,0.02985300340913215
POMGNT2,-0.29333707322840813
CMTM5,-0.3026055312622854
ZNF136,0.43787890506124344
TRIM14,-0.5139616616290312
C1orf162,-0.8637256708038119
PDPK1,-0.8964343507217449
MBTPS1,-0.2705056136419677
ZMAT5,0.1085092316002332
UBE2L3,-0.20864663321307272
PTAR1,-0.3634722005839268
FOCAD,0.4829875667484062
ZNF341,-0.3625020850368263
OFD1,0.35765602761173826
BRWD1,0.08473656514520726
CLUAP1,0.2805298389530947
FCF1,0.367742207402119
LYPLA1,-0.13394313718104003
TMEM201,0.27519928151880557
H1-0,0.20719374214457525
IKZF3,-0.20315366982978916
ARID1B,0.9621868508285804
PTMA,0.4650566234210687
FIBP,-0.6086406686810711
APOL3,-0.7146815872082485
SLC37A1,-0.1111086320580184
NF2,0.33877979129867253
CDK5RAP3,-0.14941052900010626
QPCT,-0.04536822003144666
SLC25A40,-0.4850150504485079
FBXL14,0.4514264298758005
SEPTIN7,0.32986217291243825
MAFK,0.12447638503321487
PTTG1,-0.3603795736782875
UNC119B,0.33974956959396224
LARP7,0.5677278013411364
GLI4,0.14049707076840925
PRICKLE1,0.0602042278767179
CSRP1,-0.5079106231485369
MAP2K3,-0.2491812104840736
PEAK3,-0.8828307869733317
C2orf88,-0.0009277241310104802
RCBTB2,-0.07694494692677534
APOD,-0.2329295458836506
UBQLN2,0.11252898209994408
USP54,-0.12689669337193266
RHOC,-0.1914581501682696
RBM38,-0.2080306662296993
EPB41,0.24131147602477548
MGAT3,0.19481404772082153
GPT2,0.22513543638331276
NDRG3,0.21829713964800038
UBAP2L,-0.35409397218565547
ZSCAN31,0.7364596159837808
PTGES2,0.20041830858210008
CTSL,-0.7806414208999145
HMGB1,0.3419030494170566
ARPC5L,-0.030726178165080727
CPSF7,0.41187141511508935
STAU1,-0.19979133978558195
APLP2,-0.37942191803811337
SAMM50,0.3956902512197813
PARN,0.05410129974558711
AFF2,0.5426788519471086
ST3GAL2,-0.014697668050613184
ZNF587,0.2516877413612671
SH2B3,-0.3675544421030332
PLSCR1,-0.6137429907780619
SLC35F6,-0.0784095111578851
PSMA8,-0.09908889751776087
VAPA,-0.39494034273988554
ILDR1,0.010464812405451218
CTSB,-0.5515870860611919
MARCHF1,0.2481725722608543
GATA2,0.6971932302253854
RAB5C,-0.8113183688424138
DLGAP4,-0.23067898861634284
TOR1A,-0.3272899860889194
DLG1,-0.4089869804318807
MTMR2,0.5180192951584557
ZC3H7B,-0.2777104491225782
ARHGAP12,-0.36742269231274133
TSPOAP1,-0.22152505101587797
DPY30,0.1941916679731803
ANP32B,0.19405130560294062
NUP50,0.17731252609908704
LYAR,0.17694043480567048
RPS21,0.08003369591915031
ENOSF1,0.40317430405647625
TRAF3IP2,0.11240414359583983
RPL3,-0.0031910510161931543
RPL36AL,-0.3035835292995976
RPL27A,0.13326555947062116
RPL9,0.06686164712901123
RPL21,-0.08821598189645306
RPLP1,0.07006914516892535
RPS3A,-0.12696567975080975
RPSA,0.08703097630741836
RPL22L1,0.05684533694274143
RPL22,0.12975164424919647
GPX4,-0.1619168326692643
SELENON,-0.33045495579708417
DDX21,0.35238315321146885
SVIP,0.11363178219106429
TBC1D20,0.16179059388135097
DPAGT1,-0.10575222558486162
PRKAA1,-0.4142436752699768
UCKL1,0.056034184867011574
TAP1,-0.5900087618332795
DDX46,0.4913220027249366
AP2A1,-0.538141018875741
PPTC7,0.25750291146465065
CRKL,0.06644998950912487
NRDE2,0.5737048101690785
COPS8,0.14428691959817416
KIAA0586,-0.012041931119551976
RNH1,-0.9512284674976845
C11orf54,0.3308854993569345
ATG7,-0.6579165028872775
IPO4,0.2929568480497569
WDR91,-0.1561849334467903
DDRGK1,-0.18167400756446997
RMDN2,-0.5076222229163159
ANXA6,0.11918051808094868
AK5,-0.2143050395828489
MAP7,0.5924612007049044
MED23,0.17738919754140334
ITPR1,-0.18234757600109813
STYX,0.2860924073558985
TYW5,0.12219395233434442
THRAP3,0.58900886371652
ERO1B,-0.05640998801904397
HKDC1,-0.37811535057999895
FYN,-0.050451747947267464
ACSL5,0.024291940918830364
BMF,0.05310160850568723
AKAP12,-0.15658838180175766
PES1,0.4937260136958994
ZNF589,0.2603021022933151
STK26,0.18974921152083363
SND1,-0.19748325448581494
ALDH9A1,-0.39175544386938155
FAR1,-0.5437258151917108
TRIM6-TRIM34,-0.2279435378784311
NAA80,-0.050190580130826064
C6orf120,-0.05552666419125306
RAD17,0.7081781230485777
TMEM205,-0.3384539111799176
SLC25A26,0.18575788940811194
WAC,0.25434125319257145
ANAPC13,0.108241975727825
SUV39H2,0.6673851655334595
LUC7L2,0.4316292206229382
PIP4K2C,-0.31607794912223525
ZNF649,0.6208472179933637
PDE5A,-0.0020307414009809745
KIF16B,-0.3121200002761998
ENTPD6,-0.29038759414148585
HTT,-0.5043179497115569
C5AR1,-0.9867008512429979
SRGAP1,-0.07261120509590245
GPAA1,-0.24230020464685886
GPBP1L1,0.2622785138075817
BLM,0.21399047123491233
ZNF565,0.43203217594116256
MRPL52,0.12721654420129921
C6orf89,0.1345859209458304
ZNF607,-0.2742495228086842
POLR3H,0.8605847123925405
TBC1D9B,-0.17071357249522429
AP3M1,-0.3298394368757518
KEL,-0.13974411408561907
MINK1,-0.4085745080363916
TDRD7,-1.1376930303404498
ZFYVE19,-0.6364009886819227
ITGB1BP1,0.25491870169926245
MYH7,0.09129998110773024
MIER1,0.12901251084358883
SHTN1,-0.5781814784191324
CCDC69,-0.5254284090665059
ARID4A,0.40163134634832304
MFSD10,-0.2450209652026411
NUDCD3,0.04527724776889497
ZNF512,0.1942718035114243
RBPJ,-0.0954923978805401
COL18A1,0.04661173609357511
VANGL1,-0.06483939392161468
YY1AP1,-0.07465218671243018
OPHN1,0.15226386971800188
FCAR,-0.9376727852295649
DHCR7,-0.20143322372144176
TBCD,-0.12433558321802594
SPNS3,-0.027003458899467807
ZNF140,0.0921440929453681
CLK2,-0.0943599028897915
SYNJ2,0.51261877467107
ANKRD35,0.1377266205640536
FBXL3,0.26199494198966583
UBE2H,-0.1913174881507277
MRTFA,-0.7130142485606823
VAT1,-0.009331003481327392
DNM2,-0.670530420581547
PRMT2,0.21148076866922152
FNBP1,-0.04122551261236199
STRN3,0.5146224443972298
TTC30A,0.11547454322718408
COA4,0.4506213224989625
SFXN4,0.36606765387261186
PCNX3,-0.38316574901517086
TCF7L2,0.11149107521527388
NDUFA5,0.47705450169112706
ZC3H7A,-0.5577705778995771
PRPF39,0.33891562079816534
SLC17A5,-0.5291216808158818
SREBF1,-0.4917203787886631
MIB2,0.1456612826605214
ERCC6,0.16332676673280716
PDLIM7,-0.27936779322533006
DBI,-0.025156543488123285
SVIL,0.3064814103027187
GTF2E2,0.28837330283326884
HP,-0.5818426888563202
SLC25A46,0.23256937867368305
ADAM15,-0.5175750508443112
ZGPAT,-0.2324288144820343
MBP,-0.21119353944842434
STK39,-0.39314972576536766
TRIM13,0.3659466662127836
MYO9A,0.1538746185182486
PHLDB1,0.2287857579618317
CYP20A1,-0.1790548665129458
COL27A1,0.19790702478037017
NPEPL1,-0.46521261739606773
PSMD12,-0.2696119276478548
ST3GAL4,0.4279809502769312
UVRAG,-0.6313109089221495
FBRS,0.26858638744167856
NF1,0.21308006346259079
GTF3C1,0.47674758489310415
CDCA7L,0.5117245981801022
CENPL,-0.031986239514200994
CDAN1,0.3445240631492458
UBA5,0.1810109280077601
AKAP9,0.09448196793285832
RANGAP1,0.010111143905901458
G3BP1,0.1032144910027032
SDAD1,0.4457327973721308
RBCK1,-0.2850418018137736
NCAPG2,-0.3907830106593984
GALNT6,-0.47400473309104174
ZNF770,-0.021075795253582254
MYO5A,-0.8354827507181285
PAK1,-1.0425688394664065
AREL1,0.15375272425365114
PICALM,-0.5306945371173984
ARIH2,0.008408319175649746
PITPNM1,-0.3626043931687853
ACOX3,-0.18614667976242036
IGBP1,-0.4917757014645808
MPG,0.5342931725474883
UBE2C,-0.29523281039520943
WDR45,-0.22371823656729542
GPI,-0.4451787499170662
STOML2,0.5957331721209024
PIGR,0.3307718578518928
SAA1,0.032854424061855285
CCDC25,-0.0198336153657393
MAN1A2,0.008082654617257557
DYNC1H1,-0.44557762203916956
PEX14,-0.11376898721305186
KDM1A,0.7391104868800022
HNRNPA2B1,0.5181915446747241
SEPTIN10,-0.4671012392771646
PPP4R2,0.48264379655557
SIAH1,0.08922253140270103
SLC39A8,-0.3170987153869778
CRB3,-0.1433097353179784
PIK3R4,-0.5102851470867266
CCDC88B,-0.7052151261063657
ITGAL,-0.8009367919951091
HBM,-0.009100890604374306
PPP1R26,-0.30630986845548364
ARMCX2,0.19422040497167148
ACADVL,-0.11751834959209621
NHEJ1,-0.554968625054401
TNFRSF10C,-0.33717545310421804
BICD2,-0.6303911492758201
C12orf29,0.31661684819858316
SASH3,-0.37991710689057545
ABCD4,0.03132844956480854
SLITRK4,-0.032409737138232315
ZNF708,0.2749284197256257
NCL,-0.016047307272895404
RAB18,-0.5707032602384248
H2BC12,0.11587212477312585
IGF2R,-0.8245535992585479
PICK1,0.026905144636551494
CALM1,-0.6214431719355351
MFNG,-0.035419408848938704
ADPRH,-0.3197200632655584
CAVIN1,0.08787737322071776
PEX2,0.0722630126531796
RAB4B,-0.6090315198335629
LMO7,-0.010972499701757787
MOB3A,-0.8120591452880767
DCTD,0.17260206440715978
PRODH,0.271893381727123
AGTPBP1,-0.6738896903175923
TRIM38,-0.26495012369470483
OCRL,-0.34302782489003986
MCRS1,0.13110332085990895
XPNPEP3,0.03145874016956215
DYNLRB1,-0.03202081554291376
VPS13B,0.08583892707687918
GM2A,-0.28620303710663775
CEPT1,-0.3202458842648189
TOP3B,0.47876964611538664
ZMYM6,0.11341488834478629
CDC42SE1,-0.44752047407288426
RC3H2,0.09013241357438684
ZBTB20,0.492128346544659
FKBP5,0.05251257106878167
SMARCAL1,0.71180990238116
GFPT1,-0.657917435894999
APAF1,-0.8682371697758049
ATP13A1,-0.3021801584673134
HDGF,0.47685087448753405
GET3,0.029789673646688747
LAGE3,0.18866027416741096
SMC4,-0.45647928225984546
CCRL2,0.20022060238989284
MVP,-0.7416103425903818
ACSL3,-0.6881070644717389
FRMD4A,-0.06939607476793747
SSBP3,0.6380538609836425
ARID5A,0.00018214756046645524
ZNF451,0.5970079100908434
HNRNPA1L2,0.3606460611049586
ZNF74,0.032410159669653105
TOR4A,-0.45676438728288155
MAP3K6,-0.48710862059964893
AP1B1,0.04244437081460428
UPF2,0.5274021744290429
POT1,0.1549108390850244
FAM219B,-0.1310536625565474
BRPF3,0.10052280860548847
SLC30A7,-0.15844133877713565
BRCA1,-0.2379050005997276
ATP2B4,-0.24448475220422888
ASB13,0.07523966567126117
SAP130,0.6789118401341362
CREB5,-0.3771770146065914
NEGR1,-0.23523045926333316
MAFG,-0.42000607565646436
MCTP2,0.18558161916765908
GOLGA7,-0.5517480013937409
CHM,-0.8596255723396213
DDHD1,0.02922864426787614
APOA4,-0.35371451950347216
SGO2,0.058611843583006536
PRIM1,0.06267476898090801
COPS5,0.25936383225151055
ADCY6,-0.16292878691279689
ANKLE2,0.33380874412145
DDX47,0.34621010222745624
RAD23B,0.034504141889517226
STX16,-0.09134631699930447
GMFB,-0.21664352008246254
MPPED2,0.09569087583944068
PAX5,0.5786721365310565
HMGN5,0.5497523151090769
ZNF346,0.7753703853135928
METTL9,-1.3280004911200032
SPTAN1,0.1644927834869765
SERPINH1,0.230546693284843
EPHB4,0.06324310508232167
CTSE,-0.4603363176633403
RABEP2,-0.31280850861570086
SRC,-0.4151745665171275
DMAC1,-0.1439453119894545
DMTN,0.034406886789692594
TNKS1BP1,0.6778265710313095
HSD17B11,-0.4508018470277674
ZNF100,0.35789156044512693
ZC3HC1,0.7702862566484369
CX3CR1,-0.5332340584662576
MYOF,-0.832369966411422
WDR55,0.031272465995958905
ECHDC2,-0.010985761048256732
RHOT1,-0.05051193979809692
HNRNPLL,-0.46629399878493827
XAB2,0.21761344998807214
DCAF4,-0.4135723638394928
ATL1,0.4912159460701293
TXNDC15,-0.07463620233197753
GSTK1,-0.03914764833518322
DNA2,-0.15724880835373967
ITIH2,-0.32058021424096594
TXLNB,-0.04838338758811231
KIAA1671,0.18599824401947884
TOMM7,0.12473004747935865
AFAP1,-0.12620291812605458
TRIM33,0.3605423450220232
APOL2,-0.32193823176697095
PSMB10,-0.49086383897794944
CSDE1,-0.41664374322270636
ARHGAP19,-0.11392912168884746
SIPA1L1,-0.645894878708879
PFN3,0.18759922184890088
TMA16,0.5018148403534824
ARNT,-0.20498464408655573
ANKRD17,0.43511980435746556
WDR5,0.36894169302897867
ELF2,0.411782724882604
MAX,0.7343696761135636
FCGR2B,0.022012371209787763
EXT2,0.30551979187944656
ENTPD4,0.05770335683485056
HELZ,-0.18943045883264598
QSOX2,0.41832027355937135
BDP1,0.15593378609233963
FUT4,-0.019569975444232945
FZD6,0.3822690142405931
PBLD,0.2476573718608549
SIRPA,-1.0375362017599634
CDK11A,0.2783520439262325
FAM76B,0.502140386980942
MICAL1,-0.744454894718932
CLIP1,0.0706899116138102
MANEA,-0.043843418000199245
TMEM126B,0.19185014542193404
FAM114A1,-0.6220092931687121
TFEB,-0.7404879423919657
VCP,-0.07841545734845863
PELI1,0.8925689181428665
EDC4,-0.4429897557366491
MARCHF5,0.15706274813697305
RAB3GAP2,-0.12763828591077023
NUMA1,0.005741572747391434
ANKRD30B,-0.3487336273879394
NCOA6,0.14710792517192475
KLHL9,0.16606516044545705
PDE3A,-0.04544283709549839
NOL12,0.03315410024160037
SYTL2,-0.019452568280866545
WWP2,-0.29064334950003945
CD163,-0.7052378599323658
ABI1,0.02318144628966081
SLC25A29,0.6189297556823201
PHF2,-0.048082376698969836
BCS1L,0.3910201564900531
CTPS2,0.36666522823440145
PCBP2,-0.12245226280608149
CD2AP,0.19728756828043204
XRCC2,0.24122397975979948
C1orf112,0.31714460905666825
PLXNB2,-0.47209811771724336
DDX42,-0.04880704992220333
KLHL14,-0.02518769792174009
RASSF1,0.6040251098733699
HK1,-0.3225873579516379
NUP214,0.8054050622010939
RPE,-0.2283964116362301
YIF1A,-0.5047386833730075
C1orf116,-0.17361682320249197
MFAP5,-1.0343308041455026
SLC25A44,-0.0025853498159957022
ATG13,-0.029400039833385093
TECPR2,-0.24853108303862395
RUNX2,-0.0035121150392077127
DNMT1,-0.2660760886361127
ATP6V1H,-0.3512448648177914
PCNT,0.3079980366792794
INPP5D,-0.20264905267366506
CLASP2,-0.22091704605489726
LRP10,-0.32194355877012665
TYW1,0.22923328583409888
SLC39A10,0.6793832635756206
SUPV3L1,0.6135787442382419
HIBCH,0.5469430005508827
NIF3L1,-0.1910611620348333
G3BP2,-0.062103523872687735
GRIP1,0.20538646359201182
WDSUB1,0.17272935421982244
PTPN22,-0.41056250605408107
ZNF675,0.22004005738000645
PFKM,-0.27846650687608826
ZNF808,-0.012371385218671
SIRPB2,-0.7363059026293506
ARPC5,-0.7472244697705941
ZMYM1,0.3495978194466022
TRRAP,-0.10046345938686284
DDA1,0.309230471172284
SPINK5,-0.0733359545219795
KCTD18,0.37854712772425864
PLPPR3,0.03710502082789951
AMZ2,0.3181605428990565
PHACTR3,-0.07607611039964057
SULF2,-0.35201679477745557
ATG2B,-0.0971334882744278
FAM3C,-0.10220578449948274
PTPRF,0.11316726918719318
BRMS1,0.23063072764323692
ZNF517,-0.14429823583381624
ZFYVE27,0.15011239977979515
SRSF2,0.6382954433649148
SDF4,0.24230508336049772
MCMBP,-0.6140315248858594
HLA-DRB1,-0.2747484141531823
ARRB1,0.0019478487578796588
TPK1,-0.5460328371242797
FCER2,-0.42676262976090557
XRCC6,0.8574283583130413
TFRC,0.31265381474718845
C17orf97,0.12530906399560068
MAK16,0.7969101405293195
CD300A,-0.6773587122660721
ERGIC2,0.17339565067290358
FAM118B,0.019513009765048737
RTEL1,-0.33607286628319394
CUX1,0.7862655752528832
MSN,-0.8741254758351581
VPS13A,0.06892467259915806
RAB5B,-0.3106966800059344
MYLK,-0.24720157893989175
BAZ1A,-0.5379280896436681
GATAD2A,0.39311178886045395
FLNA,-0.9711423053277577
ZNF460,0.5567259343148389
ANKS1A,-0.46619904782430127
SLC41A3,0.25398223969606987
LRRCC1,-0.6204410201221956
EIF2B3,-0.025863770836008448
SRGAP3,0.004176260941293952
SULT1A4,-0.5200757374804172
PAK4,-0.03552329532795915
COL4A2,0.2594187448983125
PEA15,-0.4861646309409617
MME,-0.0005022093525889439
ANGEL2,0.6878100768136379
CES1,-1.1835157467762232
DPP4,0.24081288277321292
TOPORS,0.39762571124585466
ETF1,-0.08276949982948119
SCAF1,0.562174080618112
TPPP,0.39604653536771073
WDHD1,0.011645866846935662
MEF2D,-0.3499445294379099
URI1,0.05467125361425171
LONP1,0.36141280177989765
ZNF148,0.1848498759658907
PPP3CB,-0.18187914695167323
ADARB1,0.32969929491126587
SPATS2L,-0.5331108274306307
CYB561,0.12830852287377115
BSCL2,-0.08491241230865393
GTPBP4,0.34414629501052496
C1S,-0.7271735698115801
SCYL2,0.05657691467792984
MRPL37,0.4647743669719716
TLK1,0.7826276002805929
SIGLEC14,-0.8355820091249039
GNL3L,0.19936514870689273
NAA60,-0.9952358107447214
DNAJC5,-0.7617336158538223
EIF3B,-0.027112617687869975
MTHFSD,-0.0388448396143917
DAAM1,-0.493216941317399
AOC1,-0.46745445974549543
UBE2Z,0.07377906004508791
ZNF219,0.6350204364935437
ZCWPW1,0.6812500905074234
PPP1R13L,-0.17513023673947542
NCKAP1,-0.2806026166166091
GIT2,-0.3425288230692518
MPEG1,-1.0521003374402036
WDR47,-0.5556619565103879
UBA3,0.6866823305541069
GSTM3,-0.08281115439609503
RFWD3,-0.038449996906222736
PUM2,0.5489088365497338
ZNF37A,0.21023779975921333
NMRK1,-0.3297068648812062
STAT1,-0.8700129596527418
ZNF627,0.4928703392670752
MICU1,-0.7436224970317791
JADE2,0.394330919705909
PAPSS2,-0.7125186988191052
FOXJ3,0.3462590458996613
IQGAP3,-0.6708793198218824
SLC25A14,0.19454483907905576
C8A,0.09498818010993977
PHETA1,-0.047785630591276114
SREBF2,-0.06937964818663618
MAP3K3,-1.2782824735086424
FAN1,0.33846003326047214
MT-CO1,0.17399812994486163
ZNF277,0.5211245667724341
COMT,0.22876793542068952
CALD1,-0.39490365786290327
ZNF830,0.34117258223394054
TOP1,0.32271046879430804
MRPL24,0.2821793552790441
L3MBTL3,0.027116867316872413
PNP,-0.3556159334876928
TSC22D2,-0.05040548924415778
GLMP,-0.27071133465307023
MT-CYB,-0.23535178120197103
MTOR,0.14844588104701256
KIFAP3,0.0828111513595252
ITSN2,-0.530056015912297
CD3E,-0.3725030029712321
MRPL21,0.2574821210312998
GLI2,-0.03351000026385763
SFT2D1,-0.04502025190886142
SERBP1,0.3513719605549657
DENND4B,-1.0020230403978554
LDB1,0.9661512045939793
RUNDC1,-0.0867761351783521
MT-ATP6,0.13425130540969218
TAF11,0.016254849381517184
GPATCH3,-0.22238980566151928
MAST2,-0.412103018333324
OSTC,-0.0799815020230795
GPX7,-0.027141725124903718
PRC1,-0.30219976731075393
OPA1,0.6899726406313643
MT-ND1,0.034193202218286395
DENND10,-0.2939525306666633
ZNF485,-0.23385590410595197
AKAP13,-1.2440298552997415
SMC3,0.30471160300018135
EIF1AY,0.03925895789864957
CHAMP1,0.8918029596462573
SBNO2,-0.4268097014717515
RPL12,-0.04094965128068083
IPO9,-0.45850210632416477
COA3,0.07310133028698748
MVB12B,-0.06101101025178546
SPRYD7,-0.19687779590392204
PJA2,-0.05307812605942624
TBKBP1,0.004803489015476419
CD247,-0.31049233135962123
ZNF521,0.1953755962834808
SPOUT1,0.3677339258176806
MT-ND5,0.010633964177971725
XAF1,-0.5496015445339981
CAMTA2,-0.15179794771732988
ABHD14B,0.08494805515344611
TOX,0.8903054393645408
KIFBP,-0.004640743613742048
KIF21A,0.04239317706735864
QKI,-0.23033093144134908
RNF220,0.35605181649949563
MT-CO2,0.07943632456016132
CTNND1,0.11636923470775115
TIFA,-0.35935071105335786
TOGARAM1,0.4755874088204044
METTL13,0.3601169069647656
TLR1,-0.6096588942722335
CAPZA2,-0.19433646143676167
GAB2,-0.20960489043571612
SMC5,0.3819482744997351
MT-ND4,0.037017196777643126
ZNF318,-0.7126420709212894
SLC9A8,-0.41449524369604546
NAA35,0.6697774385673408
MT-CO3,-0.020357595553868582
CLSTN1,-0.11919512285737181
ILF2,0.40231166400949336
CTR9,0.07484061698838491
DZIP3,-0.3164480657946748
PER3,0.35371257992140603
CTNNBL1,0.46178108508241855
TAF13,-0.01950038653938383
NSMCE1,0.20135324891233017
ARHGAP11A,-0.17011550715862472
AGL,-0.2339442253486826
DCAF12,0.11075453168394794
KRT19,0.08194537859973117
NOS1AP,0.22076798875862144
RNF34,0.010469529085520048
SUCNR1,-0.022025628204371747
ATG9A,-0.6549836634953347
RUSC2,0.4041767281953253
COL6A1,0.025374916919905035
TMEM184B,0.1747914306371418
GPALPP1,0.9348897414543602
SNX6,-0.6726013317976749
HMGN2,0.08990084078921899
CDC42BPB,-0.1558367535765892
KIAA0753,-0.032445644388483005
ZNF511,-0.029490390080307977
SMG5,-0.030330192547513082
MT-ATP8,0.06765704895384052
CNOT7,0.33752266804809855
TMEM123,0.08466371463739301
C1orf174,0.06419537901470801
HACD1,-0.061831139698532975
RPL39,0.3222974216562594
PSMB5,0.3954104105574811
TGM2,-0.2277200743680322
APOBEC3C,-0.5622138501841292
CD47,0.2075966848611953
AKR7A3,-0.1340166415783042
R3HDM4,0.17395400567539335
MPHOSPH8,0.3066704455956246
LRIG2,0.2373836242750196
FBH1,0.2726104612409068
SH3BP5L,-0.07891873616833694
TRIM58,0.24777654806511815
GCSAML,0.6366876575600988
ZNF670,0.25754796623284476
AHCTF1,0.006089268251854325
SCCPDH,0.4491319464731618
CNST,0.5225866168058607
TFB2M,0.8557403886884047
KIF26B,-0.2710179725640775
COX20,-0.13011470140169065
ADSS2,-0.1629190988079651
SDCCAG8,0.020827713102759125
CEP170,0.3426959906378229
EXO1,-0.029321317438766595
CHML,-0.2205681381379229
FH,0.036597548422388104
RYR2,-0.23778552495454003
MTR,0.41074860763042687
HEATR1,0.9106733123090024
B3GALNT2,0.1238446830634481
TOMM20,0.12274007058369128
IRF2BP2,-0.03404557491856379
COA6,-0.02582860786830401
NTPCR,0.16770427057321682
TSNAX,0.3923253968973554
EGLN1,-0.2777314165814873
EXOC8,-0.1203732805738645
GNPAT,0.11684581612375658
C1orf131,0.5745388520241184
FAM89A,0.1446957450550536
TTC13,-0.018364754432376756
C1orf198,0.033729511598209624
AGT,-0.3948949259151296
COG2,-0.02709074447523993
GALNT2,0.09698372410784688
ABCB10,-0.195166196515605
ACTA1,-0.8424611591031245
RAB4A,-0.1896910391878761
RHOU,-0.06778068371758118
H2AW,0.07770995346727426
IBA57,0.3750991453106973
COQ8A,0.43072248987645406
PARP1,0.7965132408900795
ACBD3,-0.06299989438308784
TMEM63A,0.015716344322788886
ENAH,0.15711251573443477
CNIH4,-0.11008780255474476
FBXO28,0.038052709605546305
DUSP10,0.8127795655393054
HLX,0.09951294251153127
MTARC1,-0.6430460378354961
MTARC2,-0.03105615947544786
MAP3K4,-0.21110200808954863
IARS2,0.2890401498791988
EPRS1,-0.06139196968895922
LYPLAL1,0.5388610436583948
RRP15,0.7044749579835307
GPATCH2,0.3828571259955951
CENPF,-0.3529166244586621
PTPN14,0.2705655394043417
SMYD2,-0.1870669551197447
RPS6KC1,-0.35225297407057876
TATDN3,0.19862661771657703
NSL1,0.019480051843588003
NENF,-0.06712148641465308
DTL,-0.12329201624035023
INTS7,0.10763243806706918
LPGAT1,-0.6208518825666529
SLC30A1,-0.5782037556364489
RCOR3,0.3400634792826817
TRAF3IP3,-0.018697973080982148
PLXNA2,-0.021515433387020732
MRPL18,0.3633990180949274
ACAT2,0.010333133239863868
CR1,-0.8908607200478459
CR2,-0.08782356614827495
TAGAP,-0.23074571156886067
C4BPA,-0.33955817375656505
EZR,-0.6304784184634663
PFKFB2,-0.3676648562197156
DYNLT1,-0.288487908057768
TMEM181,0.15356903202821237
FCMR,-0.6576840624785549
MAPKAPK2,-0.8484587543725314
RHEX,-0.001916443289649014
RAB29,-0.6960519325739803
NUCKS1,0.25189989693243103
NUAK2,-0.586857966551423
DSTYK,-0.35111199254236064
TFB1M,0.5118129195981191
MDM4,0.18457410502232838
ZC3H11A,0.7218100282125516
LAX1,0.22108159267210964
CHIT1,-0.1613042157038363
MTRF1L,0.21063179122875464
MYCT1,-0.16751798329790688
CYB5R1,-0.12689715077659156
SYNE1,-0.0019145859872712894
KLHL12,-0.22857520066035053
RABIF,-0.18000464572484054
KDM5B,0.8353234966852877
TIMM17A,-0.05202619751306897
ARMT1,-0.6529291225323748
MTHFD1L,-0.024554306558163822
TMEM9,0.07272950356505475
KIF14,-0.37741110403801575
ZNF281,0.41408054818838297
PCMT1,-0.5984280414589429
NEK7,-0.71275306349843
ZBTB41,0.03473431912262235
KATNA1,0.30126543116201393
CFHR2,-0.7874735428667047
CFH,-0.1413769167733437
CDC73,0.19832059232449067
GLRX2,0.029949630486646284
UCHL5,-0.6708184459221908
RGS18,-0.19306801420793776
PLA2G4A,-0.3348548091520682
SASH1,-0.19699541975743243
TPR,0.8764829938138904
PRG4,-0.09866158751359175
RAB32,-0.14254449588227452
IVNS1ABP,-0.2480991782506755
TRMT1L,0.7145951064211831
RNF2,0.7404884071441115
NIBAN1,-0.09604088926648187
EPM2A,-0.13026287814312354
UTRN,0.6051729584866575
NCF2,-0.9446507249462878
DHX9,0.3069935488621162
NPL,-0.8650724899866755
RNASEL,-0.4393407032691141
GLUL,0.2487501371826268
STX11,-0.8845682655089199
SF3B5,0.22115946927548716
LTV1,0.40661043145276826
PHACTR2,-0.3544369762737156
XPR1,0.07182142577500862
PEX3,-0.01738407974610007
ACBD6,0.11707892074606818
QSOX1,-0.18263089651043465
HIVEP2,0.20574164639916362
CEP350,-0.6589787899216468
SOAT1,-0.813230254395682
ABL2,0.5067918357747732
TOR3A,-0.9430480619159326
VTA1,-0.18435369123253348
RALGPS2,0.12051117094306843
RASAL2,0.07437773897410181
CITED2,0.11916158395748817
HECA,-0.01496049696355416
ABRACL,0.04772615822898706
COP1,-0.5865400629727735
CACYBP,-0.4412230194721551
RC3H1,-0.3324042615756711
SERPINC1,-0.4074047122895931
ZBTB37,-0.172853181005154
DNM3,0.05500224821031776
GORAB,0.02967133721628025
SCYL3,0.08605791774019123
F5,-0.494331633846314
BLZF1,-0.23604454978003697
NME7,0.8873442451647906
ATP1B1,0.7241900516426127
HBS1L,-0.15665506535392526
TIPRL,0.040946377969908736
DCAF6,0.1237422330770869
RCSD1,-0.4623790032470436
POU2F1,0.6087342432289707
GPA33,0.10851130935811487
TADA1,0.19261952585292536
POGK,0.4794926310222157
UCK2,0.566338161390857
TMCO1,-0.25912354387461395
MGST3,-0.09771100180539019
UAP1,-0.14269334281035229
VNN1,-0.30978657289602496
STX7,-0.5077025420363744
ATF6,0.052486284801157385
DUSP12,-0.23385750297055666
FCGR3B,0.46768199436964525
SDHC,0.04338314595896568
CCN2,-0.49738163630859
TOMM40L,0.11506564711063119
APOA2,-0.2108068073595569
PPOX,0.5116267720132586
UFC1,-0.22043379767035803
DEDD,-0.45692134083417285
PFDN2,0.12176617841744268
ARHGAP30,-0.9062274615810673
USF1,-0.0281241130015829
F11R,0.2822161021966641
CD244,0.3163877073099894
CD48,-0.8222412831305279
SLAMF6,-0.02373718100203561
PEX19,-0.27219796777134053
DCAF8,0.34437728338152124
ARG1,-0.425091188342226
PIGM,0.3357943282759369
TAGLN2,0.18515387725578705
DUSP23,-0.11355993627495849
FCER1A,0.11904757496488419
AIM2,-0.37769498449384814
PYHIN1,0.0021905399819524118
MNDA,-0.6956088382259805
ARHGAP18,-0.2528334543059466
CD5L,-0.5607383914260674
ETV3,0.2984700417642287
ARHGEF11,-0.4152643397365318
SH2D2A,-0.32089326726022743
METTL25B,-0.05534542458009371
ISG20L2,0.435772595376139
CRABP2,-0.29064779776572486
NAXE,0.25521147166172525
THEMIS,-0.22960418315891676
PMF1,0.07165772241443132
SEMA4A,-0.6067680945818118
LMNA,-0.4448145844372926
LAMTOR2,0.049538242960884014
UBQLN4,0.899366185950398
KHDC4,0.30347056302765674
RIT1,-0.050695380863526165
CENPW,0.3540029127141333
GON4L,0.5608764870887251
DAP3,0.27753623376350717
RUSC1,-0.19157929126236295
FDPS,-0.1762940171161493
GBA,0.3288940216709484
MTX1,0.3034738844899081
THBS3,-0.1243271247534167
DPM3,-0.35086209689865255
SMPDL3A,-0.26113588327389
SHC1,-0.516915520003228
HSF2,0.3057574387908414
PYGO2,0.11842953769122838
PBXIP1,0.6503717987317474
PMVK,0.06243309212231464
MAN1A1,0.11278525249482065
CEP85L,-0.44665099038881506
ATP8B2,0.49207628561751904
NUS1,0.07143573034663787
C1orf43,-0.30826215907545274
ECHS1,0.49813003619078794
RAB13,-0.05360547610360855
ZUP1,-0.09512556066128341
INPP5A,-0.2958374249507051
CALHM6,0.06089996875946967
CREB3L4,0.15903659740510298
TSPYL1,-0.6502651306990735
CRTC2,-0.4771553757935622
BNIP3,-0.7421004913469469
MKI67,1.0993614090188615
GATAD2B,0.6712990707620186
TUBE1,0.06153454142163061
SNAPIN,-0.10357652068795607
S100A16,-0.5458131903531456
S100A2,0.1016783940057131
S100A3,-0.1423971310234179
S100A4,-0.7173927765793613
S100A6,-0.650668279404147
S100A8,-0.8350920742404595
S100A12,-0.8938430721860311
S100A9,-0.8821296569163308
UROS,0.313940267054008
FLG,0.32443693236800986
HRNR,0.18136439271148327
REV3L,-0.021057534052077918
S100A10,-0.8481867768204701
THEM4,0.17467801961672866
TDRKH,-0.3007822463333243
MRPL9,0.5276194929924082
LHPP,-0.2780420491300604
OAT,-0.003426012239499053
BUB3,0.2099106287751047
SELENBP1,-0.040711785562719455
GTF3C6,0.36691433758058006
PI4KB,-0.05337620919760052
ACADSB,0.4896961811228401
PSMD4,0.0693677625752394
AMD1,0.2881300122882643
IKZF5,0.1719652297418748
PIP5K1A,0.026107971974750097
VPS72,0.5895464468873246
SCNM1,0.4672360014792718
TNFAIP8L2,-0.7852867519557284
CDK19,0.5460976213096691
GABPB2,-0.45227342187647657
MLLT11,0.04237149204345611
DDO,0.05070223853787108
ANXA9,-0.27285627185725414
CERS2,0.15884507396937522
CEP57L1,-0.2737645779993031
AFG1L,0.27902557851319937
CTSS,-0.8153282799516819
PLEKHA1,0.21566219459948988
SEC63,-0.2466001604361724
SCML4,0.42269618878262055
NSMCE4A,0.17093663112424126
MCL1,0.07240326488355718
PDSS2,0.15927709931731368
BEND3,0.44782257687432653
QRSL1,0.3408221439784501
ECM1,-0.048949008930467365
RTN4IP1,0.3166433297637637
TARS2,0.6867743372026384
RPRD2,0.709899303497484
SEC23IP,-0.07047165678397484
ATG5,-0.30707549415061364
BAG3,-0.55367436249823
TIAL1,0.7421059019466388
RGS10,-0.4435989753095207
PLEKHO1,-0.19070709346147813
GRIK2,-0.33297014133926245
EIF3A,-0.2846366943534009
SV2A,0.06432266919950044
CACUL1,-0.11936111331931631
BOLA1,0.005381329110076545
H3C14,-0.1229153286759033
ASCC3,-0.17753111590832968
H3C10,-0.0010058836757310945
FCGR1A,-0.9907898333150033
FAM204A,0.6235331992398013
GPR89B,0.49920917173428797
PNISR,0.4923657324289435
FBXL4,0.499963064628969
FHIP2A,0.29287471574518825
MMS22L,-0.4345795629140985
ABLIM1,0.055485518728912026
CHD1L,0.6263915241697547
NDUFAF4,0.1983896765051873
UFL1,-0.12518125279320927
CCDC186,-0.7055412155133163
PIAS3,0.14048292879722407
NHLRC2,-0.1913019488964278
PEX11B,-0.12133370165247145
RBM8A,0.21100949560518587
POLR3GL,0.33564945037075594
CASP7,-0.028270264223330652
MAP3K7,-0.1500969279215993
SCAF11,0.533829736026061
MDN1,0.8435250763028342
ZDHHC6,-0.02765398279841106
RRAGD,-0.007467107664680424
GDAP2,-0.3686697626850678
TENT5C,0.4695608795091137
CLIC2,0.4132895198199302
SHOC2,-0.4365988918840189
RAB39B,0.3371018782586487
BRCC3,0.033275589267531165
TTF2,0.11940136085478131
CD2,-0.16649293474136354
CMC4,-0.4352134772567043
RNGTT,0.27355932116169746
CD58,-0.6736591106654203
FUNDC2,0.024336691492773288
F8A2,-0.5722034507282441
TSPAN2,0.034760689519840425
MPP1,0.49827036471830943
NRAS,-0.025505931285581394
RARS2,0.1533669861307386
BCAS2,0.5177562263946364
DKC1,0.8591417799066655
SLC35A1,-0.16007064534988513
AP4B1,-0.3574426160576944
GAB3,-0.010634850447971947
SMNDC1,0.7392916893327536
G6PD,-0.7634363099759411
SYNCRIP,0.7238030349598678
SLC16A1,-0.019766366884273023
MOV10,0.33647856692434486
UBL4A,0.2870061651919152
CYB5R4,-0.31649786613613046
PLXNA3,-0.34792140264840116
DDX20,0.5632319497113706
ME1,-0.2518346595485841
RAP1A,-0.4978026193664317
GSTO1,-0.18821376162359477
ATP5PB,0.23342826203943376
RWDD2A,-0.09190888978813344
SFR1,-0.14158072610425332
COL17A1,0.03777724815364413
TPBG,0.2566939246832288
DENND2D,-0.30342447357020585
ATP6AP1,-0.7070708076309516
LRIF1,0.49061797187542555
SH3PXD2A,0.04014941189577485
STRIP1,0.12530517249225182
PDCD11,0.9453794713094953
TTK,-0.1490776684270394
AHCYL1,-0.1667237084768936
DNASE1L1,-0.9205157867995387
ATP5MK,0.28966957542570587
RPL10,0.022930468445815325
GSTM4,0.0327934748336266
SH3BGRL2,-0.4435698846719385
TAF5,0.30278410761228314
AMPD2,0.18399867085217694
EMD,-0.3609290564644507
PCGF6,0.44472028088411053
GNAI3,-0.5215234810078471
ATXN7L2,-0.08724482685734436
CNNM2,-0.22691879781322832
ZNF512B,0.1845018018805392
SFXN2,0.08426312170453572
SUFU,-0.02784056748425704
ACTR1A,-0.3876386567266586
TKTL1,0.014783579769629357
SARS1,-0.5986346767089762
CUEDC2,0.016384548820053423
OPN1LW,0.07171189195729498
FBXL15,-0.10110457033373865
CLCC1,-0.3014672430919883
MYO6,0.13733204127587362
IRAK1,-0.44897645845908474
STXBP3,-0.2874344865291679
PRPF38B,0.3950366513615491
ARMH3,-0.13181158955183161
FAM102B,-0.5215986302690884
STMN3,0.37855732123568453
VAV3,0.2500232790240948
GMEB2,0.2074158769628724
PRMT6,0.655926114748395
COX7A2,0.008431412758989041
SSR4,-0.2697309840053925
DPH5,0.2361197405094929
NPM3,0.32294581495192365
EXTL2,0.5496121095302151
RTCA,0.03120872637930363
FBXW4,0.04674840357456859
DBT,0.4849846895138475
TRMT13,0.4650346084887638
DPCD,0.6519427797576137
POLL,0.21024113646113446
PPDPF,0.06920070900338958
DPYD,-0.5394606069004237
RWDD3,0.2688496635846007
ALG14,-0.48872221413789585
CNN3,0.222002229292819
HAUS7,-0.20984890645481521
ABCD3,-0.4731964282874999
LZTS2,0.3213591578947223
GCLM,0.008716583766165879
DR1,0.11729086536416437
NSDHL,0.007388433245343101
CETN2,0.35599711633144393
TMED5,-0.2527723087621202
ARFGAP1,-0.39229482733103965
MTF2,0.4579551353268169
MTO1,-0.06386149125618733
CGAS,-0.29499197179581
RPL5,-0.026084972186044286
EVI5,-0.09558452235130326
YTHDF1,0.25552893135579857
SCD,0.43666029563205977
GLMN,0.4350995721014557
HMGB3,0.36024313377252426
BLOC1S2,-0.27917131074949425
CD99L2,-0.260735249326719
MTMR1,-0.0971390900322056
MTM1,-0.5969342183829288
CHUK,-0.3103039824460416
EOLA2,0.08420672986684452
OGFRL1,-1.163198918521039
LRRC8C,-0.835641623895131
GBP5,-0.22952570373140982
GBP4,-0.08200697473938019
GBP2,-0.3243163554094602
FMR1,-0.00200077121049829
GBP1,-0.7431513629346069
SDHAF4,0.09373310547843507
CUTC,0.6000557653006483
GBP3,-0.4750048172201331
MRGBP,0.5324307969980516
ENTPD7,0.4444033790460014
SLC25A28,0.12451090289216903
GTF2B,0.40936617393627533
GOT1,0.18184295447268448
CREG1,0.04063599379630623
PKN2,-0.18747965327662072
LMO4,-0.23161102211017315
HS2ST1,0.18676059513435944
ODF2L,-0.45059408325021966
ZNHIT6,0.7720832880295228
PYROXD2,0.059547535658604635
RBMX,0.6264579025197714
CTBS,-0.4488575680877726
PI4K2A,-0.6309362757755698
GNG5,-0.6534673251709721
RPF1,0.18358829948756158
UBTD1,-0.46558453797057286
SAMD13,-0.2284403345860385
FHL1,0.2754107541187069
PRKACB,0.39781433634115343
BAG2,0.35273989782681664
SLC9A6,-0.40732852659520546
KIAA1586,-0.2934574932156223
IFI44,-0.00016297806389069556
IFI44L,0.556281105075297
INTS6L,-0.3130362582496346
DNAJB4,0.29623450592876927
FUBP1,0.14620134234260546
MIGA1,0.018615923584608337
USP33,-0.6161785424760398
ZZZ3,0.3828634914918984
PHF6,0.6159659926746615
PIGK,-0.2564125465979465
MTG2,0.3077664034009487
GPC4,-0.3201974893424998
MBNL3,-0.11108887055340844
PSMA7,-0.19084046273763391
TYW3,0.17995309523651945
RAP2C,-0.2075245802913408
LRRC1,-0.02202266097814503
FPGT,-0.5296211540430954
EXOSC1,0.17156113215865915
ZRANB2,0.5811094199405132
CTH,0.2521907356720084
ANKRD13C,-0.3012845764731743
SRSF11,0.7150871665937945
LRRC40,0.11260638839312517
PGAM1,-0.9503550797651167
ZNF280C,0.4599677440246573
GNG12,0.009797957723874776
RRP12,0.5011892313064557
PPP1R3D,-0.4897753657674059
FRAT2,0.3378695915668373
FRAT1,0.17166015498172557
ZNF831,0.30455061155885205
LEPROT,0.2989778622056
RAVER2,0.41499894544619126
PGM1,-0.15253193262233575
SH2D1A,0.17722782199129258
TM9SF3,0.07928644470503551
STAG2,0.0669939923357582
ZBP1,-0.22298207208574394
DNTT,0.31845213182239623
RHAG,-0.1773299520531113
XIAP,-0.37373939822887986
ENTPD1,-1.0123902729941943
HOOK1,-0.05505496690560874
ALDH18A1,0.5058861845414878
OMA1,0.04169104280741641
PDLIM1,0.39253047375890765
DHCR24,-0.05860478891608858
PARS2,0.6275513887032613
TTC4,0.05464721640676144
MCTS1,0.11175647473898019
CUL4B,0.16489147986364905
TCEANC2,0.36570850459910687
NOC3L,0.47098979154844706
LRRC42,0.0016199275036244106
FAM210B,-0.05792807722992785
NKAP,-0.13432595000406472
PFDN4,-0.10780935321436495
ARRDC1,-0.2899972449197327
NDC1,0.21451202038318934
FRA10AC1,0.14162638578766637
NDUFA1,-0.18394485867925858
RNF113A,0.3218015726551751
MRPL41,0.3474428477914802
RBP4,-0.025628747252780686
ZNF217,-0.3516505009008782
CDC5L,0.7470892374866374
CEP55,-0.562119398899074
CPT2,0.31830056847071714
SCP2,-0.5264261637267396
NDOR1,-0.5015334981440345
COA7,-0.011541907826841457
UBE2A,0.009259102108129353
ORC1,0.060135352869974304
DPP7,0.034180649295009746
DPM1,-0.015106144568539542
MAN1B1,-0.06512804888400775
BTF3L4,0.19088584585687415
SLC25A5,0.020472667465749706
KTI12,-0.16982523379438041
PAXX,-0.23450437150300546
PTPN1,-0.4138554785038657
PTGDS,0.12882821361031355
TXNDC12,-0.3616211785819488
TNKS2,0.3813742907440157
HSP90AB1,0.3157778981790585
PEDS1,-0.056620439515887515
UBE2V1,-0.33025679198794966
DIPK1B,0.2944896323821782
AGPAT2,-0.29289644119634917
RPP30,0.4316228869210077
OSBPL9,-0.4354009904502564
PMPCA,0.4233334287857936
CARD9,-0.4137020620051896
EPS15,0.2959122632009909
DNLZ,-0.005303772512810781
SLC29A1,0.16771073133714337
UBAC1,0.03836699191162757
CDKN2C,0.3910024611102706
IFIT5,-0.31496156663612673
IFIT1,-0.4206982236543451
FCN1,-0.739481793630509
IFIT2,-0.6894425501362105
BEND5,0.5579802110616126
VAV2,-0.4542508143736834
CMPK1,-0.06413530548635053
SLC2A6,-0.1034068957700576
ARFGEF2,-0.6365533769086512
STAMBPL1,0.010272932396091769
ANKRD22,-1.005999729077618
EFCAB14,0.473428157050648
PREX1,-0.6509800808271619
REXO4,0.5613974843192263
MKNK1,-0.4074833989820603
AMOT,0.32382330649515895
SURF2,0.09409588423354098
SURF1,-0.14242372278606114
POMGNT1,0.028571071935685095
SURF4,-0.5376432172876275
MINPP1,0.2848088045021263
NCOA3,-0.008186562224385947
RPL7A,-0.05442477186171241
ADIRF,-0.5527560171425739
MRPL14,0.43244648955138965
SURF6,0.8010771336540853
TMEM69,-0.02094612639138438
RALGDS,-0.19046339130920295
PRDX1,-0.027568027793380686
TESK2,-0.3504364053938327
CCSER2,-0.1030611491280234
TOE1,-0.006329110437680466
GTF3C5,0.3585865605334141
TP53RK,0.7631465685987882
MUTYH,0.14545987818383202
GFI1B,0.3958932744888397
MRPS18A,0.2729905417466704
GHITM,-0.006450135292796326
GTF3C4,0.5030688239386037
DDX31,0.328512816089598
HECTD3,-0.4982585669876519
PRXL2A,-0.034431402501550926
RAPGEF1,-0.4603057409521406
UCK1,0.041572952085656145
KIF2C,-0.4493643258217399
ATG4A,-0.23367509046912235
POLH,0.18396555294935674
ERI3,0.5503608038129638
FAM78A,0.14746016429834027
CD40,0.20139079009468122
DMAP1,0.7950390059033338
MMP9,-0.2974416815903895
ZCCHC24,0.1330028258407177
IPO13,-0.19957054539180352
ABL1,0.10031386331316514
EXOSC2,0.3092764099781386
RPS24,0.018675973356402333
POLR3A,0.9536958044444537
TSC22D3,-0.1460817492146062
DLG5,-0.0015358483621516433
KDM4A,0.36290325090070025
NCS1,-0.7156941324934482
PCIF1,0.4920540970575445
YIPF3,0.10184884183954372
USP20,-0.01866004455723377
HYI,0.11308099083838064
PRPS1,0.00002453140943421739
TJAP1,-0.31872819366872907
C9orf78,0.35450854889266664
ELOVL1,-0.3424354600042656
PRRX2,-0.4806539795052267
MPL,0.6519789366394232
TIE1,0.32624450948965017
RBM41,-0.15394095653025003
NTMT1,-0.42065414088132913
ZNF691,0.49837567633745333
ERMAP,-0.12343196941892426
SVBP,-0.13569728398536157
ZSWIM1,0.06526659035331937
ZNF503,0.025958336914451367
C1orf50,0.06773988474183057
COMTD1,-0.5585651130582867
DOLPP1,0.013812853361543573
YBX1,0.04401329148581662
TNNC2,0.2081569179640472
PPCS,-0.3568331903454102
SERPINA7,-0.2378144156798761
SH3GLB2,-0.32934526878674475
NUP188,0.6849443406849002
HIVEP3,-0.31445332756794314
PHYHD1,0.1904040451974362
LRRC8A,-0.19726096106145438
VDAC2,0.36574968777147454
DNTTIP1,-0.29303674892028686
TCEAL1,0.6766910730810825
TCEAL3,0.3878717869040031
TCEAL4,0.5732214543111497
CITED4,0.03479523207755725
ENDOG,0.1635349171761549
TBC1D13,0.2909645962232723
ZDHHC12,-0.21998792479669804
TCEAL5,0.04195487165019115
DYNC2I2,0.13629902432591148
SMAP2,-0.7020265710584876
SDC4,-0.1941467319046258
COL9A2,0.0973297663989805
ZMPSTE24,-0.04494259136881131
PLAU,-0.3360341205320395
RLF,0.43854801540984983
CAP1,-0.34872844645656953
STK4,-0.6033859981810891
TOMM34,0.2757094240131453
ARMCX1,0.1181470316421037
CHCHD1,0.0918864981044873
CNPY3,-0.5679252797143081
HNRNPH2,0.09257816112480896
FUT11,0.20430885086680628
URM1,-0.30897012401740703
PABPC4,0.2156635692597684
TBCC,0.028348245649715286
PKIG,0.44314368426863693
TRUB2,0.6051434039557815
UBR2,-0.3904694751824876
TIMM8A,0.3493981963829137
ANXA7,0.20266442030861284
TRMT2B,-0.026447430429041324
MRPS16,0.3694996156909357
DNAJC9,0.32219435984371525
NDUFS5,0.052371756668276974
CSTF2,0.5503458569473811
TAF8,0.29700448914455907
ECD,-0.03307394494259782
SYTL4,-0.016256517410407456
CCND3,-0.3354686348100817
BBLN,-0.00125044181727068
RRAGC,-0.2172861939815166
UTP11,0.23081792434927564
FHL3,0.027644385793205148
SF3A3,0.5697812179268051
INPP5B,0.19600393895908702
IFT52,0.19207037369194957
MTF1,-1.1022691616227958
C1orf122,-0.1551804629432122
YRDC,0.22400159678698706
MANEAL,0.25987315483836787
MCU,-0.5889052377607242
CDCA8,-0.4639053796003448
GNL2,0.3055971371910981
SLC25A25,-0.0012333728761741293
NAIF1,-0.03757250761115794
ZC3H12A,-0.39582991218625235
CSF3R,-0.13909328794913994
SPOCK2,-0.5126090900119773
MRPS15,0.08495402390323799
MAP7D1,-0.2982070543648631
ZNF711,0.3428512519383004
TRAPPC3,-0.13998273366132305
APOOL,0.3332310085454432
ADPRS,0.11548512598037064
SLC29A3,-0.06206602914153564
AGO3,0.5288986478267649
SGPL1,-0.15316022496425205
AGO1,0.1851375851365868
AGO4,-0.5400042797743306
SH3BGRL,-0.16584949921859204
EIF4EBP2,-0.4391305496713867
FPGS,0.440507043529162
PPA1,-0.04630856290706878
CHD6,0.5525077733070716
PSMB2,-0.16232427549437622
SAR1A,-0.6690585125243084
NCDN,-0.599145956207818
MACROH2A2,-0.061305888666722264
CDK9,0.7244562134538237
BRWD3,-0.24914405018214017
TOR2A,-0.13960053189401295
ITM2A,0.24613680393476559
STXBP1,-0.2346925743251889
NIBAN2,-0.8454716565247153
MAFB,-0.7119310679410737
PGK1,-0.1246555025321668
TRAF3IP1,0.6652182223569424
TMEM35B,0.13429466538829501
ATRX,1.0329242837113055
PBDC1,0.25102033137472773
GLO1,0.4754088481847669
UPRT,-0.07695452258047386
CCDC167,-0.03967895282929449
RPRD1B,0.662087313761367
TTI1,0.11618731527663918
AK2,-0.2791885799296799
CMTR1,0.5227493994324529
ZBTB43,0.07833664440246149
S100PBP,0.2967423103949376
YARS1,0.23955500335804675
RNF8,0.3116610164246496
RBBP4,0.20814869090107127
TBC1D22B,-0.04117404800936322
ZBTB8A,0.3018934042579672
MARCKSL1,0.47576565849582075
RABEPK,0.39043020334472883
PPP6C,-0.4407746118567278
HDAC1,0.5441501475539133
SCAI,0.5402539811945793
GOLGA1,-0.5738325374323595
GIGYF2,-0.0017325652798680603
HDAC8,0.16578349105224832
OLFML2A,0.16475316210971588
DDX50,0.6709830177744309
NEK6,-0.4607928786914114
MANBAL,-0.25848803323890573
TXLNA,-0.2650789389695751
MTCH1,-0.24124982569640288
DENND1A,-0.5688845980173566
KPNA6,0.05598023435475018
RPS4X,-0.004885271592462832
RABGAP1,0.03447069913812214
ZBTB26,0.3636009739275564
RBL1,0.03251644097793111
PIN4,0.26932304934036644
PPIL1,0.5310602760942932
HERC4,-0.22606334064507128
PEF1,0.029536804881019223
FABP3,-0.027515804722832892
SRSF3,0.6649789230896178
OGT,0.3741851611721362
KCTD20,0.16763551243915234
DSN1,0.041905061117698886
REEP3,-0.1597579079692544
NDUFA8,-0.05628744771043492
ADO,-0.03252400829612177
TAF1,0.4269630668059936
SRSF4,-0.026582536275861993
YTHDF2,0.3727484187826745
GSN,-0.5062258306614663
TAF12,0.3174806349295444
SRPK1,-0.11601149465652767
TRNAU1AP,0.2102281804595134
PHACTR4,0.533875031494487
RAB14,-0.24263041615326736
MED18,0.21020689830247727
CNTRL,-0.09691681334660772
PTAFR,-0.001153132252163382
EYA3,0.07893634140063417
OBSL1,0.09787955103233303
TRAF1,-0.09045031056024454
SMPDL3B,0.1659715015659643
RPL10A,0.00530080799019338
RPA2,0.41823960154004836
THEMIS2,-0.7133030502600207
MEGF9,-0.8635555952675397
CISD1,0.10652896139839844
IPMK,-0.3184299819441009
STX12,-0.9659540383106522
ZWINT,0.008709772522463924
FAM76A,-0.04017910541033271
DES,0.054045733995973365
TLR4,-0.9894144154720312
PRKG1,-0.19717334214056054
FGR,-1.0239745484145824
PHF20,0.9173645448578341
ILRUN,0.314877149505093
ATP6V1G1,-0.5697017262944616
TMEM222,0.15960061803919662
ROMO1,0.22600034179144343
NFS1,0.3069114988502174
AKNA,-0.5788484561124464
OGDHL,-0.03392142293162805
RBM12,0.5306123731364877
GPN2,-0.02323964433680693
ZDHHC18,-0.0722667367362034
POLE3,0.00024501939610467604
ARHGAP22,0.485737960484408
MAPK8,0.21525692694991974
HDHD3,0.5266164042325746
BSPRY,0.5389621440421273
PRPF4,0.25856648852604014
IL2RG,-0.019288550384023447
CDC26,0.19508870791349886
UBXN11,-0.013569377666029864
PTPN20,0.06734466108355996
SNX30,-0.5664429151016471
INIP,0.015132282532446176
KIAA1958,0.3898620258091826
PTBP3,0.2756699062589701
SUSD1,-0.22846970782205178
ZNF593,0.2422866057141385
FAM110D,0.053351349923213096
PDIK1L,0.14722703504014822
SNX12,-0.26538954109626955
UGCG,-0.18600525183172834
PAFAH2,-0.6526243695363872
GNG10,-0.37166098570946626
MTFR1L,0.2547164942306432
MAN1C1,-0.5334138873379178
LDLRAP1,-0.2836099995028971
MACO1,0.42164297708402265
TMEM50A,-0.020133399126798214
CLIC4,0.2824199933435372
UQCC1,0.32376522710171435
ALOX5,-0.5853975920076897
RCAN3,0.06506626230908112
NIPAL3,-0.6605940501429483
KIF4A,-0.24155286971175308
ZNF32,0.15416808500260215
EIF6,0.10570338611023261
CSGALNACT2,-0.5173236336839003
BAK1,-0.07557576690865887
FUCA1,-0.12857010921931608
HMGCL,0.2179137819784153
EDEM2,-0.28020438112910306
CUTA,0.20800799493306674
PHF1,0.5298674534012265
LYPLA2,-0.14544742616393017
TXN,0.21349711896060522
BMS1,0.7867837217305609
TMEM245,0.18456893461657484
STARD8,0.6316312504493037
PFDN6,0.04031383380780195
WDR46,0.3806493192652762
ABITRAM,0.5229657704842637
C1QC,-0.4714733916578056
C1QA,-0.4041183693709482
ELP1,-0.24006754297526625
RING1,0.43407519233231423
HSD17B8,0.5351415039197251
KLF4,-0.17031858589915083
SLC39A7,-0.13091167463843728
RXRB,-0.23559085074795938
TMEM38B,-0.3413442117015863
HSPG2,0.16802612953429444
CCNY,-0.07696616500867844
SLC44A1,-0.46583780136982433
VSIG4,-0.15940866950881513
OXLD1,0.24353721309086387
CUL2,-0.28238665615546865
SLC38A10,-0.3989629529781605
NIPSNAP3B,0.2428251002432293
RAP1GAP,0.1096988573574394
NIPSNAP3A,0.22012400768570667
PARD3,-0.15610344826048617
SMC2,-0.3502363053479271
LAS1L,0.8242474499388307
BRD2,0.6212035725632721
ZC4H2,0.5248849892391982
ALPL,-0.525174891350621
HLA-DMA,0.36029930201508553
MTMR8,0.2718523001635246
PSMB9,-0.5694330793531951
MRPL50,0.5187522176717616
PSMB8,-0.4362757034168699
SPIN4,-1.0594329201285173
TAP2,-0.4558352646929
TEX10,0.696166804975176
SPIN2A,-0.1642685969179784
SPIN3,-0.05093980872701014
RRAGB,0.13877638763224462
HLA-DQB1,-0.049541577450126606
PAGE2,-0.06999561268029529
HLA-DRB5,-0.21456933949151477
EIF2S2,-0.303715894269017
APEX2,0.005299317312318006
TGFBR1,-0.38945339170245064
GALNT12,0.09406564768272246
GPSM3,-0.7076044471343161
PBX2,0.5768693624483164
MAGED2,0.16426512107428964
CDA,-0.9051424978099896
CORO2A,-0.46947341757095856
RNF5,-0.05589800035370747
AGPAT1,0.20483064902017667
OTUD3,0.6298936221741185
XPA,-0.3775655975918853
NCBP1,0.12097567692870302
TSR2,0.01819091180533862
FKBPL,-0.04517185576118232
MRTO4,0.6361819873282929
FAM120C,0.28096200053687687
EMC1,-0.18919318600659926
ATF6B,-0.035606299694035254
SMIM5,0.3921522407615843
PRXL2C,-0.042399922916669185
HABP4,-0.06501247658065477
UBR4,-0.18991360603647575
DCAF17,0.3466856501561092
METTL8,0.4904235740546116
UPF3A,0.4702723647496861
FBP1,-1.0575816483877085
STK19,0.4697397899892397
FBP2,-0.3856319784073318
ALDH4A1,-0.034754135867993856
MFSD14B,-0.2939700901260563
APOC3,-0.22660246429894298
TFDP1,-0.09986294910895634
JCAD,-0.08848584892078523
SKIV2L,0.26077507477611156
KDM5C,0.5042653404954034
ARHGEF10L,-0.9031388322291302
NELFE,0.6023043643256634
RCC2,0.29068560992030057
CUL4A,0.3362851003526671
PADI4,-0.5618377641425197
CARD19,0.08924195795980987
SUSD3,-0.39916159829368175
FGD3,-0.4631319076449975
PADI2,-0.896043491828667
RBM7,0.15522544732435292
ZNF484,0.040654737534476085
SDHB,-0.02721838432642998
ZBTB12,0.5888870801589026
EHMT2,0.7287565709648988
CROCC,-0.012161442647363267
SDHD,0.03918270401080034
MAPRE1,-0.30316695660335247
CENPP,-0.08501309295711862
FBXO42,0.0707255915870574
ATP11A,-0.7824934179658154
NEU1,-0.3993620237326491
ZBTB40,0.6202678854395136
HSPA1B,-0.22518825297911735
HSPA1L,-0.22215778758775864
LSM2,0.2865645821841173
VARS1,-0.17043821521161975
MSH5,-0.5109602299943825
KIF3B,0.0007291955140171792
AUH,0.4236351121058477
ZBTB17,0.6415423899012632
DYNC2H1,-0.15678468184240338
ARHGEF7,-0.1349483364062497
POFUT1,-0.24285148236524354
SYK,-0.7418256379931824
SPEN,0.8579281598144363
ING1,0.29004338380962724
CLIC1,-0.39857215960474046
DDAH2,0.8043049352249164
PLEKHM2,-0.7687046956952824
MPIG6B,-0.5205875522158407
SECISBP2,0.1246712768787304
CKS2,-0.27174196494304753
AGMAT,-0.045477498405674915
LY6G6F,-0.4153448851788613
DNAJC16,0.12683697765988966
HCK,-0.9100196334976767
IRS2,-0.5923579793610995
SPIN1,0.7506294848036899
CSNK2B,0.1590758142199893
TNFSF13B,-0.2055299775379874
ACBD5,-0.03480542136333957
GPANK1,-0.23365332212891834
ABHD13,-0.24714276080383918
C6orf47,-0.6496128839833935
TUT7,-0.4735537548813924
EFHD2,-1.1808405568717595
ISCA1,0.5072658455069411
POGLUT2,0.6669359377877522
TEX30,0.6547088114193728
PRRC2A,0.3771287913992664
TPP2,-0.03682725588898948
AIF1,-0.9109093430130565
LST1,-0.6088559579690135
ANKRD26,0.005962597369932749
CLCN5,-0.03395680807941016
ID1,0.09053138509699449
NFKBIL1,0.16968153630027752
HNRNPCL1,0.7357465182063734
PDSS1,0.0015277835105302743
CCDC22,-0.4140402017941612
HLA-C,-0.20303871438865298
APBB1IP,-0.7090074050177081
ZNF805,0.05777894631109945
TNFRSF1B,-0.6720356677840896
HNRNPK,-0.0508239064177862
PCCA,0.1739459083731171
PLP2,-0.7395470076676538
C9orf64,-0.38450140698824753
STXBP4,0.23434991047331533
THNSL1,0.7827041231844527
GKAP1,0.04689644019228884
TM9SF2,-0.33490822218608673
FLOT1,-0.6368146834076747
MDC1,0.4548035960243892
ARHGAP21,-0.06140706649997726
GPR183,-0.05382645889641513
IDNK,0.004442607146666471
NRM,-0.0382971495040517
DHX16,0.12841459136454822
KIAA1217,0.2209296592975915
ATAT1,0.47731829634884854
OTUD1,-0.08334735486621846
TLE1,-0.06319210003036825
PIM2,0.7141047214687727
MSRB2,0.16882334381053724
PPP1R10,0.40546643708922175
TLE4,-0.222033195590102
PRR3,-0.11396321468882764
KIAA2013,-0.1908898135594802
PIP4K2A,-0.09063200127984283
TIMM17B,0.10890198883502175
MTHFR,-0.6459243238437817
PSAT1,-0.14559556536802495
GNL1,0.14576421807201614
OSCAR,-0.4162399343477584
HLA-E,-0.32120727331590637
SOWAHC,-0.5049879834901104
GATA1,0.07321014221934816
MAD2L2,0.0751537856204302
SUV39H1,-0.14068943228055145
NUDT8,-0.06492835229321035
WAS,-0.9178199660980639
PRUNE2,-0.2567776211831594
WDR13,0.13321115505836453
GCNT1,-0.0862264504581143
RFK,-0.12363824566667718
SP2,0.018567593644180022
UGGT2,-0.16978820014013016
FBXO6,-0.25037330826393417
RBM3,0.07741083308705743
TBC1D25,-0.09828226710726483
PPP1R11,-0.5195675197265038
UBIAD1,0.22872037089701316
HLA-A,-0.2625838464724002
CARNMT1,0.22059657464793733
COMMD3,-0.4394015520821354
TBC1D8,-0.8640609523059181
C9orf40,-0.10911085886655764
HLA-F,-0.741971189195086
CST3,-0.6907731522863454
EXOSC10,0.612569885220215
ZNF182,0.04819011376403494
SRM,0.16923055066224446
GPR180,-0.26381611840836805
ZFAND5,-0.05597078421630314
MYH14,-0.6450013391662004
DNAJC1,-0.05198054178724055
ELK1,0.09564490104414693
CASZ1,-0.01553187333600238
NAPB,-0.2531131100615415
DFFA,0.8505952550062664
CEMIP2,-0.422765743921479
ARAF,-0.6504723279774565
KDM2B,0.14245418922401448
CNNM4,0.09425002028344283
KIF1B,-0.052387239255307146
THBD,0.282363595102709
SPRY2,-0.6868268553831859
IRF3,-0.312204438993132
MAMDC2,0.4137447027157084
XRN2,0.39111380812293833
TRIM27,-0.18715833565587253
NMNAT1,-0.0869722559532154
POU4F1,0.3524411749838868
LZIC,0.04358985306138876
SNX15,-0.46700267771036197
TJP2,-0.2980800816439967
PLXDC2,-0.3985731011261008
CTNNBIP1,-0.022429617520546417
ATG2A,0.0622799446588804
FXN,0.38464646922386203
ARL5B,0.11510228630025017
ZKSCAN4,0.5773215307672563
NSUN6,0.44973020426367394
FTL,-0.1611533400653058
PIK3CD,-0.5586767602927729
TGOLN2,-0.4415117020474765
SF1,0.4057918290069705
H6PD,-0.2759429755021957
SLC2A5,-0.0529137090264261
PYGM,-0.16054455715773633
DTD1,0.03923903173421931
CLN5,0.2045569466351746
KCTD12,-1.1148408781138235
STAM,0.5353241284273794
AUP1,-0.38513980247507
HECTD4,0.17778729662999623
HMGN4,0.13403290923826183
UCHL3,0.07695510709993804
ST8SIA6,-0.1794014237614715
POLR3F,0.6971868184077479
TBC1D4,-0.473897472152074
ZBTB48,0.015185617673402638
ALDH1B1,0.28776667266151934
NOL9,0.6956318352520814
MGME1,0.5362421718570973
DCAF10,0.2919343640889936
SNX5,-0.3938881907437026
DIS3,0.37669083884736815
H2BC5,0.31783117284177453
NAA40,0.0636560797097333
TCOF1,0.5696868836389256
POLR1E,0.8352574439104451
TRDMT1,-0.02266456077883176
NDUFB11,0.20622537890839246
RRBP1,-0.44263118587444505
MZT1,-0.026328803418195316
ZFAT,0.2660076906369206
CSNK1A1,0.18007765278933754
TDRD3,0.30452209067462693
DIAPH3,-0.4245382299506781
UQCC3,0.3923130676766374
GLIPR2,-0.7748635553787069
RECK,-0.053493931159399336
SUGT1,0.017395225180944766
CEP68,0.7242915652914313
MTSS1,-0.4629702816612728
CKAP4,-0.9243565471667542
FUNDC1,0.40075552091797795
VPS36,-0.19980185691758837
MAOB,-0.26836578446383225
RGP1,-0.3577106116471251
C12orf73,0.6321609127428895
GBA2,-0.4494817921611405
NDUFAF5,-0.017522298720029122
NMT2,-0.012249739970225366
CASK,-0.11420893758660337
RPP38,0.5139216657026314
TDP2,0.5141089688585145
ACBD7,0.3854871820840371
CEP104,0.06936159577172693
LRRC47,0.14573859047339618
DCLRE1C,-0.09191389932918283
TPM2,-0.06517525973299097
RCBTB1,0.16773296141358712
C19orf54,-0.02187491262924777
PHF11,0.31247324351726596
TPRG1L,-0.3317876471363389
ACSF3,-0.03174196122962991
APRT,0.13243066222869831
HSPA14,-0.06218671735737807
MRS2,-0.13213853272805062
BCOR,0.09510301274665578
NUP160,0.15583957494251743
PANK4,-0.5423264542632051
CAMKMT,-0.042297631543529175
LIG3,0.7070151105133813
SKI,0.23817086158856876
PRKCZ,-0.17444800061122043
PRPF18,0.2569011793801393
DYNLT3,-0.132673750149336
CYBB,-0.8262193443289814
GNB1,-0.37078677064674875
XK,0.032877937535872925
PIGO,-0.01067164738077277
SEPHS1,0.19240823401011528
COPRS,0.3622681463733568
FANCG,-0.0889821558004442
UQCRQ,0.1941265796218763
DMD,0.3388596285943049
MCM10,-0.08906887950537913
ESD,0.1274249305241598
SEPTIN8,-0.20763445873175768
KIF3A,-0.030344883067859263
ZFC3H1,0.4718479397470154
OPTN,-0.3556657385811586
ATAD3A,0.39244738711493815
IST1,0.05109751771596374
KIF13A,-0.09593035222660974
RAD50,0.6883106736391251
GALT,-0.030823174946370185
API5,0.5555347440964086
ALKBH6,0.04710895448805591
SDHAF1,0.1453767825816809
DVL1,-0.15098688733088772
DHRS13,0.11889179784430842
TAB3,-0.017340481770097754
GK,0.3675577619692571
ATL2,-0.2201744544162709
RPP25L,0.023051476900758216
TASL,-0.5440990069280639
U2AF1L4,-0.09684243584176631
GPCPD1,-1.0678898690788023
PUSL1,0.04494943049971873
POLA1,-0.016898462670922137
WT1,-0.21018239595708985
NGRN,0.36740341203944454
TPD52,0.2328323781159721
GDPGP1,0.04417699632032594
PCNA,-0.0249173259568484
NUDT2,0.010885240624777347
NUFIP1,0.31407658796526944
PDK3,0.1559659812700687
MCUR1,0.5989205938949078
KIF24,-0.45539606924466675
B3GALT6,0.23306348413140257
ECHDC3,-0.32081210844162844
APOO,0.4407730702550206
UBAP2,0.5774437510966824
FEZ2,-0.05626944907136724
DNAJC2,0.1634978308239629
GFOD1,-0.021776150664615242
TBC1D7,-0.20007002083035744
ACOT9,-0.039365641915830904
VWA8,0.2659150382330224
PRDX4,-0.07785446225421183
RGCC,-0.23651971479418898
AGRN,0.04256902306632869
E2F4,0.575724719328917
LYRM7,0.4078182117518248
HIVEP1,0.11799392950988478
RASSF2,-0.597534789942866
NAA16,-0.24885471226303088
PDE7A,0.33985836860437163
PRNP,-1.0442101099314625
BAZ2A,-0.14777218526820105
NEDD9,-0.7529589864335025
ASPH,0.25307360063097295
MTRF1,0.16076194323718832
KBTBD7,0.12738765747561312
MBTPS2,0.08438437245616
WBP4,0.4372460458600452
TOM1L2,-0.7397291389524918
SNX2,-0.3166215672130853
NFX1,0.19683137978594634
FOXO1,0.1298979159426506
KIN,0.6392716807534979
RPS6KA3,-0.3831253633732533
PAK1IP1,0.44761032812890633
PSTPIP1,-0.8903269869845191
NHLRC3,-0.6122828486735187
EIF1AX,0.06141609741757211
BABAM2,0.0794048770515455
REEP5,-0.278985861108084
HGSNAT,0.05076098075343343
ARRDC2,0.8765725545647741
KATNB1,0.38603272781592424
BCLAF3,0.1637873688414692
SH3KBP1,-0.6329751733827313
EEF1E1,0.02243911436737081
IPO7,-0.21348236375376833
B4GALT1,-0.7017993278316115
POSTN,-0.4201945049177617
CENPB,0.044056260776888276
TXNDC5,0.24564997736735406
DNAJA1,-0.09439045121055283
DSP,0.011772765667930979
APTX,0.7087926132146748
RIOK1,0.6678495731248422
NDUFB6,0.19885342463435118
NRBP1,0.06441491755928391
DDX58,-0.06543720208064055
ARIH1,-0.12274622857773991
RBM17,0.5452957470482853
RREB1,0.6720545125339547
NBEA,0.315371442449091
PHKA2,-0.5407419730340992
SAMD9,-0.09870186647859577
TRIM22,0.18818538727434675
KRT6A,0.15405900293039382
C9orf72,-1.0804790355050877
ARSK,0.047881494973426406
TET2,-0.3933032064770797
TRIM5,-0.1402208950650201
MPV17,0.10488844142152676
RPP40,0.25291339778034716
IFT74,0.5679946198008973
EXOC3L4,-0.3913439500391523
RFC3,0.20686498754633398
STEAP4,-0.4171156549029928
RBBP7,0.3917165521596811
CAAP1,0.4111987761454487
ANKRD16,0.2440851234372593
ITPA,0.28588438735722077
ECI2,0.35126622492455223
TXLNG,0.30901767713868156
N4BP2L1,0.05964533406436265
BRCA2,-0.2850879815711617
SYAP1,-0.3008268783128973
ALOX15B,0.4195008564200528
GDI2,-0.39389024344270523
HBG2,0.14753388963255182
FASTKD5,0.16195360360382138
EMILIN1,-0.18461779861918004
USP3,-0.6617927796570372
MRPS26,0.5926644604983731
CALML5,-0.023218863106159764
MLLT3,0.5771098597817942
LHFPL2,0.05025774616255964
TUBB2A,-0.11376717546818309
TBCA,-0.1764521193979623
BPHL,0.6600972992358752
RPS6,-0.028530999827768834
ZNF768,0.6087698672282119
TUBAL3,0.08092926025732552
PIR,0.34605464084181103
VPS16,-0.681911639849144
PIGA,0.16595040007578582
NQO2,-0.06996891267123369
ASB9,0.13107857292063418
ABRAXAS1,0.3724041145363945
ALOX5AP,-0.6359603132257916
MOSPD2,-0.7886534276968915
HAUS6,-0.11743433759926819
SLTM,0.504539282839979
CARS1,-0.3480498457946224
RRAGA,-0.14530853907225083
SERPINB6,-0.09438431231671408
NAP1L4,0.21531906652408417
AKR1C3,0.6875948259647442
TRAPPC2,-0.4396866103953947
BTF3,0.2512005302598932
ZBTB4,0.2492868127151963
CPXM1,0.14923564595325742
KATNAL1,0.1085313202476909
BNIP3L,0.11113593097892972
CNTLN,-0.11210150172443008
HADHA,0.185569337690544
TLR7,-0.6064364139898394
PRPS2,-0.1337907491231086
UBL3,-0.11539698017645655
SERPINB9,-0.19051924395710204
SMN1,0.210521790533956
GET1,0.05751943583771408
GPS2,0.3792905282636319
PSIP1,0.32790578428505424
PPP2R2A,-0.12871430221552818
SERPINB1,0.05890254514536373
HMGN1,0.3497742322191334
SERF1B,-0.4569079071741957
SLC7A1,-0.14766788630255895
AKR1C2,-0.25742405558232534
HCCS,-0.32833213464087463
WRNIP1,0.7261375551219188
GMDS,0.5640199224868476
SBF1,-0.15832978803245998
SNAPC3,-0.07031865500156352
AK6,-0.03319434268617159
CLCN4,-0.003572072667241678
CENPO,-0.2083317946728644
POMP,0.2954266138064295
IDH3B,0.20119374919150698
WWC3,0.23091997046848897
AKR1C1,-0.38821343382608936
SELENOO,-0.3961099592243085
TRABD,-0.7682997824542762
SHROOM2,-0.057481844536282085
ZDHHC21,0.15605733544306222
CEP152,0.025904543551726906
IRF4,-0.37699227988884043
PAN3,0.3691297140205145
MLH3,0.1465774610516345
NLN,0.03928919417284635
FKBP1B,-0.2930556369280641
DUT,0.09492083139754215
RUFY3,-0.18875554186789362
SGTB,-1.1246303276423204
TTC38,-0.11257652705932263
PNPLA4,0.05538642578179222
CWC27,0.3150798662488966
PUDP,-0.7210063011348322
LDAH,0.4717356427617751
MTIF3,0.4940286169724808
PFKP,-0.09226604759058442
GTF3A,0.26745898307122284
SLC5A3,0.35474465247070763
ARSD,0.10161139812453425
GYG2,0.13546991564457453
CD99,0.8117181952880476
NOP56,0.8372915701478232
MIER3,0.16858837446202907
RDH14,0.7840034973604435
GEN1,-0.25564255044149914
KLHL42,0.27897203686201194
P2RY8,-0.024124171335459743
IL6ST,-0.07066252394361
KDM4C,-0.02014549206413645
ASMTL,0.36165338813560877
ITSN1,-0.4803354926584491
CYRIA,-0.5419572137353661
TMEM165,-0.39427304717283723
ITPR2,0.7739983619574852
SNRPB,0.12414654597088623
RDH11,0.01183857948731046
ETFRF1,0.5642223090523626
SLC25A6,0.052732589532256235
SNX18,-0.7928754159159289
DENND1C,-0.35438571540778585
STK35,0.23082169798292101
TEC,0.4653344448392696
E2F6,0.032045497394586696
CDK8,-0.03499890254560425
CSF2RA,-1.0950162758627608
CRYZL1,-0.07140708595500338
LZTS1,-0.1901506197628297
COMMD8,-0.4666903992765644
RNF6,-0.053822202882510266
ZMYND11,0.6384813022132466
ZZEF1,-0.7042368484778981
RIMOC1,0.31868053421797515
JAK2,-0.8104254430519008
PLCXD1,0.07130623003333136
NUP58,0.40399559618905934
RCL1,0.7285027391458526
CPPED1,-0.9208184651646457
RHOH,0.0969317091856193
MTMR6,-0.7055537927030746
AK3,0.5079421845446256
GART,0.35331491827545086
CDC37L1,0.14503803332607812
PLPP6,-0.02197204356759457
CENPJ,-0.4524243633501768
NADK2,0.5431786462888556
TLR6,-0.441501597915349
SRXN1,0.08773116474437169
PGM2,0.272372550287837
PARP4,-0.7135341911527732
RAD1,0.0958491778804734
VLDLR,-0.08695592265860252
SPATA13,-0.5470229839762552
EIPR1,-0.20027424731842233
MTMR12,-0.27205623956570746
GNG7,0.09050730721433542
MIPEP,0.6413032280902915
IL32,0.01014921966859431
LCORL,0.023542158771484818
DCAF16,0.35154194119230114
SACS,-0.03438222023333256
FSCN1,0.32572473729962675
RALGAPA1,0.4175090831129508
FBXL18,-0.09520708913402565
MICU2,-0.4678615275681208
DEAF1,0.18803084882877535
ARHGAP5,0.4030341123736834
SAP18,0.540510389886634
NYNRIN,0.08566091093022267
DNAJC19,0.37780377340367755
CHEK2,0.42855190033299567
MRFAP1,0.09189781568389749
LATS2,0.09350862294498791
DEFA1,-0.6109687687629473
PSME1,-0.14114428711548774
CLCN7,-0.5726783761297043
URB1,0.8086253465137021
EEF1AKMT1,0.18893144664750477
BET1L,0.10273067569662596
NELFA,0.793442742329672
UTY,-0.15008934680108213
TMEM129,0.71967066215964
TBL1Y,-0.4035804636270636
SEPTIN5,-0.27149332317106367
ZBTB38,0.16814230938371608
STAG1,0.2406440525458127
RNMT,0.7241966993323409
RALBP1,-0.19802510590192823
HMCES,0.3009312741114637
HACD2,0.2009560466349955
GTPBP8,0.18872289674503226
EOGT,-0.18143702913335125
VILL,0.004671231302017912
TRIM71,0.5107278637104999
DPH3,-0.13581655854081068
METTL6,0.6247887961577516
SH3BP5,-0.2151898714905774
CCDC174,0.5430308538309958
RPUSD3,0.7428645757677963
SETMAR,1.0384981248065273
GOLM1,-0.7028787881600206
MRPL2,0.3858011114666665
RUFY2,-0.05128842749465295
SPAG1,-0.6705294488816295
METTL14,1.0634809420705096
GPX3,-0.42445861499901705
KRT18,0.21848761377935144
COPS2,0.14928899040077756
LRRK1,-0.15606432195219624
HSPD1,0.6668791173041722
NCBP3,0.31921012593351256
BORCS6,-0.43000402486652445
STK38L,0.2675843525830464
DIAPH1,-0.6079615703244126
SACM1L,-0.25904768149228846
DCP2,-0.43108446955997953
RNF20,0.3074352031571561
LOXL2,0.39736845935263737
FAM169A,-0.31811414412767275
ITGAD,-0.39551543556500707
UNKL,0.2138388304231047
USP5,0.21816237290860135
GARS1,-0.30741185054025255
FANCA,-0.27799563709285596
VPS9D1,-0.5657223559749875
LRP1B,0.8054134797764585
SMYD5,0.20359826521087182
KMT2A,0.26688327887891283
CAMSAP1,-0.40239166380076374
EP400,0.9812675037319679
CRYBG3,-0.3831033999404826
RTF1,0.5444565568583404
ADAL,0.3805051026825557
TSN,0.4230901458860534
HAGHL,0.03652176698867336
EXOSC8,0.5568111540578181
ARNTL,-0.27797303120041983
ZXDC,0.09257166063692308
SPTB,-0.10466740454736347
TRMT44,0.13224205546128961
TRMT61A,0.217721646620711
PKP4,-0.08972196665745727
LYST,-0.6181596640463479
SQSTM1,-0.042278097699005056
TMEM87A,0.24188889512874273
CCDC88C,-0.5724008506522402
CCNK,0.2309494841709532
RNF216,0.23837501014555476
FAM168B,0.48591131213853145
BCAS3,-0.19302323229577042
COL23A1,-0.10340140130294413
EID2,0.13472449713496337
PPP2R3B,0.008440479279280072
ZNF552,-0.021567027654406008
ZNF586,0.612523318112298
ZNF628,0.04144049497069301
LILRB4,-0.7438537701771564
TFPT,-0.005536062434550672
MYADM,-0.041871032471603474
ZNF615,0.21690419971578398
IL4I1,-1.0380803448654685
PTOV1,0.33236792885773686
PRMT1,0.3513573103947849
RPL13A,-0.09620163712372722
ERCC2,0.25918356512468255
PPP1R12B,-0.1377989369258211
SEPTIN2,0.4178101800537682
MTERF4,0.4019243464319066
HNRNPUL1,0.7581237053872447
SH3BP4,0.36736346831998223
ATG16L1,-0.3574791992800781
C19orf47,0.2070885133726949
AKT2,-0.24134638148311424
SP140,-0.414255680569989
PID1,0.07362091793653196
RHBDD1,0.08379766587662799
PDCD2,-0.11531784037798343
TBP,0.4298631096784403
TTLL4,0.17801894834209367
XRCC5,0.5101836976771753
ZNF566,0.06389975464088221
NIT1,0.00585641873258018
EEF1B2,-0.02299187859640376
ZNF181,0.04888039873463369
FAM117B,-0.25283299569156864
SUMO1,-0.13076144381657043
STRADB,0.06054245910042731
DPY19L3,0.2527639629295962
CASP8,0.1358991977846676
PPIL3,0.2059277885398273
MAIP1,0.28051542771516275
STAT4,0.22028838458750946
WDR45B,-0.006718528896779172
MFSD6,0.0616742714505344
INPP1,-0.2776832891372203
ORMDL1,-0.2514817949101793
HOMER3,-0.2449675814003273
CENPX,0.17832428235806824
BDH1,0.486239565827951
PIGX,-0.04805162854110842
CANT1,-0.20658308010019888
CCDC50,-0.07472258926473743
RPLP0,0.1354887505375034
CIT,-0.45294469672400545
HNRNPA3,0.39216711609250016
CRIP1,-0.26551241822175187
TAOK3,0.1093193127108694
EIF4G1,0.2982591577350835
NUDT14,-0.4839233041659953
WASF1,0.5097677853786843
PLD4,0.03586446617736959
RAB37,0.07013523435217002
INF2,0.015366110164773183
SDK2,0.05630159309946633
ECT2,-0.06711509418170669
CDON,0.2929356279721362
GALNT3,-0.5369825859373959
STT3A,-0.09558452170351757
TANK,-0.5302341486023223
PDCD10,0.01824723401615712
BAZ2B,0.36642782438039023
SLC4A2,-0.6434680540568485
RIC8B,-0.006035701565552842
ORC3,0.7095798033268139
ORC4,0.5455239364915543
SMIM8,0.4586841094488546
GRK5,0.2136920673344814
NT5DC3,0.33847045607879844
WARS1,-1.0212213592149573
CD3G,-0.2748873239792584
RNF13,0.5826418885443038
EVL,0.051846716315956914
TAGLN,-0.00032497887424308663
GIPC1,-0.09526800023484962
PTRH2,0.010705918703757273
VTI1A,-0.5466211963701213
SERPINA3,0.009198262510536521
MTPN,-0.31986276748043346
SERPINA1,-0.19296307581921762
CUL5,0.03308430649446368
STEAP3,-0.09207889464787637
MKS1,1.2932082955584607
MRPL42,0.4976307859857649
NME1-NME2,0.3687784858170608
PTGFRN,0.274564548243986
BANP,0.26282104238563975
TMCC1,-0.14358630566851852
BCL2L11,-0.2335842539261362
FBXW9,0.42711371540297566
ISY1,0.30311449891068215
LIMS1,-0.5610202910619354
BCL2L15,-0.4094819776554488
TGFBRAP1,0.37420023467742464
MAPK9,-0.2050368160844264
PLXNA1,-0.765662369261901
MDM2,-0.3344883857819755
AAMDC,0.3577060775079061
MYL4,0.0061916002698367755
SFXN3,-0.1648270686985904
TES,-0.2046781499424277
MDFIC,-0.38973936502771583
ANKRD39,-0.279415369907968
ZNF23,-0.027348341908393452
HMGA2,-0.27277524487451815
IRF2,-0.13037261134422778
CDKN2D,-0.3966930379108978
FAM50A,-0.7098658038161285
ARAP1,-0.8250844576627422
MON2,-0.7014664028622097
RENBP,-0.7336710366266258
FDX2,0.46256799153764927
DDX60,-0.2107264127364155
B4GALT4,-0.5371165147949553
ERGIC1,0.5289360224198778
ARHGAP9,-0.35165236695433966
UBTD2,0.07906558658738391
PSMC3IP,-0.02069162662221846
PPAN-P2RY11,0.389942108947587
GASK1B,-0.09728409554812914
SLC35B2,0.034938277730418014
COASY,-0.1883057991283165
DPEP2,-0.47916075040513756
SUCLG1,0.05053632514332036
NKIRAS2,-0.1584982699559535
CNP,-0.1534587546030446
MRPL19,0.5172864324069782
ZNF414,0.40712169486976196
JUP,0.5297451596164143
TPPP3,-0.3361775342138919
PC,-0.06613003781877956
CBLB,-0.04882890585334122
MTHFD2,-0.165756144093134
KLC2,-0.30539744351955206
STAMBP,0.04274122363330363
RPL24,0.11319191911776219
RARA,-1.0102844739145374
SENP7,0.6275878251981613
MED24,0.38286436322999595
NIT2,0.19569823972443423
TBC1D23,-0.23809219167113468
CHD2,0.7897258571923468
RIOX2,0.09176424766489542
NDUFC1,0.06733168242427841
MIEN1,-0.712242636287938
PROS1,-0.2976380733342291
METTL7B,-0.5804158531625262
RCCD1,0.5556864097505609
PABIR1,0.04441849546487706
HDDC3,0.05978421845224625
UNC45A,-0.21300647397863356
ANXA4,-0.14529047964828912
ASNS,-0.5114242092654382
ATP5MC2,0.3828956560626764
TARBP2,-0.025629681195197897
CIAPIN1,0.2870585816857794
KIF7,0.36242386371265634
RSPRY1,-0.14170579506645575
UTP14A,0.7726836316249401
RASGRP2,-0.39905592725800254
LARS1,0.41200415306583865
CCT4,0.09104897658886874
GTF2F1,0.6942247841802555
ANKLE1,-0.12663046812497625
MT1X,0.05429119753499258
KRIT1,-0.019994740566154297
RNF14,-0.23219931678668032
SLFN11,-0.06927125275679391
RFFL,-0.03280831573791138
LGALS12,-0.06021852087606937
MCUB,-0.5494481899462768
ACYP2,-0.036241514105353326
RPL34,-0.15665630101017808
TMCO6,-0.1738321834226294
CCDC66,0.2234699405508414
BRD7,0.5392463539346019
TBCK,-0.2805445448719638
ANKHD1,0.0037457813001129884
STON1-GTF2A1L,0.0739120602157565
SFMBT1,-0.29276174349484646
ALG13,-0.34282741791048166
GNL3,0.8158343551034896
MATR3,0.8676495784488107
ZBTB3,0.08529936056062198
SIL1,0.1465163596201123
RAB3IL1,-0.0015759520397055425
PPP3CA,-0.23631893685700844
DNAJA4,-0.2884854494443517
TGFB1I1,-0.268249558907158
TRMT10A,0.054128654927384626
CDC23,0.04610221238636972
KIF20A,-0.3603437162227006
TKFC,0.08135545823010064
SLC11A2,0.1404784979824756
FLOT2,-0.5739913962464162
ZNF16,0.01902344574200903
FSD1L,-0.07849054588280975
PSAP,-0.7528854305227636
SIN3A,0.6411723488146946
VSIR,-0.6629887921973967
SMARCD1,0.7055564049931176
VKORC1,-0.26020600168526614
C5orf24,0.1719394495037581
ZNF646,0.00433817607758727
SNCA,0.23123654473181188
SOS1,0.2479704872356223
RGS19,-0.5556932437315263
ZBTB9,0.08488324197818384
NXF3,-0.03243705020693294
CLK3,0.28071765237811336
LPXN,-0.3164906502981125
UBL7,0.17285474348041396
ZNF764,0.23505594720999368
FZR1,0.011688190707794024
NFIC,0.25857445111445015
SLC43A3,-0.008931248700263473
AFF1,0.5363378433408319
TIMM9,0.694859607258265
DNAJC30,0.25691626839226833
ARHGAP24,-0.8242273974203806
ZNF785,0.13941453875292384
RAB34,-0.2108428785360385
CDK1,-0.23902960696258163
KTN1,0.18278937878068902
LBH,-0.01583808009646042
CRCP,0.27144552513671194
DIDO1,0.41516463339798026
PPP1CB,-0.0784700419974117
QPRT,0.6105412852492098
HLA-DRA,-0.25701758179778983
IFT20,0.013342607242637415
CHCHD2,0.012692587869076585
DLGAP5,-0.43115461574672526
QRICH1,0.3034519663528636
LAT,-0.04653969633224945
MAPK1IP1L,0.21588157822293744
WDR6,0.01036241471055591
TWF1,-0.43386004648135174
DHRS7B,-0.37882303137167356
SPECC1,-0.39628864736656677
UPP1,-0.8902538566756765
ZHX1,0.7239512614397384
PPHLN1,0.41152911926535174
RABL2B,0.1931276455082183
MAPK7,-0.4722174892385323
ERO1A,-0.3495790836327543
SCO2,0.366994167042583
CCDC51,0.3348423487989348
PURB,0.0834014163641283
TRPS1,-0.12052479876955252
PPP6R2,-0.3099105762754889
APIP,0.05896901719609298
MPRIP,-0.1974507487983209
RAE1,0.42851408156330717
ZNF248,-0.11589439659911649
UBFD1,0.7221025336519792
AURKA,-0.10587391974875196
ABHD16A,-0.3871578260343334
YWHAZ,-0.22960382017248143
FAM172A,0.4204263129704197
XRCC4,0.059889823436387254
MOB1A,-0.19588815331281048
GTF2A2,0.1298560899088267
FKBP3,0.49213526432411026
ZNF445,0.10589007106743618
THUMPD1,0.6796204543355832
ZNFX1,-0.6311031169975964
NDUFAF6,0.30306327242839326
JMY,0.27359330163841544
FAF1,0.11179488728769965
ZNF134,0.3754589169961484
CCK,0.04016962064773806
DDX39B,0.49158998875848
UEVLD,-0.3363048736261907
RPL14,-0.1592110174869921
CCP110,0.28528656131542496
MGST1,0.2284728176749506
CCHCR1,0.21049337012230124
PHF8,0.37186641224316347
TAX1BP1,0.2678181055007217
NDE1,-0.5694611442039446
MARF1,-0.40898809687620336
ETV6,0.8090475638730151
CBX3,0.27620077667434184
TSEN34,0.5649864485345718
PSMA1,-0.051327361934892686
NAGA,-0.901176702846574
ZNF813,0.3671898549369369
ZNF765,0.2807088644193421
PDXDC1,-0.24514185936109925
PKIA,-0.13307866424381926
OCLN,0.11156847040473171
WRAP53,0.22460986969130173
OSBPL10,-0.5084361676708852
ATF7IP2,-0.5042357711677901
SLC30A5,0.12865475096242956
GNE,0.002861463248190176
ZNF143,0.14197669467007362
ADHFE1,0.1579041200973418
ELP5,0.22221316190620774
SCFD1,0.7869352390136702
RPS8,0.04882830927485617
AP1S3,-0.050405802026132596
GATM,0.20880844261509765
CENPK,-0.4290314216888855
ATN1,0.005155967791854114
UBE2E2,-0.011544989911323265
BICRA,0.1395530261471387
STK16,-0.18196103758307394
LTBP4,-0.7944666818893547
CSNK1E,0.0054993575829721765
EAF1,0.031863492896394494
MAP4K1,-0.06409026331386786
IRF9,-0.15632204683630366
SLC38A9,-0.055334852058089724
ZNF200,0.010850610378034217
ZNF213,0.22031587943732905
HBE1,-0.09376021999296352
RBAK,0.06967373361562461
CHCHD4,0.2994191394036296
AP3M2,-0.16019835903621565
BTN3A2,-0.29109930495562675
DCAF11,-0.017310562490833976
CARD11,0.10623378245024277
MOCS2,-0.011796738345062743
FLYWCH2,0.12333596041618641
UBE2G1,0.1696799365834069
GPAT4,0.1373585555044846
CFP,-0.8523478884467186
ITGA4,-0.10446601942997404
RALGAPB,-0.13773378761308264
NUDT1,0.018838103175845708
NUDT19,0.07412853685468203
C7orf50,0.5312763895629984
AP1G2,-0.8305118189166699
LRRC57,0.09583920234618953
SMU1,0.17187694212131052
NGDN,0.970974177258161
DDHD2,0.4977848103208777
SFMBT2,0.15338875847538203
PAFAH1B1,-0.21567930449734138
AGAP3,-0.10705700828411312
ARPC4,-0.46068238821030183
REPIN1,0.4110063448651938
PLAA,-0.2635854571719553
MRPL23,0.4086363197726569
RBPMS,0.27236838315269873
MB,0.029192328341496654
DDX51,0.7415754322976935
HAGH,-0.14575999177167773
MRPS34,0.44032869731749585
CRAMP1,0.34948952231709934
BLOC1S5,-0.3121202956662483
CNTN4,-0.01931462248651208
UBE2I,0.25541406960418095
STK24,-0.3010412728259681
CEP250,0.1155555424871444
CCDC9B,-0.4493222176908826
KDM7A,0.02114489564651369
MYCBP,-0.14814255244682517
RASSF7,-0.1609534883266413
CDYL,0.3550320195381571
FAM98B,0.47752775184056306
TMEM209,0.22943948471874762
JMJD6,-0.44600527372497895
MORC2,0.9244796320634886
ALG3,-0.2059203309489011
CHMP7,-0.7235276895885595
LSS,0.17256222006530317
ZNF709,0.12451740271132448
RAB2B,0.20482558684053967
SLC66A2,-0.14074930562926907
MED13,0.047474122342800205
HBA2,-0.1806788689494657
CEP83,0.05370285334955456
C19orf38,-1.0173849322022075
ARHGEF12,-0.21445536423756417
PUM3,0.7033798933976464
CHMP1A,-0.36661214278519916
ZNF846,-0.11095006837485988
TTC28,0.020715421953259386
PRKRIP1,0.3964849787648955
TRPM2,-0.7824531473186634
INTS10,0.08635825182104476
MAP2K7,0.07929418291622323
SERPINB8,-0.7962296335577315
SLC35E3,0.060962013316549137
CTDSP2,0.22292476640900494
MBLAC1,0.191722923932869
MGLL,-0.3639855512019043
ADD1,-0.26561583073245076
HPS4,0.0832327180787965
KHSRP,0.46193841723251305
HDDC2,-0.12390803472003697
APOF,-0.0782225416055339
WDR4,0.2379049023715178
FNDC3A,0.09702089554124078
ARPIN-AP3S2,-0.013247305952612903
DDT,-0.2690798561432698
LARP4,-0.13387741859695212
SLC26A1,-0.1314193705737939
MSL1,0.43102042796841306
FRMD4B,-0.39150854019760895
TMF1,0.03745514972035686
CYLD,-0.41532423860075485
USP34,0.4303164277776357
MX1,-0.723245621853862
GSTP1,-0.24864504868639756
SLC38A1,0.3341153713632794
DOT1L,0.17614590668822053
ZSWIM8,-0.6423997196816497
SHARPIN,-0.2908942207600953
UBE2D2,-0.2512958694818814
ATP5F1A,0.3281963447266241
HSDL2,0.25221345810002294
PPIL2,-0.24160736241852532
YPEL3,-0.03977438950000446
SEC24A,-0.44131744518709515
ATL3,-0.5330571604489528
TOMM6,0.3736015120405203
USP19,-0.12979420966910876
ABHD18,0.02293365482070439
SPTLC3,-0.15158988547430444
TTC3,0.4022206410726414
RPRD1A,0.4970651981618849
LCMT1,0.3035280917866538
ALKBH5,0.3627539718704005
DOP1B,-0.5554126943693528
JMJD1C,0.126900538216183
ZSWIM7,0.6440090063562469
QSER1,0.06359880436069049
MRPS6,0.5659214487323871
HECTD1,-0.41008973148393707
SDR39U1,0.3882727386951139
GLB1,-0.19933420324303078
ABCC1,0.6736966718255721
TINF2,-0.3248445937931071
GMPR2,-0.010382448616581448
ANKRD28,0.4369138390322609
NEURL4,0.04150769782098353
MAP3K1,-0.698023687428793
TNRC18,0.22388689882675514
C22orf39,0.15352312469155652
UBXN2B,-0.8665724742229491
SCIMP,-0.15728181395989752
PEX26,-0.04899032179699333
KDM5A,0.23732018837356583
ROCK1,-0.4472398556886002
IFITM3,-0.07617132525930183
WDR19,0.7150600487088791
ADA2,-0.964157190479714
FAM234A,0.33598011995813215
USP16,-0.4155784203357211
SKA3,0.04788663061639629
GABPA,0.9076639844492839
FKBP1A,-0.1731805214096794
ARGLU1,0.5201150665089662
DIP2A,0.11746983344969514
PCBP3,0.20824812812726312
MACC1,0.12183408229083954
GGT1,-0.6486615174562335
MORC3,-0.03940111421849621
TXNRD2,0.2351606959286762
GP1BB,-0.35338443423710003
PPP4R1,-1.030470718481811
SAMSN1,-0.3400334623416614
CCNL2,0.18653044075639685
RERE,0.5349479071523728
RO60,0.31396364776823993
MMACHC,-0.3061485632629161
KIAA1522,0.39375676321444175
SZRD1,-0.47332017007243216
SLC8A1,-0.5356050136450909
UBAC2,-0.20137886252790094
RASGRP3,-0.17916647192782426
GP5,-0.43514901083652135
CRELD2,-0.5636714893957468
SNU13,0.29572646196844976
NT5C2,0.014949375422228711
ATG4B,-0.15887273440519217
CERT1,-0.5922835682793619
NCOR2,-0.31071310412455727
PAXIP1,0.35534622507403235
CSF2RB,0.287810059078875
MAST4,0.8642530663928292
SETD5,0.1717227179628645
SUN1,-0.33726142893720396
C16orf86,0.15329680544985924
GUCD1,-0.13514887999225722
RBM33,0.5920691544886246
MTA1,0.5791579232470421
SCFD2,0.32801102612803795
INO80D,0.19427508752981
PSME4,0.18410844118738492
RELA,-0.1480739485186264
DYNC2I1,0.5604357117698252
WDR43,0.9067430218639716
C1D,0.18809509817496436
CEBPZOS,0.026804881482346967
EXOC7,0.01565048793304857
METTL15,0.4889735764707652
BCL6,-0.7090396277772748
MEX3D,0.12235227884702922
CHKB,-0.3876166706538379
TFIP11,0.10569990210117945
PDIA6,-0.6948781248505367
IFRD1,0.3580673458515076
ADCY3,0.47445206749563384
TCHP,0.17993841655249265
NLK,-0.45894268120607007
KMT5A,-0.08230270046042334
FAM104A,0.15633598287940859
MTMR3,-1.1007731565155494
NFIA,-0.26360470706677064
PAPOLB,0.06762404014803317
FBXO11,-0.21605870140131944
XPO1,0.341187660114054
IFI30,-0.7396550273081193
RANBP1,0.041616965443128755
KCTD6,0.4682512318643168
F11,-0.6933070784154729
IMMP2L,0.36982451134182776
CHCHD10,-0.0073098044938019295
KIF2A,0.08144529547060846
THAP4,0.2339190882170266
SMCR8,-1.1040864540990778
TCL1A,-0.1416854545938814
ZCCHC9,0.434702752571715
APOBEC3G,-0.16180155908178728
ZNF792,0.8233799674265305
SLC44A2,-0.38626075650071656
FAM161A,0.7298411561143284
INPP5K,-0.29950262167916303
IMP3,0.42782405674547475
CHTOP,0.27879412523451724
ELAVL1,0.3173834566677906
RAC2,-0.17945660853510542
TAPT1,0.19542979491705775
IRF5,-0.5319165044227011
LTBP1,0.06457867442141306
DTWD1,0.50429203359257
NOLC1,0.5584806067740321
RPS14,0.07033721350018782
NLRC4,-0.8867289662590271
SAR1B,-0.6303094617838116
CGREF1,-0.181888036276159
EPCAM,-0.6436994546018073
CLDN5,0.04090736018012978
CRPPA,0.25051393910613173
EHBP1,0.3943098965815697
DDX17,0.6000382082623602
WDR25,-0.00019544662119199462
MEMO1,-0.04241169770889171
ANTXR2,-0.5347918078518857
MEX3C,0.2930543947142295
HERC3,-0.5637649283839707
GRAMD4,-0.10035035240087438
INTS1,0.07318863604189083
SUN2,-0.3815691295213125
SMS,0.23330359726297242
MARK2,-0.8561844894177997
PTGR1,0.5581517984095481
GRB10,0.5448983087518943
POP1,0.23443213840802482
SDSL,0.100433466395231
RPAIN,0.3344751386855396
MTA3,0.01787994517391156
FOXO3,0.44181442283032957
TF,0.013930234599111925
R3HDM2,0.2164511458828186
NUCB1,-0.30040968993168593
RMDN1,-0.4575663881649981
ZNF12,-0.08364093587789953
TIMD4,0.3914622133720897
FGA,-0.3507992067992493
FASTKD2,0.8585902029670328
THADA,-0.0356805706252802
ARMC5,0.4204528514160397
DAPK1,0.41713853358832204
RAP1GDS1,-0.2280437095528515
PYM1,-0.12477318571783297
CEBPD,-0.5939945782781921
TTC30B,0.13377252825883232
ZBED8,0.4183634828517602
RBM34,0.4810134935352
RGS14,-0.5505977929875997
TONSL,-0.44931546996126653
TMEM237,-0.08947980427299902
APOL6,0.522157254374716
ALAD,-0.3355801008022711
NEMP2,0.10262342826736018
ATF2,0.6292835278741461
MYO7A,-0.23958291278461072
CAB39L,0.2956086780438651
PXMP4,0.046943062787613746
DCTN1,-0.6846965074893077
XIRP2,0.0442848788392067
PRPF40A,-0.1440143589881731
MYO7B,0.22552851725303893
BZW1,-0.24285694607763333
GPD2,0.08663024454467858
ZC3H8,0.6318042453871939
CLEC16A,-0.5136806659427344
TBC1D10B,-0.6981339031518676
PSMD14,-0.1700532370179413
PREPL,0.15985689619931712
DYSF,-0.9950160474851242
TMEM131L,-0.31500915745139846
WDR81,-0.346645887136859
ZC3H12D,-0.4599364024392766
ELOB,-0.43060525999463006
RPL36A-HNRNPH2,0.018447948601384944
JAKMIP1,0.14026031777189132
FCHSD2,0.09574716099757888
GULP1,0.14081347270702235
KCMF1,-0.34548882434615463
SETD2,0.2759520089373307
ZC3H6,0.05177237671427746
POTEF,-0.7891264899040206
UBE2E3,0.09188721432284623
MARCHF7,0.04748319214302781
AFF3,-0.031880160441078664
ARHGAP25,-0.17962681650945003
CCDC14,0.17504334448448652
TET3,-0.17286345959088872
CXCR4,-0.6040371853227569
TBC1D14,-0.5530391789799465
UAP1L1,-0.5471143229591412
PLD3,-0.8067691948297961
VPS54,-0.11196798863044499
CWC22,0.27358654371905855
JPT1,-0.002254442014898581
PGGHG,-0.2302792594113386
TPRN,0.086531750530301
ALDH7A1,0.3388668899814428
PMS1,0.6773895701461892
PPP3R1,-0.09295590474816987
POTEJ,-0.5309390205880352
WNT7B,-0.13134902997295317
SPIRE1,0.019008766566183718
PSTPIP2,-0.3222278444124165
RAB1A,-0.7529206568780872
NUP35,0.7388541800002781
ITPRID2,-0.30107318867525706
NLRX1,0.337925591201399
PWP1,0.5374678798615151
KANSL1,0.115894575652012
CIAO2B,0.022626024299621704
IRGQ,0.044464638688345104
ANXA2,-0.7742824623357435
PCYOX1,0.025504148518291823
CREB1,0.31123979169562516
ZNF780A,-0.19395235409302455
JMJD4,-0.3744924455917666
STMN1,0.04648458336646389
LGR6,-0.3872135047549383
TC2N,-0.23861538803306698
PLS1,0.8113344321713413
WDR73,0.02875606713607803
UBA52,-0.2954584733562715
TIAM1,-0.006507453160875245
ENSG00000249624,0.24613503422858574
TSTD1,0.14056754710552943
ZNF845,0.129840807278066
CTU2,-0.13939336354499934
SYPL1,0.05301532471396462
CLINT1,-0.5890062236717248
NR2C2,0.12056814325329528
ZFP36L1,-0.34186143221399223
NSUN5,-0.12427451638313687
CNOT4,0.4074127347419672
CASP4,-0.37607156708832373
CHEK1,0.03328340948691028
SLC25A12,0.13301137490994502
C2CD5,-0.34552498422558114
SEMA4D,0.42867786722044804
CYTH1,-0.5433895018268484
RPL23A,0.05038340447830711
RFX5,0.2432970585591926
PPP1R12A,-0.6389340553129038
GLYCTK,0.7428083675994192
C1GALT1,-0.6211236574606759
DHRS9,-0.4588397473462682
C19orf25,0.06504062065688193
CHCHD3,0.2617202297583952
SUGP2,0.9675250993230061
STK11IP,0.062149019592606936
TMCO3,0.06414089098172453
RIPOR1,-0.5315570647701658
MEF2C,0.08505686795509741
EIF4E,0.29958408220194205
DPY19L4,0.03745877812094527
EEF2KMT,0.43466906082715145
PLEKHF1,0.2511902003080402
RAP1GAP2,-0.12222560760021328
ZNF852,0.4670726282469963
PLEKHM1,-0.4200305416755019
NT5C3B,-0.02322179772319318
CTU1,-0.25895636597904276
HLA-DOB,0.4237191310109475
RUNX1T1,0.3193912734831445
HERC1,-0.47627669305084547
RIF1,0.46093175897064986
ENSG00000249773,0.4833625778836411
SLC4A7,-0.037046343742407846
IL1RAP,0.13563238114312956
RIMBP3C,0.026501941191560498
UBTF,0.8553236902437548
SLC25A17,0.2248502786754079
RDH13,0.203987887233664
DENND4A,0.3395412424411539
SIK3,0.17929206691753222
RNPC3,0.6384110495063345
MXRA7,-0.024432587804564927
TKT,-0.5562092715871378
AGR2,0.20839124446655252
PARVG,-0.9104234134329748
PEX5,0.5349671841215654
MCTP1,-0.4728554361568261
JAK3,-0.04807230570698254
PISD,0.24740951806629166
MYD88,-0.4063147708005917
PQBP1,0.3087936909353344
ENSG00000250264,0.5382141260817975
MORF4L2,0.6157482002790918
PTK2B,-0.9159974441552897
ZNF844,-0.06690386481081959
CHD7,-0.09533563654224714
ATP2B1,-0.28183868985891625
FCGR3A,-0.8193920361663113
REPS1,0.04579458371722897
SLC22A18,-0.40412008785902875
EFTUD2,0.1985797951172712
ZNF146,0.4389486775814183
MAP2,-0.4775901151334745
STRAP,-0.025158164178217028
PET100,-0.03126060368274244
PSMG4,-0.11765808479125477
PUS1,0.8388858351227767
DTX2,-0.40006417045079123
SMARCD2,0.6285056469941808
BCAR1,0.23085221437237133
POTEI,-0.027460673639007678
PIK3R5,-0.5759242899396184
GPSM1,0.6527915960395428
HSBP1,-0.5617948818434814
HAUS3,-0.011565450352831536
PLEKHG2,-0.12581845324799376
POLR2H,0.4092875205495566
HTATIP2,-0.37253011065314506
GORASP1,-0.02139877500883511
TOX4,0.41868280707505495
MAPKBP1,0.9248484302546655
HNRNPU,0.16065498294224623
MINDY2,-0.10191788130728299
RPS18,0.07579992810345114
ZNF7,0.1629841342634406
TMX1,0.1313399647052302
EIF4E3,-0.3994895746707117
TENT2,0.04791917323510916
ZNF250,0.6580263701271968
IFT27,-0.14580611083737005
HLA-DPA1,-0.20856971743259664
LRCH3,0.025983312703924597
LANCL1,0.6868391069976556
CRELD1,-0.04391252186520256
BNIP2,-0.16084906588039577
FAM126B,-0.04980437663449353
SESN1,0.37511150654570186
FCHO2,-0.1922516084536253
ZNF331,0.09799940458584475
PPP1R3G,-0.07984732951888575
BLOC1S3,-0.19962895818674836
ZNF655,0.06988696694411793
AHSG,-0.16701448467166016
NEBL,-0.4138976445745488
KIFC1,-0.35712499348259985
GDI1,-0.5003285940066519
MBD4,-0.24796184074310587
CDKN2AIPNL,-0.12992145917350473
CNEP1R1,0.26236502062580946
RPP21,0.20439999210087714
ZNF625,0.06260997080726771
PDHA1,0.6096112990611647
ANAPC7,0.27502481950311103
TOM1,-0.9210429528258829
CORO1C,-0.6537990444366235
PRR12,0.41002895825498753
NHSL1,0.030384134680577133
IFI35,-0.8768395313455153
PCYT1A,0.02727039176267014
ZNF641,-0.1171361219352394
DHX30,0.32874257543565893
DAZAP2,-0.19501362883466553
SEMA4B,-0.7827977197497152
ZNF516,-0.1303465221064216
PPT1,0.005532516614456273
DOCK8,-0.3619781016299343
MEN1,0.45691959750504507
ORM2,-0.18143965614258897
LILRB1,-1.2119446927238287
ZNF746,0.1634914404200609
GALNT11,-0.10961639812676985
EARS2,0.6318166228982117
TMEM68,0.04489784527640416
ZNF185,-0.24397751748883978
MTFR2,-0.2097459314284201
RETREG2,-0.3212830382695275
FAM185A,0.2789224831405428
MAN2B1,-0.1921580804783819
OTUD4,-0.014382885346866273
MECP2,0.09666818402816012
LPA,-0.49797029796371395
TRMT2A,0.12519769425520672
FAM118A,-0.0051429558321232
THUMPD3,-0.22171544958912676
NSD1,0.009824858940787398
VPS35L,-0.33424735059615884
TSPAN14,-0.992470516861952
IK,0.45863207120832966
DHFR,-0.14099296703902175
TCF3,0.6532587412317293
ZNF302,0.008992631065292257
NFATC2,0.5195317340015846
ZMAT3,0.0778974871663028
TRAFD1,-0.6237122314431666
FTSJ3,0.863995907636101
C4A,-0.25655754850975127
TOP2B,0.30156096629722146
KANSL3,0.4164761496090232
FKBP11,0.10754268156941872
TENT4B,-0.05933961524528433
TRIM10,-0.025373775149124218
CDK6,0.6853647602042802
NFE2,0.39281405614330417
ATXN7L3,-0.40325176743016056
COG6,0.02362890227665651
DUSP22,-0.39073844327056906
ACTL6A,0.3043843787584638
R3HCC1,-0.014477561561324749
ZNF28,-0.08331644516529606
SLC25A19,0.3590763504591738
TMA7,0.008369564401595022
FANCB,-0.1617227842790646
COPB1,-0.3065484181614979
PET117,0.02295946450562323
PLEKHA8,0.011248552241697187
ADGRG1,0.15038670535058724
CCT6B,0.000242350871173053
FAHD1,0.40976199126787344
GSPT1,0.05808310060417722
ALKBH2,0.6333991245456637
INTS9,0.1770303340350925
HSPBP1,0.34801283710119923
C11orf68,0.718738578456953
EIF4A2,0.09414084155893603
FAM133B,0.8001257052578344
REX1BD,0.1450822389475639
MRPL3,0.5682164647032981
PRF1,-0.2854226583766825
IKBKG,-0.945951813101464
TAMM41,0.4481125633377905
EXOSC6,0.2228581640511017
NUB1,0.287189285865912
ITK,0.060616755985162495
CHFR,-0.0940553464034393
RELL1,-0.1323008966129569
SNX13,-0.18407631364865218
ZNF142,0.3740183337337635
GFUS,0.22205513744073146
CDK12,0.34752783302328283
DOHH,-0.05014692585727816
HLA-DMB,-0.5170511793593051
HLA-B,-0.5682522530809606
FCHSD1,-0.2363596688045032
CENPI,-0.1923839096609159
CCR2,-0.09042784074210565
CEP78,0.03212888029313449
TASOR,-0.7036536509553144
POLD2,-0.28977739344836495
DDOST,0.034129402875891945
ATF7,0.07748342894313184
POC5,0.1515392437934138
CNBP,0.12271730265175254
ANKRD63,0.18672089515288756
RAB11FIP3,-0.14797675456062606
MBIP,0.5091014026416146
ZNF839,0.4170296811498964
NBEAL1,0.04032284273977757
NCOA2,-0.02644460265974041
PPP2R2D,0.009420030922456007
TAF6,0.3615260467327192
FIGNL1,-0.03949532532756461
ASRGL1,-0.5429919104048017
ZDHHC13,-0.14610254149512564
ATP5MF-PTCD1,0.3161577878966921
RHOA,-0.764413844791925
NDUFAF8,0.007652273570794862
ULK3,0.14113712103757142
SNX27,-1.1135746939602906
ERAP2,-0.02727409696251184
NKIRAS1,0.5218304894537922
CDK5RAP2,0.45000338159524056
ALDOA,-0.6040181888292402
CYB561D2,0.17972473615334392
FASTKD1,0.30543608904091424
PIK3C2B,0.7982169513142199
SNRPE,0.1624143666926451
PNPT1,0.5772285049196229
EXOC3L2,0.05205701347311054
GNA13,-0.18251761069092198
ZNF736,-0.36839967525152406
AARSD1,0.09296667797844739
ZNF234,-0.2141170496672083
SUMO2,0.36451793932913085
TESPA1,0.73571261589258
ZNF133,0.13027577388540698
SUMF2,0.07901793529309487
C4orf33,0.04022859854374744
GAS2,0.44060524936683176
HYPK,0.11714106893893408
NOL8,0.6347092938223141
CBLL1,0.45212834744756375
VPS53,-0.7266996933486914
ERN1,-0.4888169769832838
NAPRT,-0.250990541763429
ENSG00000248751,-0.03309790449353592
HDAC9,-0.3642266511623397
ISOC2,0.1176685711407465
ECHDC1,-0.4515531454185986
ACSF2,0.3552239628401325
KBTBD8,-0.17518266500555463
IDI1,0.047510221076523605
HJURP,0.01891893986847973
ZNF223,0.03377554957396573
FGL1,-0.9348910452931593
MAVS,0.1687515916902759
LIG4,-0.3941372437541015
WEE1,0.2046457039154221
SERPINF2,-0.5458632671694269
RPF2,0.3848623526970856
COPG2,-0.0033486434662907236
TYROBP,-0.7686399907890328
TBL1XR1,0.08748821852149918
RMI1,-0.0955462518876749
NLRP2,0.06782497889005266
SMG1,-0.40006898392955803
SENP6,0.6013621710622288
TBXAS1,-0.12621677975220544
MTMR10,-0.937964328670111
WDR83,0.18667222580811949
NR2C2AP,-0.08769574447765835
PLCH1,-0.1147305094045093
IFRD2,0.553315628428487
TREML1,-0.03879328756422603
PLCL1,0.14352587024859093
CCNQ,0.006765539208686485
ZNF69,0.08225354995821847
HP1BP3,-0.06466420324918006
SARDH,0.4425660270687598
SIGIRR,-0.5161391207856695
C10orf105,0.06549907366320688
MAP10,-0.2654548145679201
ZNF816,0.341465714546893
DNAJB12,-0.7331740456554015
FAM126A,-0.3595665349153689
ZDHHC17,-0.00595661680690203
ODF2,0.4821921661124378
AP4M1,-0.5726049229915077
NABP1,-0.07560218291000671
AASS,-0.005130240801206851
NACA,0.13252226350525254
POLR2F,0.23666815539193886
DISC1,-0.056469727469427466
SUPT5H,0.3554254583999472
TMED4,-0.05421380657214752
SMC6,0.20034874731824256
DOCK4,0.11351146780912177
LILRA5,-0.7684218541916197
DNAJB14,-0.18676572856384227
PYCR3,0.12907321782879383
EZH1,0.09270172088154242
PGGT1B,-0.6195263583046435
RANBP3,0.24687087439029018
TECPR1,-0.4882756811357007
ACVR1,-0.22295411798584877
TRAPPC4,-0.28985490640428335
TRAPPC9,-0.7437118680563837
NOP14,0.737909535149842
DHX57,-0.10283238835399733
AKAP7,-0.40049934401284215
ABCF1,-0.3972623540779143
POM121,0.036900382986915614
KDM1B,-0.18979343175476532
NOL7,0.6422777963772308
ACIN1,0.15976365063632625
SMIM19,0.39021387174030087
CDK16,-0.12291832229365335
GOLGA4,-0.08688649394313146
SEPTIN9,-0.0947951843635452
IFT140,0.6071382661133164
EPM2AIP1,0.7307515485436256
POLD1,-0.09822379180637761
SPART,0.05446297204345329
ZBTB7B,-0.89753342031848
TCEA3,0.040849135680632476
IARS1,0.24515379433348788
DNAJC7,-0.9318711881133119
ZNF502,-0.12781607018985397
HPF1,0.3965613368690687
NUDT4,-0.14260043647998716
TMEM41A,0.13960882699552135
NT5DC2,-0.011594945021129122
ZNF438,0.048246291918466036
TNPO2,0.3359748774302925
NCAPH,-0.44966540597226834
GPX1,-0.27149617265605386
PNPLA6,-0.48493380590777707
GAS7,-0.7715454466956759
MAP4,-0.03631579635687993
VWA5A,-0.26675111013718644
MIDEAS,0.1295061227854288
PEX10,0.1013587223881441
SLC9A3R2,-0.037056248263045474
WDR26,-0.1491983717257037
HLA-DPB1,-0.14860071458216453
CYTH2,-0.010448661187038171
DAPK2,0.23107914222462114
PPP1R3E,0.17108360408991552
TRIM32,-0.0511579053769714
RFC5,0.11030892586587031
PRAM1,-0.2136444893549574
CHTF8,0.1879224136591951
PRKCA,-0.6991029289351858
CCDC124,0.10606975428650382
TATDN2,0.26353581831038847
MORF4L1,0.3464082201143242
ZNF506,0.26539694223561017
MCRIP1,0.42603948013462917
TBRG1,0.040980678222384596
SDCBP,-0.8707647105003378
RBM18,0.05146230957431704
PRMT7,0.08938034443656726
CRACR2A,-0.28496506365479635
ZNF740,0.47312816529045415
PAK6,-0.4022792326795675
SYNJ1,-0.6686183184460106
LDAF1,-0.2641657131132921
VPS52,-0.2965500107842967
CFAP97,0.09352720690148279
OGA,0.3867168536602212
FBXO46,0.11168413794160045
VEZT,0.224655898781827
ABTB2,-0.2425626551402089
NFKB2,-0.2798540961125062
TOMM40,0.16778907921768116
GOLGA3,-0.3864651805615933
CMSS1,0.6380105989656214
TAF1D,-0.03181178992498003
TRIM26,-0.34360137042550304
FAHD2B,0.14339977119797503
SIMC1,0.001085784933143537
NEDD4,0.4534126164656979
ZNF562,-0.026908502932679927
LSM5,0.16544604627801437
ENSG00000244255,-0.40806939388575453
MAD2L1BP,0.37667778742257074
GBE1,0.11940025362207499
MAPT,-0.6254650816300312
ERLIN1,-0.309128658110228
MOGS,0.03260446469646763
DNTTIP2,0.8702311500802739
CMTR2,-0.28094382443416316
ITPKB,0.11259111218140616
TTI2,-0.12291742491674378
MRPL22,0.48313336192521705
TBC1D9,-0.3940296041523567
FNDC3B,-0.4550389354849366
PANX1,-0.05542094893455796
ABCF3,-0.3354584314091078
TOP2A,-0.43760695964309104
DBNL,-0.683279384314815
MPST,0.2766337862949584
CSGALNACT1,-0.07341307703597308
C17orf49,0.23032676794527024
ZBTB10,0.017737893477705616
IRAG1,0.10576207310089994
BSDC1,0.14552721840757835
DGKZ,-0.11795961983245357
PGAM4,-0.515855734119639
IL5RA,0.47692457232424307
MBD3,0.582252513149828
AJM1,-0.09709235774844013
MMS19,-0.22914725732740313
RMND1,0.13749474309504608
TCAF2,0.1599767664218273
SCAF8,0.8748941408358396
C16orf91,-0.011434162050288282
FKBP7,0.6268779775291297
PRXL2B,0.06513014846618034
INTS11,0.1518114111462241
NLE1,0.535828460597042
DOCK7,0.49727876231336826
AHCYL2,-0.1049988837039492
LRRC20,-0.12345869846280069
LSM14A,0.2484013625023705
SDHAF3,0.1474055313968233
PPP6R1,-0.49751919511547615
SRSF12,0.538950446071841
TMSB4X,-0.9092833727342371
GOSR1,-0.14682188873331112
ABHD4,0.5011667599259153
PRPSAP1,-0.17004984927935385
WBP1L,0.6184495168101647
ZNF879,-0.4181364582943934
CTSO,-0.15664120670139992
C1orf167,-0.06376043799002878
NBEAL2,-0.9277478401822263
CTSD,-0.1769780989038334
CACTIN,0.30802499165011293
KBTBD4,0.5112466368648315
SESTD1,-0.19778429761913566
GTSE1,-0.03450731489999057
PROM1,0.181629074166832
SMARCAD1,0.6737192530141677
CD36,-0.6149532517649554
ATXN1L,0.04045761731911979
ZNF276,-0.07485926400836132
ALKBH8,0.11151288270081379
ZBED5,0.062150087837254904
C4B,-0.5527525152334273
TREX1,-0.7438752297696329
MICAL3,0.3353746511771917
GOLGA2,0.28355117492882703
EIF2B1,-0.05960348813269125
SLC2A1,-0.03445008903979852
ZNF652,-0.15236225379088358
TGFBI,-0.3432433978354608
ATXN1,-0.47433134296038915
TSEN2,0.49042974205695444
DERA,-0.21742038346963918
NME6,0.18338197160832687
RIC1,-0.4699276384907523
ACTBL2,-0.762730392256156
RECQL,0.10706201007439985
STK33,-0.4773503204200436
CAMSAP2,-0.8151410679282691
OARD1,0.4619817128218432
ZC3H18,0.23166154584601226
TRA2B,0.47647470481891363
DCTN4,-0.3411108512597738
EBP,-0.05226455040697789
DHX36,0.368611938943888
BAP1,0.013077841301603138
VAPB,0.01060655939188645
DUSP7,-0.25633899638828755
ATPAF2,0.22552178910673618
EIF2A,-0.09043263293571656
NCK1,0.6955579594350598
CTAGE8,-0.2832107949624413
ST3GAL6,0.016613433885571113
HELZ2,-0.8146551240698197
PUS7,0.8516688830007297
RRP1,0.6633267443427864
MGAM,-0.6840444283174887
ENSG00000173366,0.2742877475846214
DNAJC24,0.2632887845640357
YIPF6,0.058139153696581375
IAH1,0.23140206859130338
RAB23,0.17584760280094386
SLC35A5,-0.1712169650154777
PPM1L,-0.17644037190141887
ZBTB8OS,-0.4881390651854683
ZNF525,0.1560473822921029
ZNF639,0.2390892608661923
DDI2,0.04017594723521972
NAA10,0.20297224867880323
ALG2,-0.2580330146994085
ANP32A,0.6868805668528019
RASA4B,-0.04824190400471243
PPP2R5D,0.03512226897614919
FAM120B,-0.06851277781932112
SEC22A,0.01842717138543648
EHMT1,-0.08627965339131805
RPL37A,-0.009918577302560065
DNAH12,-0.4472061549940611
PARP14,-0.8190058073746713
ZMYND8,-0.24523525972131238
RPL7L1,0.4701248706355631
CIAO1,-0.440125910777964
CMC1,-0.11494522401990273
ZC3HAV1,-0.29062277509690354
IVD,0.572178475696836
ARMC8,-0.03417195540442471
NDUFA3,0.14845256148428698
ATXN7L1,0.07022254882543362
FOXP1,0.0318590487198939
U2SURP,0.7008703521717871
NCEH1,-0.8349895340864145
FHIT,0.15242982876779562
KRBA1,-0.2718226433133665
UBN2,0.18767148730130642
SEPHS2,0.16397142801902181
RWDD2B,0.14831050342745558
MYSM1,0.5835178479520446
TREML2,0.8388627956555463
ALAS1,-0.2734810284936643
LYRM4,0.5272711584461944
TIMMDC1,-0.07051895532036323
SELENOK,-0.46269689649367
FTO,0.6986138507003966
NDUFA6,0.19850117716393445
SELENOT,-0.32698402392562664
UTP25,0.8306291774228662
GFM1,0.20466062492114626
GCH1,-0.3300312300466841
CLDN12,0.08589086532985923
CALML4,0.02174348893229973
C10orf88,-0.1475769806671687
ACSL4,-0.7485933365802167
SMYD3,0.6975789979592435
NAPEPLD,-0.031819094506216686
TCAF1,0.2980189717503133
PIK3CG,-0.5268169894100312
TTC26,0.6985276699490811
MALSU1,0.35178153623951564
AZI2,-0.693921165425586
CLIC3,-0.01010268440049525
CDNF,-0.38318184029715485
C1orf52,0.2544542797084882
PPIA,-0.07082222298680768
ADAM9,-0.9838962227606337
EIF1,-0.0038873385330039025
COMMD2,-0.5773760000521033
RYBP,-0.010891063434970531
ARL6,0.2318882035431783
NUDT5,0.05570523161980207
RXRA,-0.4505468817710714
EZH2,-0.057177763152144845
SWI5,0.05963019311856304
NSUN4,0.46813191382587693
BRD9,0.23376419236304008
CDK5,-0.031077074684856255
GMPS,0.12159314506172038
CDS2,-0.031507848076311434
RAD51B,-0.20361391862491704
KLF6,-0.01209881035034294
POR,-0.822800863556414
RAB9A,-0.26792204005236747
POLE4,-0.27504263132671153
ORAI2,0.07962645924693226
SRSF10,0.5335746693234674
RGL2,-0.18645662553102516
PHC3,0.6358546149642779
THOC5,0.5867436531951167
RPL23,0.004073615972523496
ABHD6,-0.41067032688313043
RWDD1,0.18261867105998383
CGGBP1,0.5164822064367461
CST7,-0.24412048426340424
ZNF398,0.37742319428851695
MPZL1,-0.005595916540807989
LAT2,0.026476500636716867
TFAM,0.6032504335874164
TFDP2,1.0148722418777054
MFN1,0.27455007381715407
TBC1D15,0.4851772253022799
MRPS14,0.2850875165507306
PDK2,0.46343535277519693
SELENOP,0.029016628820584908
PAICS,0.4665601058614132
MAML3,0.4397587865993729
SNF8,-0.10459657808452943
PGM3,-0.13256278306895536
XPNPEP1,-0.5586855817440803
ALYREF,0.08670226190877638
SEC31A,-0.2441229958616778
RAPGEF6,-0.08823581102079785
ZNF608,0.07696562923194276
ZNF672,-0.01135870096982827
HMGXB3,-0.01575084830596809
UIMC1,0.46917056979991656
NFXL1,0.3483635135819495
AFDN,-0.04003620013697884
SH3BP2,-0.40657857106013745
GSTCD,0.17081812369150526
FRYL,-0.5969665442088695
DDX60L,-0.4273204175909472
RPS6KA2,-0.19717138222253605
TMEM33,-0.7369570250816044
TTC39B,0.2789025418123141
CAMK2D,-0.36364783871561634
ERBIN,0.024891266679955452
OCIAD2,0.5051414382041407
PDE4D,-0.384310170168156
GAPT,-0.19751117980626717
CEP44,-0.18223605799216303
MTX3,-0.0070157634501799085
NEK1,0.030414193688182444
DEK,0.11367470561675622
LY75-CD302,-0.26325400828847756
DAPP1,-0.7753700627211074
NDUFA13,0.12548030092354806
C1QB,-0.5730524262484464
ATP2C1,0.33360652375270544
ZFP62,0.17431699186011054
CSNK1G3,0.10153702599932862
SPINK2,0.01964521462556175
THUMPD2,0.31657252750743525
NSD2,0.09545346383316178
ANAPC10,0.03780744975321072
ELOVL7,0.010552330498959563
LAMTOR3,-0.025986355709129487
MRPS30,0.550481653793537
GUCY1A1,0.7331418005747269
LMF2,-0.2366896954838903
PLRG1,0.3448783153128492
WDR36,0.8036544548270498
BMP2K,-0.3361094229740949
TMEM167A,0.0695936297458443
DOK3,-0.530381256005297
ZGRF1,-0.6584812429477221
SRP19,0.02433492417350592
CNOT6L,0.35414293367119476
HSD17B4,-0.15601544485388755
RNASET2,0.01577132506095106
CCSER1,0.07177035568265246
DTWD2,0.25969785795371486
IDUA,0.14004581992328416
LUC7L3,0.6712448083877083
ATG12,-0.28338624579095106
BOD1L1,0.33471902416676896
EXOC3,-0.01078923341949211
HARS1,0.03555327996702775
ANKRD50,0.05638527483805621
FYB1,-0.5394761706967551
BORCS8,-0.4964386187927501
SPOP,0.23885744862827346
ETFDH,0.06288402669140394
COPB2,-0.6467175582125695
ATXN3,0.0313010012053178
RACK1,-0.1904847042742558
ACTN3,-0.7924635153239968
ZFYVE16,-0.9582632948028703
CDKN2AIP,0.7045664476324814
ANKRD13D,-0.15732864681594
MYL5,0.28474513284520303
PTCD2,-0.06789758285401847
SREK1IP1,-0.0062285443355538875
SMIM20,0.38421871323964574
CDC42SE2,0.006840534256356282
SPCS3,-0.791029180011723
HNRNPAB,0.430303546052446
CEBPA,0.0473457683014931
WDR1,-0.6250032158876774
DERPC,0.3867171418134258
NPM2,0.29793119370429383
KIF13B,-0.881936193550492
EPHX2,-0.2017172507231007
DPYSL2,-0.4517426543848658
PIK3R1,0.054853854378577316
ATXN7,-0.03564964004045547
PCMTD1,0.2336265811930087
ERLIN2,-0.2788023705563161
PCM1,0.1501085382104199
ELOC,-0.022125628840762274
UBE2V2,-0.05939601752931582
SPSB2,0.04011911591184907
ANGPT1,0.10517031258899476
LYN,-0.3044839708713555
TCEA1,0.8107298882134961
SMIM12,-0.017172888144863407
LARP1,0.4634378220904563
UTP14C,0.7876525517627592
NAIP,-0.677847222040139
DENND3,-0.38572833570572707
STAU2,0.30856332001056924
TRIQK,-0.07564269426021146
UBE2W,-0.37086284642081135
COX6C,0.12028607940245972
PTP4A3,0.475893673012065
CCNC,0.2305820741280566
ANKRD46,0.3688024507267735
CYRIB,-0.8085485440487479
SLC25A30,0.06254749459967814
TOP1MT,-0.8711967330196496
SLC25A37,-0.19477894079209143
NUDT16,-0.2501840181076944
DOCK2,-0.06991493767895852
ENY2,0.4183022166906594
SLC20A2,0.03388973926804369
CA1,0.13368573647623397
ZNF260,0.007147549006058591
RBM12B,0.9827430019355
TNKS,0.16898384037363204
ASAP1,-0.8277033289885257
ATXN7L3B,0.1938897244385224
LYRM2,0.36723740037998825
TXNRD3,0.09349376382216501
ENO3,-0.3492632247284831
HMBOX1,0.5298308234198574
MATN2,0.04692345301599518
ALG11,-0.1274803550882277
RNF130,-0.29032903133977284
ATP6V1C1,-0.9642569633740036
INTS8,0.0935603206173244
PLCD1,-0.3626685522215772
HDAC2,0.7722929834088427
SGK3,-0.3865293827502087
ST3GAL1,0.0035577096092291012
PTDSS1,-0.2127951475970546
IKBKB,-0.6234574170452295
TNIP1,-0.4433316584526448
ENSG00000272772,0.46108342762569826
MFAP3,0.055801149844859045
CCDC71L,0.03352072021117277
CYFIP2,0.20268452857841687
FBXO41,-0.2846515276770836
SNTB1,-0.459331456216739
ME3,0.7138673851118907
ZNF345,0.07759488358152876
JAML,-0.6498842731133803
IGLL5,-0.4558338847605446
ZFP82,0.3278922586607883
HSF1,0.17729499328406567
ENSG00000254979,0.1482765175008264
ADAR,-0.6417214441525353
TYK2,-0.8368478293933151
AMBRA1,0.3284697349865125
SAMD1,0.4639615568245282
RIC8A,-0.31907618284323336
ANKHD1-EIF4EBP3,0.0017680168304959683
HSPA8,0.014126520662641116
BBIP1,0.09484850702920375
CHMP1B,0.041993925781558014
RPS6KA1,-0.3696595649666763
ENSG00000284969,0.2943910695787873
FAM193B,0.2943009945125393
BRK1,-0.17615603454108045
SAAL1,0.21243250529009033
ZNF202,0.19816314168509727
C11orf98,0.24576083126325016
SPTBN2,-0.08707707734743915
SNRNP35,0.23488768652569417
ARHGAP27,0.31311116248513204
CKAP5,0.20207700439638113
KDM2A,-0.6133353774212209
MANF,-0.21074537552449052
SIRT3,0.6165169263398556
FLI1,0.34919067854773833
CD151,-0.1343358492380726
TTYH2,0.6396123037362268
TMEM41B,-0.023789281709520996
CASP1,-0.49148294769476597
USP47,-0.08951362052343077
EMSY,0.6733501606564556
TMEM9B,-0.9166584456936389
PDE4DIP,-0.10803111213669349
ARL15,-0.31490727899813903
RPL8,-0.04672977704191541
TP53I11,-0.5083543829125121
GRK6,-0.6710840384607695
SELENOS,-0.1300093485484606
FHL2,-0.18175132732319982
RNF121,-0.0030233631276680726
TRAF6,-0.34169991856885
NCAPD3,-0.4483720548378492
ZFTRAF1,-0.13642640227727384
CLNS1A,0.3739850236205358
GSDMD,-0.33585363871894264
ENSG00000254692,-0.7153907920887187
H2AX,0.09606141961779315
EIF1AD,0.02978422916660947
EEF1D,-0.45648963974083867
MYO18A,0.3238639905846398
EIF3F,-0.04659874533623941
INTS4,0.16875353010568703
SELENOH,0.14467787594534556
TXNRD1,0.4225991206664648
RPS3,0.125132586571094
CCDC90B,0.5424534343713246
RNF170,-0.3946113026807508
ARFGAP2,-0.011669537910381602
LAMTOR5,0.7426753090684926
CLP1,0.32218073117368223
PRR5L,0.3768701260645716
RAB30,-0.18162146118247144
RPS25,-0.17065302592985107
ZNF623,0.3750138813683137
BTBD10,0.12036876383531615
PAFAH1B2,0.07872030763832231
FAU,0.0029766339839536393
LGALS8,-0.1712328886689885
IMMP1L,0.2577953375096767
RPS13,-0.13761765093089773
EIF3M,-0.1814609295916304
NIN,-0.29293218209071836
PSMD13,-0.17341640190357716
ZBTB44,0.5373165399923785
SIPA1,-0.23885849017577773
CCS,0.4483676635995323
CYB5A,0.4895955233050602
C8orf82,0.1762209676127832
SLC8A3,0.006328201272129795
KIAA0100,-0.056280181314188146
VNN2,-0.724094228243271
DPF2,0.948002364190908
AMPD3,-0.10594301783225889
PPP2R1B,0.1973195085499168
FBXL17,-0.035703865988869994
LATS1,-0.05122277596943763
PHC1,0.7710063767792805
BCORL1,0.41992024388173727
ZNF84,0.48395319339899545
HEATR5A,-0.23632696108634138
CCDC91,0.09913683709935256
GGA3,-0.6174745379842054
COPS7A,-0.5490423025106203
TRMT112,0.1977975287496406
RIPOR2,-0.09230382665976763
TIMM8B,0.15151859761829695
PGAM5,0.17229166639375515
SALL2,0.2721017586225556
MTHFD1,0.23285757657959913
C1R,-0.015379787302598669
HAUS5,0.013232066592234274
ENSG00000256500,0.18095361414109462
TBCE,-0.22355306280593856
CIZ1,0.7448209943561307
PCYT2,-0.030099617186741385
GRAMD1A,0.25862060368437934
ZNF667,0.2373593937170099
PTRH1,0.08576046474149131
TCF4,0.7001028000904794
TMEM106A,-0.10944476888260929
CHERP,0.7304959114624986
STARD3,-0.469704822605846
P3R3URF-PIK3R3,0.8669644570736331
ATP2A2,-0.24456724043003664
FMC1-LUC7L2,0.07914807464593557
SH2B2,-0.1120340233319107
ANKRD49,0.09234975268595842
PRKAR1B,0.531930100351105
PSMD9,-0.5032292744054296
DPP3,0.031393378838873436
C17orf80,0.6820492279670737
CDK2AP1,0.9043965804132786
CRNKL1,0.4015020586902792
NR4A1,-0.716865951914371
RTN3,-0.42190281904866933
TK2,-0.5327562963970306
PRORP,0.5766251425389243
HAUS4,-0.239230112130119
RAN,-0.02095555495529047
USP36,0.7512781880973656
CLPB,-0.43788987187725026
RAB26,-0.07637032311710587
ITGAM,-1.0831643609265766
PHB2,0.46864646062586685
SESN3,0.19681503867094763
SMAD5,0.17137229478017352
CINP,-0.017074599620873505
CDCA3,-0.4282465067337092
EPB41L3,-0.8637176581526503
TNC,-0.04922194923580044
DDX6,0.16645603329445954
CAND1,0.34659672252112234
DIABLO,0.7202751270525175
PTK6,-0.6182410476226873
POLG2,0.5212323891905771
MFSD5,0.044476448620361916
ERC1,0.07283941684992536
SETD1B,0.281783539435689
DAPK3,0.6071302001273785
DHRS7,-0.2777535274968541
H4-16,-0.015606687214717023
RASSF3,-0.06385504339318289
NAT1,-0.21396588237351175
TMEM258,-0.12616505029963032
VAV1,-0.4818153468192086
ENSG00000255730,0.8834905449681338
PFKFB3,-0.10624799148819716
ACTN2,0.3423590753143601
STARD10,0.12665539029387254
TBC1D10C,-0.18709849128799225
ADK,0.212571273340204
SUDS3,0.42124326424670333
CRACD,0.30227863133715593
POLR1B,0.79883765528823
KDM5D,0.5573538484509437
ZNF701,0.10835932509420938
OTUB1,-0.33044128817711543
SLC1A5,-0.012979801832586258
ZNF268,0.19475447351109343
MYCBP2,-0.16015029225549077
ZNF835,0.22161235761660758
NAP1L1,0.1260270982864988
USO1,0.058697832701256177
FRY,-0.20068481095773946
GTF2H3,0.1059002166175039
LDHA,-0.7438095655035937
LPO,0.02807470225955193
RABEP1,0.14640000259652775
DENND11,0.33763171615204757
TIMM50,0.4729652099810243
SLC39A11,-0.6161651371639392
MPHOSPH9,0.43875293914931396
BCL7A,0.7288554241288907
EVI5L,-0.8965061195230061
MMAB,0.2860024382900139
METTL26,0.2583098795904611
VIM,-0.24934313261630073
SHD,0.505923766986862
CMIP,-0.7719878197534679
SOD2,0.10432303935639162
PCSK5,0.9571489758491717
ZNF362,0.0195102305325121
KIAA0513,-0.8745258014248241
COX14,0.006453264905097155
PCED1B,-0.07729649581128749
MYL6,-0.7484958595191012
BICD1,0.3474578081716856
CLEC5A,-0.6119628657864062
ZNF606,0.7700596946413056
ENSG00000257390,0.45241017923811727
RPL18,-0.02503666179348688
NOPCHAP1,0.35632234963769277
VPS29,-0.3200120173181798
SENP1,0.2023063265729594
LIN7A,0.14491517890553457
BLOC1S1,-0.30467289207307224
KRT8,0.09806168900269571
DCTN2,-0.4128621711092239
POC1B-GALNT4,-0.3315294965448209
ZBED6,-0.5437076521706552
SPATS2,0.7652445872971593
CHURC1,-0.3270694601731767
NUP37,0.4437088121001297
SLC16A7,-0.30478982745028277
BRF1,0.5681424283226121
IKZF4,0.6676120822180925
CPM,-1.0250510060237583
HDAC7,0.03165407185553707
C12orf75,0.002975252481237099
RITA1,0.14605470218565167
OAS1,-0.8905932096284527
SOCS2,0.5073355836159373
FGD4,-0.7072428027742288
COPZ1,-0.07600874373776434
MAPKAPK5,0.05539806777670659
KANSL2,0.04712901187382345
ENSG00000257411,-0.0135024352424753
TRIAP1,0.20447791791658274
SLC8B1,0.13499174824206397
ENSG00000111780,0.5372360791871971
MYL6B,0.6787108162447323
DNM1L,-0.04743934938798179
GSKIP,-0.3828295088025325
CEP95,0.1975536790297415
ATP10A,-0.20291919951479873
VTI1B,-0.5864313558235819
ZFYVE1,-0.12271666640072194
KHNYN,-0.05037817721140869
MIA2,-0.18715945284128221
PPP4R3A,0.45196883119057346
ZBTB33,0.4561790380762265
ERH,0.19609356376225423
SRSF5,0.6383145634660259
NUMB,-0.867117790431914
CEP128,0.08992088375237214
GNG2,-0.3675000227997348
UBE2J1,-0.18389335003569215
VRK1,-0.17423373907162348
DMAC2L,0.4411168219406128
NDRG2,-0.6194280613307841
LIN52,0.4557759287640678
VIPAS39,-0.5230814386641512
SMIM13,-0.0685719898107615
PRAF2,0.03947990349030518
ISCA2,0.3558604325436362
DNAL1,0.1350709117237665
SLC7A7,-0.1796520398962508
DDX24,0.2706609248716975
PTGR2,0.30736550142846286
PPP2R5E,-0.3597858587885344
GTF2A1,0.06641966131499855
BCL2L2-PABPN1,0.5310311573001795
NAA30,0.2511796548471017
XRCC3,-0.7402989275834
TNFAIP2,-0.7239024233554932
ETFA,0.2639870796188957
ITGB3,-0.39315226644933143
ZNF592,0.10036622105224584
MAN2A2,0.11470530473535484
TLE3,0.6810018911106757
GALK2,-0.1351040193086656
DMXL2,-0.3898034736773835
TRPM7,-0.02917770427099191
RFX7,0.727936007911589
ADAM8,-0.8033521421734653
FAH,0.5815266498700702
TMEM185B,0.3280053837924537
CCDC32,0.017660361803748317
MEF2A,0.14766575549521896
TLN2,0.18487411135968831
SNX1,-0.784811624578391
SECISBP2L,0.008810216270801436
HOMEZ,0.10043994134135996
LDLR,-0.4741784002862002
BAHD1,0.6713360775990551
AP5B1,-0.43630698181446026
JMJD8,0.2708089144628897
TBC1D24,-0.09440638303278694
ZFP90,0.14181144851786467
ARMCX3,-0.1789138520175682
RBM15B,0.6366516359158279
CDYL2,-0.17858256697529745
ENSG00000260342,-0.28909037572571583
ENSG00000260836,0.04376778718133472
TBL3,0.736164868674189
CNTROB,0.13307796543425732
INO80E,0.20185459340861364
SCAPER,0.12559651361637272
CDIP1,-0.06525708758943054
BOP1,0.9595476657658708
DUS2,-0.06458813531950959
TAF1C,0.4660230728418071
MACF1,0.29472449274314966
ZNF598,0.660943916408068
TMSB15B,-0.09948375996634808
CDIN1,-0.2488062696169799
SCRT1,0.4884664255718976
DDX19B,-0.23161023722109111
GOLGA8T,0.1464167339392053
CMTM3,0.01810967029045638
MRC1,-0.029551760305928015
EPPK1,-0.2163194653500688
TUBB8,-0.018939889907102637
MLST8,0.09464582107763891
SNX29,-0.5687458127565334
MSRB1,-0.08347023686806952
KLHL36,-0.13673534021745226
ZNF106,-0.8289420394357032
PRDM11,0.8145831128976174
SPINT1,-0.5578767204709073
SZT2,0.2962318296337058
WWOX,0.43324338196114925
OGFOD1,0.365123581545676
ZNF747,0.12112839605690162
CENPT,-0.17941991100070026
LYRM1,0.5813601047736779
CHD9,0.6588273935158238
PECAM1,-0.7144188561051228
ADAT1,0.1666248382043999
APOBR,-0.9809517384041472
INTS14,0.7631292587955344
ZNF865,-0.016961277286767548
SLC25A24,-0.311226976276926
C15orf39,-0.23408092474891515
LMF1,0.9546017091537694
LITAF,-0.3955531577353413
ATPAF1,0.20308994993887972
HMOX2,-0.016928534222426073
SRGAP2,-1.0463950188868454
CIC,-0.4110609576728732
GTF2I,0.9524666705737327
PELP1,0.8053330580825178
ALOX15,-0.25737962625773064
RSL1D1,0.6341649533948839
CORO7-PAM16,-0.6882485024384082
ENSG00000260914,-0.579998429812602
ENSG00000262660,-0.07133469521448675
OVCA2,-0.47457753521382173
ACTG1,-0.1931033247395154
ABR,-0.517516848750728
CORO7,-0.4814710663114502
CRYM,-0.12449620100850899
RAB31,-0.7252596307408568
CD226,-0.3660249694134838
ZFP92,-0.3027700911439088
SAP30BP,0.5353192066173639
BAHCC1,0.15748743149393443
ENGASE,0.15724912367562832
VEZF1,0.45935558737776994
RPL17,-0.05436700699894603
SLC16A3,-0.7415126347080896
TXNIP,-0.49072028527901107
RASSF5,-0.6578495209568324
CTC1,0.04075385136571328
POLI,0.46381531929957587
CUEDC1,-1.1231745737769059
OTUD7B,0.24017265901379423
ENSG00000266202,0.08107750342533081
ANXA8,0.10417213335826685
NCOA4,-0.5351744965854183
TEFM,0.3488429401384853
TEX2,-0.7498856851396246
PPIAL4C,0.0038964286627632054
ANP32E,-0.4223917084024842
PABPC4L,0.1934489462379974
SEC22B,0.05727445489815039
ACP6,0.16116376587889594
PITPNC1,-0.5675627725842511
RNF115,0.213180542806686
MRPS7,0.28211985456502164
SNX11,-0.6708212521426428
IKBKE,-0.485834845031214
CDK11B,0.23174406663804722
SLC25A35,-0.39157285016576615
C17orf75,-0.14104024189268027
MYH3,-0.543939612273694
MYL12A,-0.8071566005194006
ICAM2,-0.15039267444387724
TIMM23,0.11552757071508281
PPIAL4H,-0.03126014058780728
UNK,0.5470832520236366
ZNF850,-0.19758896933709047
PRKAR1A,0.10310054607777598
SPC24,-0.4107603778801887
FBF1,0.10927569305182346
POP4,0.2900093454684334
GCOM1,0.3988501130734697
TMC6,-0.28018513744354445
SEC11C,-0.23062687423203782
BECN1,-0.5254617301827247
STX10,-0.9073770893562929
C19orf53,-0.0934727507978074
STAT5A,0.3798952063290192
FMNL1,-0.7051081021723589
C18orf21,0.45713286505632406
FOSB,0.011415996031349518
KANK2,0.34342655507661435
CCDC106,0.32780979186749243
POLRMT,0.3014546003526573
CAPS,0.42942549119080925
GALK1,-0.4538515413701319
KIF18B,-0.44026081793731786
PRKCSH,-0.03507563946745234
HEXIM2,-0.050594275909892676
PDCD5,0.217784478359786
NFIX,0.4313946211005217
MFSD11,-0.17760498982721812
NBR1,-0.2888864432094042
TPM4,0.10660704824778898
RINL,-0.652904996847337
TTN,-0.11456261000035604
ZSCAN5A,0.020628381020506535
UQCR11,0.09489509866752523
PWWP3A,0.6168881747650584
ZNF221,0.63452236082843
ZNF567,-0.13009816554620507
RPS15,0.1119410771965868
GPATCH8,0.6654658223238518
GHDC,-0.8014329611328028
RASGRP4,-0.5682109205046616
NSF,-0.8032174517234465
CIRBP,0.335589875413336
SEC14L1,-0.7855766006733272
SARM1,-0.04871395493836427
ZNF101,-0.18637370836454473
ILF3,0.7962936716252044
KDSR,0.15786011374267678
APOC1,-0.29891720606481165
MBTD1,0.8435976793054666
MAP2K6,0.07914289200895992
FBXL12,-0.055420990113591716
PEPD,-0.014104139457863946
ZFP28,-0.1434828493635484
UBL5,-0.08614770996518015
JOSD2,0.058979296980900923
ZSCAN18,0.2727514954241073
ZBTB45,-0.05878499796847574
SPTBN4,-0.5694547036402428
LSM4,0.12983139363683718
PLA2G4C,-0.39545903777171104
ZNF587B,0.16597060220397888
ZFP36,-0.8196196699923358
KXD1,-0.382858970321087
FCHO1,-0.429411464862056
TAFAZZIN,0.10016813602555953
ZNF114,0.8475284499927095
NOSIP,-0.07085655625256534
ZNF841,0.06366529146766864
DTNA,-0.2240102784748942
SAMD4B,0.513288623750362
TRAPPC5,-0.30943458912082644
ENSG00000188897,-0.17106568793362648
EMG1,0.5547408375271861
SLC35E1,-0.2898283552777004
MED25,0.19212379812947092
ARHGEF1,-0.5333933458930159
RPS19,0.10844795974679489
ZNF616,0.5357184889817763
NIBAN3,-0.16153760122215988
ZNF71,0.021700543290837513
MYO9B,-0.832618928202222
CCDC61,0.12837622910991797
ZNF837,0.0471709110320947
BABAM1,0.08404997302944621
ZNF480,-0.7091333375630535
ZNF446,-0.08976062523356405
GMFG,-0.5133657780540911
FKBP8,-0.3363195597401974
CT45A1,-0.2333189835487225
ZNF358,0.08032703864924146
RPS28,-0.02094585717815598
ENSG00000269590,-0.485828088237843
ZIK1,0.033140664049707065
MCM3,0.30336474847957906
FFAR2,-0.667684938857873
RUVBL2,0.6169484193561294
SELENOW,0.049062756406904495
SH3GLB1,-0.09801627858429358
NELFCD,0.21202495556024167
COMMD3-BMI1,0.643234569946081
DENND4C,0.25227999680341706
YTHDF3,-0.16884764512963407
GNAL,0.4304069762553088
DNAJC3,-0.784976225939238
PSMC3,-0.001190417454687692
ARMCX5,-0.1250270101162244
TMEM120A,-0.8484293606793797
ALDH3B1,-0.44763804994583295
TAF15,0.14775268996519456
CCL5,-0.5597367643538611
LIX1L,0.4588254391868457
RER1,-0.2605070705364693
NDUFB1,0.04848851240774801
ITPR3,-0.023556228316771306
ASDURF,0.5920143753297777
SLC37A4,0.15790345824602972
CWC15,0.49496333589522484
CSNK1G1,-0.664618046119163
HEBP2,-0.413251279562763
POLDIP2,0.35611249757305474
H2BC15,-0.5138742652677352
COPS9,0.7541411446546328
DCP1A,0.2413421797714911
GTF2H5,0.2493908585427636
WDR18,0.7850590004132357
NUDT3,0.16831229997374583
UQCC2,0.42228981764892204
SIRT5,0.2833435312700674
POM121C,0.2676103391592637
FBXW2,-0.12246537125938935
ZNF595,-0.030882675632900203
NT5C3A,0.31944681078199627
GPRIN3,-0.7032445007460953
ACOT7,-0.067460274401897
TOR1AIP1,-0.3599403581253695
ZBTB25,0.4249677207343176
C1orf109,-0.05728047983569019
SLC25A16,-0.017616515285993246
ARHGEF2,-0.15376105175184177
RPAP2,0.6240371756909274
H3-7,0.06184201712650463
RNF146,-0.5884395817137149
DYNLL2,0.3300348251067002
SCOC,0.14299059925346705
TOR1AIP2,-0.41545862995702987
NOMO2,0.11675027976241761
RIOX1,0.43946868738273637
CPNE3,-0.3637647058646157
ZNF316,0.4169318925416076
ZNF8,0.692236868027607
KANK1,0.4158661919304712
STON2,0.6266962345909213
TPT1,-0.15365998918657836
LRRC41,0.5056318289685355
ZNF282,0.06170026242426492
AATF,0.924553940704619
H4C7,0.9204149873123513
ARID3B,-0.053397035857986774
SYNRG,-0.23126488026246206
GIMAP1-GIMAP5,-0.8594771609408178
ZNF2,0.5405528269659564
MARCKS,-0.610215065809637
CWC25,0.07650137198267432
VPS13D,-0.418639293688564
ALMS1,0.5605915740750836
UHRF1,-0.08695498239432096
CASP8AP2,0.34227174042032893
CRY2,0.0655975209129611
GGNBP2,0.013640147889153157
ABCB1,0.30980998196790477
NPRL3,0.0465326613535887
SPPL2B,0.28177870795052423
POLR2E,0.9428141577863447
SPCS1,-0.42160480263116185
SRRT,0.7691718751372302
ZNF714,-0.10697079821447002
NATD1,-0.002626336623560278
PLCL2,-0.6784907139290289
ACACA,0.1648267205765768
ZNF787,0.2773568088432466
CYP1B1,-0.30716128316831554
DUSP14,0.365152600611548
SLC35A2,-0.3729599309044886
SEC14L2,-0.13331534747694535
PPP1R9B,-0.5558727083251015
LTN1,-0.6336277721546969
CAMK1D,0.226734060707478
GNAZ,-0.40700802588758034
LPP,-0.344090131044451
GAS2L1,-0.15996034723788174
MAPKAPK3,-0.11632244124576185
ENSG00000233757,0.34754887563540016
MR1,0.13238034983556604
H2BC9,0.059565366240009084
UBXN8,-0.6383233422096756
LENG9,0.028420273460096363
CHD1,0.2462788263420327
WTAP,0.9126507129649749
DDX52,0.9276892615495113
MYO19,0.16148348607962923
CD177,-0.20795067025146738
RPS6KA5,0.055398770349832066
ZNF518A,0.007209642269706393
DENND1B,0.020112876834515406
FAM107B,-0.6393136491886761
IRAK4,-0.26584105341135195
ZMYM2,0.8728043647279599
MLLT6,0.22314910055780537
HEMGN,0.10142870207104154
C18orf25,0.03458334590538734
WDR89,0.5893974575890389
MRPS21,0.11409584173545154
SRSF8,-0.01743126612964303
HYOU1,-0.46374156532095534
PIK3R6,0.031927754421055596
LRMDA,-0.1654759933202371
ZNF48,0.4185421448550509
ZSWIM9,-0.011197563510233127
TUBGCP5,0.015603663817907917
NEK3,-0.5720387952731892
RCC1L,0.7071283972707927
RSBN1,0.6699187284334178
BID,-0.7875863646859594
MCM9,-0.1497839776317224
OPLAH,-0.08268378912834014
BCL10,-0.34229761739088727
KDM4B,0.34133579163822303
IQCE,0.12997112723632753
COPZ2,-0.6271432562425213
NUDT18,-0.18492275402303981
MAGT1,0.10745886832352049
ESF1,1.0586505797766528
NOP16,0.8269667386959008
SLC6A6,-0.46529724351727364
SCAMP1,-0.08909882395986002
SYTL1,0.18394259373681812
CYFIP1,-0.3651224991613698
RAB44,-0.17518312627770083
TADA2A,0.09496788243303879
ABCA2,0.3551587343946151
PRAG1,0.00021357935728847564
FAM83D,-0.3208853508624325
FOLR3,-0.07927078932940039
VPS11,-0.41395924157690844
SLC38A5,-0.028840124968478074
NBPF26,-0.3228926794117625
MRM1,0.5022257544025543
TNFAIP3,-0.1906893114680335
RSRC1,0.3808569484523733
TBC1D2,-0.6031826094323737
AP5S1,-0.130923389397031
CEP162,-0.0428220753250876
JADE3,0.4117755157877452
ARHGAP23,0.3078363705908123
CHST12,0.514518247248993
SYNJ2BP-COX16,0.1437517541174856
RBP1,0.18893358328827528
NEFL,0.252426516674931
ZFTA,0.19403349865026323
PLEKHA2,-0.11964655243395096
DACH1,-0.2581429479844066
STK3,0.22346241513093276
RAVER1,0.538230749221452
IFFO1,0.09089663424878817
RECQL4,-0.33550597753418104
AP2B1,-0.38088960966417224
ENSG00000258529,0.17589344529045708
JRK,0.059147782688910785
PLCG2,-0.34467750874027175
RAB7B,0.46989538261836555
PIP4K2B,0.3606122991232957
ORAI1,0.2967926415838948
RFX3,0.9228098107242824
HMGN3,0.5162161044684731
ZNF501,0.2535002629773359
DDX27,0.8926358015746181
DHRS11,0.5444151341444605
PTPN9,-0.6831881346922003
MILR1,-0.5187808857329531
BCL9L,0.19784212294713113
CCDC28A,-0.19140386797077114
DCAF7,0.41036127225493446
SNAP47,0.2604383800149479
WASF2,-0.0716152651281956
HDGFL2,0.0829903705695551
HSH2D,0.356560460868866
GALE,-0.47901336793182736
NSA2,0.4875942190459595
ARFRP1,0.06938845334492992
OXA1L,0.049780490032759035
NOL4L,0.07373246930882342
MID1IP1,-0.15402336357413393
KDM6A,0.30582718338192216
PSMB3,-0.0872566643049883
ZNF107,0.16911917664908815
PLSCR3,-0.6136657735419351
CISD3,-0.29331024785043447
AOAH,-0.538271353582795
TSPAN33,-0.38959108103246726
ADNP,0.9266894992356159
SYTL3,-0.5910000783254121
PHF19,-0.30053489923758225
BIN2,-0.6822420751226752
ZCCHC3,0.6439327600817842
PRIM2,0.07884458243028807
PPP4R3B,0.3554423729955804
ARFIP2,0.016013918367105348
ELOA,-0.054607671657796744
HTD2,0.4479110122448476
PARG,0.006255496995906147
RBIS,0.062474571968874446
CTDP1,0.18644845674934707
MIS12,-0.17351935128663787
PPP1R2,-0.25253452302637364
CPSF1,0.3487000128037966
ZNHIT3,0.4827988225254937
IFITM2,0.01897904348199295
KIZ,0.0014645714089033437
CASTOR2,0.3506126847590187
ARMC9,0.10233635859146967
EXOC5,-0.10714422313246631
PIGBOS1,-0.2581851497069717
MRPL45,0.4464784148459579
ZSCAN26,0.5533799684606856
GTDC1,0.21444695136161135
PSMC6,-0.04464235436024101
DOCK1,0.47859220402823577
SLC35A4,0.18060577426076657
CDKL5,-0.8682474378384976
SMIM26,0.016531291620106477
AAK1,-0.45444667440659153
WASHC2C,-0.21880111827820195
ADSL,0.2147544250814722
SAA2-SAA4,-0.22593624646938687
WASHC1,-0.11213032810830996
PTP4A1,-0.03498701363109593
C4orf3,-0.8704032025975215
MTRES1,0.17879442654476474
KCNQ5,0.3474477290736533
SLC25A22,0.19318753486808193
ZCCHC17,0.45593566089325355
MECOM,-0.09440837175681979
RPS4Y2,-0.1564193581121052
DDX3X,-0.19615021585493894
DNM1,0.5004754606249353
UBAP1,-0.5270448045531261
TIGD2,0.5073265961390289
R3HDM1,0.5329946027761299
COBLL1,0.23705744771567647
CRYBG1,-0.5429648013318118
ZCCHC8,0.10497977968191756
NCBP2AS2,0.1986120086397191
PRSS2,-0.015712408213304344
PON2,0.0003466688540806979
CELF2,0.04433360769398004
NHSL2,-0.6037155743945141
ERVK3-1,-0.2577431611561774
EIF4G3,-0.2404035454705152
SHANK3,0.44897955161646297
BAG1,0.4180842762669038
PHF14,0.7888989817412383
NBDY,0.5736059520023408
MMP24OS,-0.27858868504794276
ATP6AP2,-0.3897525464926815
EPB41L1,0.32805817600427306
ENSG00000250644,-0.022281873789495345
TNRC6C,0.3610683500186411
IRAG2,-0.25649243638433417
BRD3OS,-0.006712785341833594
RAB6D,0.2434208750609404
LCOR,-0.11548467932993978
ACY1,0.3065318031260726
BTBD8,-0.11356017253700108
UNC13B,-0.20655370627348377
SMIM27,0.016766953445578745
TEPSIN,-0.05113786147903884
KRT10,0.14168805260044115
FAM193A,0.20313005209550675
TAB2,-0.24273131405969361
DPY19L1,-0.30274845155224644
ENSG00000285025,0.4089113957697231
ASAH1,-0.22503726216556036
ZNF654,0.3875623412985854
PIGN,0.20163248951881882
ENSG00000284292,-0.728975932916803
ZNF888,0.49893348678749283
ENSG00000284024,0.0720562867536705
ENSG00000283761,0.1701369391185779
LIAS,-0.018765061733076665
IGBP1P2,1.1515707920353648
NUDT4B,0.04874311030472384
INAFM2,0.30186722164277724
ENSG00000284691,0.49823482008262987
PHGDH,0.0015986795370316552
PNPO,-0.30872666004407806
DEPDC5,-0.14134425751139196
SAMHD1,-0.9075321145722415
ENSG00000170846,0.13980256291832083
ENSG00000285330,0.019756947597536826
PTP4A2,-0.1720350819546154
HNRNPA1L3,-0.7841712728775158
GIPC3,0.07572951774069647
TSEN15,-0.007625828666704316
FOXC1,0.033351824497753486
TNS1,0.1673763035258519
SUCLA2,0.423710416774017
SMARCB1,0.6676314313738626
SEPTIN3,0.5384418062626483
STEEP1,0.3419493743889587
SPG7,0.43397275778864225
GSDME,-0.5328760731442139
MTAP,-0.035096652578286654
CCDC9,-0.14657426192812106
TLR2,-0.7191487478141524
CHD4,0.8322086476995253
TRANK1,0.1992868573470215
MYO1F,-0.95336834987215
KSR1,-0.27635146831262203
DYRK1A,-0.6021516402985617
ABCC4,0.08139021590842048
ACTB,-0.9583615562480416
CTNNB1,0.09911612377044753
ATP13A3,-0.5091981295414467
UBE2T,-0.15078142170167735
MICAL2,-0.8126108162978452
ASXL1,0.2655213208938658
GCLC,-0.06407171603227893
LARS2,0.49688920512310464
NMNAT3,0.26265343883986136
SRP72,0.08692145372807367
H2BK1,0.31253765547087625
SPTA1,-0.056180942151074345
CHD8,0.40845251232205454
MYO15B,0.36864781308735173
MANBA,0.20671418957442503
BTD,0.14954179763762665
IFNGR1,-0.7700483813041074
AP3D1,-0.6568927556928128
RAPGEF2,0.3499781563844158
SLITRK6,-0.38861411658165546
VPS45,-0.4585926461054275
MEA1,-0.13641352314738872
RPL35A,0.06977349061377282
IQSEC2,-0.8177259414971946
ABHD5,-0.6643367411965566
CCDC82,0.33892632819588087
AP1S1,-0.07484035284905585
POLR1C,0.6634505849296557
SLC52A2,-0.06657687692562547
MYT1L,0.14882836107849376
TBL1X,-0.4781504679629982
SLC33A1,-0.25999027087112436
RPL11,0.02266197264576818
CD55,-0.860085244540652
TRIM8,-0.02583760124074514
SLC35B3,-0.0907412908325955
TRIOBP,-0.5213288638684022
TASOR2,0.657173603593566
TRMU,0.29295656775589035
RDX,0.07669430119380709
DNAJC21,0.06146166924981345
FRRS1,-0.031702976341784136
ARPC1B,-0.5198649993330278
RPS26,-0.0006382864827974966
SERAC1,0.5841273733337736
RPS7,-0.010230768582605115
PROSER3,-0.014172758136458527
LZTR1,-0.5687828342505207
MYO1C,-0.6760650691063436
ISG15,-0.20124940480764017
FAM50B,-0.0023948674750469247
COX7B,0.0943718979826587
FBRSL1,0.7165024884724305
PLA2G2A,-0.24957308571275932
IGF1R,0.16338899196539228
MCTS2,-0.5016928586520427
KCNN4,0.23457668420560743
JAGN1,-0.02550687076472219
MCM4,0.33481643277100004
ACP5,-0.3566669155871693
MMAA,0.47340707877107235
IQSEC1,-0.5536566328048211
SH3BP1,-0.3766266425056542
EIF2B5,-0.16850891849696598
GMCL2,-0.07779459077338233
TRIM16,0.2705341464376517
ITM2B,-0.29937446736379103
CRYBB1,0.2037848131101048
GNAI1,-0.09340461202856569
IFIH1,-0.20876080448318837
IDE,-0.2689488785075575
AGK,0.4280942226671825
CPOX,-0.01557932779856156
GAN,-0.16170693114716075
RCC1,0.15676021022818765
LRPAP1,-0.6780327908608571
VKORC1L1,0.22845452427555268
SEC23B,-1.0040617958247429
ENSG00000173867,0.39386393273034154
MKKS,0.15600968221359846
INPP5F,-0.2909131611221436
HBD,-0.0060033772075966454
DARS2,0.28305409353756067
UBE3A,0.1195427048617147
LMBRD1,-0.10198944175578198
CTPS1,-0.1468104121228797
INO80,0.13601856661342782
EIF4A3,0.11468707870423467
LPL,-0.433315029236846
TNXB,-0.047232534819460784
EPB42,-0.2189491411415787
AP5Z1,-0.09173650208480857
AKT1,-0.30769472894196864
DCLRE1B,-0.16842879613424985
RAB12,-0.6475378413632339
B2M,-0.19263632956336466
RPS10,0.062477373283184146
RPL29,-0.007727083263927529
COX6B1,-0.053922783791689126
GET1-SH3BGR,0.4362107961980693
RPL26,-0.07658503118534389
SELL,-0.03561109058699183
RBMXL1,0.6700339985816305
DCAKD,0.20845758795294186
EEF1AKMT2,0.006525001478510376
SPRY1,0.8557737202206273
GSS,0.018083963864780485
FECH,0.6391769326222563
FAM210A,0.36918457225870627
ALPK1,-0.3144729198782303
LIPT1,0.0151851126004838
GTF2IRD2,0.5312337682531666
LRBA,0.5590559622281494
SEPTIN1,0.0004733230611434699
NOTCH1,-0.02579045482297335
RBM15,0.4221222869683406
EPHB6,0.5071006647182935
CLUH,-0.06680525044726912
ZNF611,0.02491884547814718
ZBED1,0.4516095033952841
DOCK9,-0.381932494414328
ENSG00000286235,-0.010099319676539617
HMBS,0.12394074668550274
SPN,0.07637954487427596
AKR1B15,-0.24687538517057245
ERCC5,0.5616409447794601
HENMT1,-0.007222954385769612
RPS27,-0.16217069849152174
EIF3L,-0.13298120244944417
PREP,-0.21821013520655974
SAC3D1,0.18680255770241028
IPO5,0.054996087468983004
TSFM,0.39791707565140955
MYC,0.08860633584583491
SCLY,0.3163116659303646
CARD8,-0.139924170573576
ZBTB14,0.35725899106421494
ERCC6L2,0.16232229743252252
CDC42,-0.8424944023026613
NINJ2,0.2754797549985552
ARHGEF18,-0.13901890629397773
SOX6,-0.2711499334954702
ENSG00000288520,-0.7056470199089415
BRPF1,0.5559524011196674
MFSD4B,-0.137069097136541
ATAD3B,0.058733750636701595
ACP2,-0.28697534350351794
ATXN2,-0.018622944774073575
ARHGAP35,0.22943059702234384
VARS2,0.24138332271238733
AIMP1,-0.020075354010103293
EED,-0.09879574990723798
ASCC1,0.08855036887077458
WIZ,0.9177904944238385
ADCY7,-0.939569105267707
GBF1,-0.2738880775769282
DNAH10,-0.36258946425055594
PIK3CB,0.26254045672843557
BIRC3,0.021026950829191763
FUT8,0.09624566944721956
AHDC1,0.8578936463656216
KMT2B,0.1705246536197289
CUL7,0.3373136780655279
GPATCH11,0.5366876836725242
SUPT3H,0.2407866930460793
SLFN14,-0.07354970353223825
PTBP2,0.5178559750477971
ENSG00000288637,0.019580084868632497
ATM,-0.2139094269705085
ERCC8,0.19739952465373828
CSPP1,0.38231096222339184
CSF1R,-0.39693406187541086
RHBDF2,-0.530821668828211
NEDD4L,0.02877627500919444
SIPA1L2,-0.2027808598579472
RUNX1,1.0098133477188347
FAM111A,-0.20918981438527617
CEP63,0.3472684903680331
HLCS,0.2042128588126314
FIG4,-0.3133723560799382
CEP290,0.3626212057635168
POLR2A,0.5645117113272008
TRIP12,-0.48239742363753013
USP40,-0.06642479003895865
HGS,-0.2728259270041078
PABPC1,-0.17397711447998895
IMPDH2,-0.15388404074102682
NDUFS2,0.22387652193866184
GIGYF1,-0.29971205764351017
DRAM2,0.22528438027376133
EIF3I,-0.1390666092455327
CTSC,0.2061844297671811
ACE2,-0.6510463005442478
TCF20,0.3925027969352946
KPNA2,-0.024717518998317107
SRPRB,-0.22728457399007035
ZC3H13,0.6665484150584519
CTSA,-0.6591928958596237
KAT14,-0.12897461070064287
DNAJC14,0.03411149557678245
UVSSA,-0.27744066253422445
ACTN1,-0.5265371892056195
WASH6P,-0.16031869104073307
KIF23,-0.2803304466125996
LPIN2,0.04761993223234252
IFIT3,-0.50571560241519
DST,0.6410879637736153
TCERG1,0.6485722754024632
ALS2,0.6828649326817996
SNX9,-0.18407354031430093
KIAA1109,-0.6423363401980113
ASPM,-0.5681014330152836
ALG5,-0.1647360016480575
GEMIN8,0.30069258585399233
ACADM,0.21403290436442324
LIN9,0.08769098483201097
SMPD4,0.2951237930008242
NAXD,0.15282772221719534
CASS4,-0.3332597762357877
DENND5A,-0.05608893238450623
P4HB,-0.6952721581765317
SEPSECS,0.1103481270596043
AKAP8L,0.6149693564522063
ATAD1,0.4855104420694896
BRD4,0.4226130882852732
JOSD1,0.1151618894231575
ZHX3,0.24978008079319305
ZNF320,0.12362711701316242
NFRKB,0.5202368304329037
MIGA2,-0.46389357183913127
DCAF1,0.4117245438009261
ZBTB1,0.3469793991946278
COMMD6,-0.16933452881702077
ZNF131,0.6680299809056855
ZSCAN20,0.16608949270924667
ZNF496,0.1843232334322817
ATP11C,0.06106003135066391
S100A13,-0.2496773102510181
MAP3K2,-0.6997271717479078
BBS2,-0.3433836482075084
RETREG1,-0.7085575602504982
ZSCAN12,0.3381620102305689
MINDY1,-0.5197987139098363
ZSCAN29,0.165786205142486
PARP9,-0.5097636570961531
SH2B1,0.24123057719082158
SYNE3,-0.6402931876589927
RAD54L2,0.8639135331650735
SMUG1,0.11383621571183773
PEAK1,-0.10894853973649257
UMAD1,0.0615275908172997
ZNF761,0.08168185634210003
SIGLEC5,-0.9038828192604382
HNRNPF,0.23609073803618816
RABL2A,-0.28879747288557317
ZNF836,-0.11503810193162814
ZNF160,0.5187544091678814
TBCEL,-0.04083688019006094
RABGAP1L,-0.07888841677242574
MPP7,-0.40564786359460003
CT45A10,-0.01740290843665187
ZFP30,0.5644389216174103
GGACT,-0.13566956591041068
CD101,-0.6595622504419241
PRRC2B,0.13876556062155537
TMEM67,0.3209371064668875
KCTD15,0.027898505620269395
ITGA6,0.13303112688370014
ZNF184,0.5500281864966736
KALRN,-0.7780059339354362
NKRF,0.5937442373546256
TAF2,0.6065339150248718
CARD16,-0.5947616790730575
FAR2,-0.3898647555088295
FAS,-0.6745970702626382
PTEN,-0.12461532130457388
MAST3,-0.7842967595911272
ENSG00000288796,-0.5168633269793325
ENSG00000289027,-0.3361008106823681
TANC2,-0.12746115045445547
GASK1A,-0.12313388818849272
DPF1,0.7757196057279838
NAV1,-0.019597927150001783
ENSG00000289694,0.06333137472223453
ADA,0.7521249003753351
G6PC3,0.014329918331770242
SFPQ,0.44519361700807
USB1,-0.955122823437376
TTC37,0.2707212818096318
PPIP5K2,0.08502204590778513
FXR1,0.30928228276163805
PTPRJ,-0.8676861519978979
STIM2,0.12784454639773227
MAP3K5,-0.262729604439197
HPS1,0.2917193555225267
NLRP1,-0.7348893009998035
TAPBP,-0.2830196051642471
LIG1,-0.10458673013933524
TRAF3,-0.16844397397624397
TNFRSF4,0.5288231644518623
BIRC6,-0.3646899383556408
CLASP1,-0.037159120948750665
ITIH3,-0.18864582667014898
TTC17,0.06350464895880857
MGA,0.4235768558674343
ENSG00000290315,0.042163243700909604
GRIPAP1,-0.40692188153980663
USP9X,-0.26468817763006347
LARP1B,0.03790933189391195
TMEM106B,-0.0864636517370664
KHDRBS3,0.08235176928406007
FXR2,0.12850195383642743
RPN2,0.007785616895500032
NPLOC4,-0.018938550327092237
ATP2B3,0.020557155531122646
DAXX,0.7184746067010638
SRPK2,-0.04468430997718519
EPB41L2,-0.2926005086730858
