Lipid,C3L-00365,C3L-00674,C3L-00677,C3L-01043,C3L-01045,C3L-01048,C3L-01049,C3L-01149,C3L-01157,C3L-01839,C3L-01887,C3L-02041,C3L-02465,C3L-02504,C3L-02542,C3L-02642,C3L-02704,C3L-02705,C3L-02707,C3L-02708,C3L-02900,C3L-02970,C3L-02984,C3L-03266,C3L-03407,C3L-03681,C3L-03727,C3L-03728,C3L-03748,C3L-03968,C3L-04084,C3N-00661,C3N-00662,C3N-00663,C3N-00665,C3N-01192,C3N-01196,C3N-01334,C3N-01364,C3N-01366,C3N-01368,C3N-01369,C3N-01505,C3N-01515,C3N-01517,C3N-01518,C3N-01798,C3N-01814,C3N-01815,C3N-01816,C3N-01817,C3N-01818,C3N-01850,C3N-01852,C3N-01856,C3N-02181,C3N-02183,C3N-02185,C3N-02186,C3N-02188,C3N-02190,C3N-02255,C3N-02256,C3N-02769,C3N-02770,C3N-02782,C3N-02783,C3N-02784,C3N-02785,C3N-02786,C3N-02788,C3N-03070,C3N-03088,C3N-03180,C3N-03182,C3N-03183,C3N-03184,C3N-03186,C3N-03187,C3N-03188,PT-NPJ7,PT-P44H,PT-Q2AG,PT-R55F,PT-RN5K,PT-UTHO,PT-WVLH
anandamide(18:1),14.419,11.661,13.365,12.916,13.433,14.276,12.212,15.002,12.495,12.840,13.806,13.538,15.646,11.630,14.082,13.846,14.606,11.851,13.070,13.013,13.720,12.388,14.144,12.705,13.157,12.582,14.512,13.732,12.412,13.388,13.569,14.597,11.679,12.151,12.609,15.530,13.690,12.928,16.436,13.240,12.103,12.487,12.255,11.672,13.615,14.494,12.512,12.165,13.116,13.639,12.802,13.729,13.189,14.450,16.770,12.223,12.259,12.692,13.547,11.978,12.409,12.833,13.669,12.055,12.874,13.132,12.855,12.195,11.765,12.230,11.578,12.463,13.535,11.537,13.410,11.338,13.133,13.487,13.001,13.309,15.431,15.449,16.275,16.548,16.193,16.696,16.827
carnitine(12:0),18.319,15.677,15.427,16.825,14.708,16.784,15.419,14.895,16.983,16.259,17.099,17.714,15.097,17.257,16.467,16.751,16.099,14.706,15.846,16.838,18.233,18.814,12.877,17.163,16.796,16.124,16.603,16.588,16.795,15.277,16.893,17.884,17.048,15.405,15.765,17.068,16.161,17.418,15.289,17.499,15.786,15.451,15.891,16.620,17.539,16.968,16.527,18.129,15.366,17.271,16.322,16.624,15.010,16.569,15.185,17.012,15.340,18.631,16.547,16.956,16.607,14.568,16.223,16.435,15.372,17.543,16.404,15.062,17.422,16.062,15.532,15.763,15.905,16.897,17.189,19.618,17.377,17.407,17.019,17.247,11.466,12.991,12.413,13.602,13.259,13.137,12.584
carnitine(14:0),20.968,17.889,18.409,18.476,17.829,19.274,17.979,17.307,18.716,18.264,18.944,20.041,18.221,19.787,19.061,18.739,18.628,17.175,18.629,19.292,20.525,20.949,15.188,19.284,18.421,18.445,19.519,18.357,19.421,17.970,19.366,20.224,19.266,17.815,18.410,19.807,17.974,19.944,17.675,19.859,18.107,17.646,18.427,19.005,19.389,19.068,18.940,20.650,17.848,19.466,18.220,18.965,17.093,19.076,17.737,18.697,17.889,20.316,18.438,19.631,18.855,17.572,18.368,18.393,18.546,19.908,18.041,18.591,19.955,18.343,18.208,18.234,17.066,19.826,18.650,22.175,19.904,19.396,19.185,19.411,NA,15.759,15.041,15.768,15.664,18.515,15.046
carnitine(14:1),18.938,15.775,16.280,18.201,15.410,17.303,15.658,16.231,16.586,16.425,17.462,19.066,17.889,18.214,17.625,17.000,17.068,15.305,17.164,18.646,21.314,19.072,14.291,17.534,17.930,16.974,17.617,17.147,17.591,16.197,17.364,18.443,17.842,16.298,16.559,18.036,16.048,18.398,15.632,17.810,15.911,15.373,16.331,16.982,18.816,17.785,17.475,18.996,15.801,18.364,16.245,18.004,15.414,17.840,15.337,17.401,16.221,18.588,16.273,17.501,16.592,15.574,17.041,16.564,16.352,18.273,15.798,16.830,17.858,16.248,16.108,16.674,16.168,17.882,17.600,17.622,18.130,17.932,17.533,17.924,13.103,13.144,12.072,13.344,12.802,14.557,12.339
carnitine(16:0),23.406,21.148,20.975,21.360,21.583,22.514,21.046,20.696,20.774,20.225,20.829,23.114,20.832,22.135,21.594,21.414,21.845,20.467,20.569,22.472,23.145,22.819,18.558,21.382,21.014,20.806,22.424,20.630,22.383,20.747,21.640,23.047,21.559,20.936,21.179,22.175,21.341,22.280,20.705,22.455,20.481,20.820,21.274,21.783,21.776,22.135,21.222,22.927,20.789,21.944,20.720,21.522,19.760,21.450,21.836,21.824,20.918,22.452,20.916,22.326,21.399,20.550,20.401,21.574,21.560,22.192,20.907,20.960,22.523,20.988,21.328,22.559,20.209,22.211,21.271,23.773,22.279,22.168,21.740,21.628,17.277,17.716,17.628,18.216,18.119,20.765,17.292
carnitine(16:1),20.813,17.926,18.162,19.053,17.287,19.043,17.369,17.613,17.933,17.582,17.929,20.293,18.867,18.975,18.733,18.690,18.831,17.310,18.179,19.784,22.117,20.314,15.538,18.672,18.375,18.652,19.266,18.014,19.140,17.736,18.975,20.135,19.211,17.960,18.404,19.603,18.135,20.189,17.969,19.676,17.866,17.237,17.785,18.873,19.617,19.497,18.645,20.371,17.309,19.857,17.662,19.083,16.427,18.839,18.321,18.971,17.783,19.466,17.877,19.177,18.130,17.430,17.845,18.000,17.876,19.365,18.005,18.476,19.536,17.964,18.034,19.247,17.090,19.380,18.843,18.577,19.942,19.357,18.575,18.834,14.766,15.043,14.067,14.593,14.244,18.170,14.001
CE(18:1),19.850,20.384,19.433,19.783,20.507,19.132,20.299,21.210,20.149,19.928,18.702,20.342,19.374,20.722,20.136,20.683,19.381,21.346,20.385,20.539,21.728,19.460,21.515,20.265,19.863,20.905,19.224,20.834,20.274,20.995,20.158,20.705,20.791,21.501,20.285,20.563,20.128,20.575,21.625,19.895,20.722,20.596,20.849,20.754,21.991,20.590,21.766,20.758,20.594,20.593,20.762,20.170,18.941,20.791,19.946,20.157,21.751,20.718,20.217,21.380,20.441,21.254,19.784,21.464,20.383,21.190,23.022,20.835,20.839,20.657,20.329,20.841,20.893,18.899,21.378,19.129,19.724,20.360,20.810,18.520,14.382,14.836,15.119,14.799,15.343,15.004,14.728
CE(18:2),21.634,21.268,21.531,21.507,22.323,20.991,21.904,22.135,21.027,20.739,21.388,21.692,22.210,21.242,21.380,21.647,20.103,22.257,21.448,21.885,22.406,20.143,22.120,20.499,20.361,21.412,21.478,21.971,20.824,21.969,20.876,21.828,21.358,22.434,20.894,21.384,20.890,20.822,22.542,20.888,21.290,21.485,21.482,21.506,23.368,21.986,22.731,21.552,21.604,21.825,21.487,21.326,20.026,21.482,20.908,22.069,22.828,21.231,21.163,22.733,21.799,20.989,20.271,22.444,21.694,22.103,23.597,21.694,22.242,22.063,21.270,23.265,21.381,19.669,22.668,21.587,21.196,21.697,22.321,20.729,17.733,15.593,18.565,17.432,18.417,17.850,18.034
CE(20:1),15.607,17.290,13.729,14.686,16.327,14.711,16.781,17.031,17.529,16.609,NA,14.701,12.719,16.566,15.642,16.586,15.356,18.443,15.390,16.895,17.670,15.520,18.052,16.859,17.411,17.735,13.247,17.220,17.135,18.804,16.466,16.809,17.084,17.860,17.220,16.816,17.123,16.540,17.881,15.771,17.763,17.466,17.188,17.917,17.949,15.954,18.439,16.905,17.900,17.074,17.399,16.414,14.569,16.732,15.650,15.309,19.352,18.120,17.247,18.454,17.333,18.483,14.821,18.041,16.094,19.397,20.494,18.808,17.056,17.122,16.668,13.503,17.762,15.824,18.511,14.412,15.757,16.636,16.042,12.495,NA,NA,NA,NA,NA,NA,NA
CE(20:2),18.044,18.796,17.432,18.038,19.085,16.871,20.559,18.989,19.366,17.975,15.525,18.448,17.451,19.481,18.579,19.649,17.477,19.490,18.468,19.369,21.235,17.991,20.712,18.700,19.095,19.014,16.844,19.500,19.022,19.698,18.294,18.535,19.054,19.851,19.284,18.580,18.381,18.298,20.128,17.990,19.154,19.235,19.659,19.608,21.065,19.281,20.892,19.683,19.290,20.054,18.702,19.460,16.789,18.808,18.178,18.554,20.767,19.257,18.713,20.931,19.539,20.265,18.267,20.292,18.914,20.631,21.380,20.230,18.862,20.275,19.099,17.975,19.741,17.380,21.300,18.005,18.134,18.610,18.956,16.946,12.283,11.976,11.971,NA,11.688,NA,11.682
CE(20:3),20.237,21.663,20.504,19.874,20.980,19.520,20.915,21.159,20.744,20.246,18.596,21.277,20.002,21.460,20.802,22.191,19.144,22.256,21.752,21.636,23.593,20.601,21.803,21.081,19.813,21.883,19.555,21.747,21.172,21.580,20.731,21.317,21.168,22.688,21.175,21.284,20.566,20.590,22.118,20.523,20.998,20.722,22.391,21.187,22.907,21.153,22.294,22.055,21.633,21.246,21.263,21.949,19.173,21.477,19.646,20.759,22.971,22.040,20.816,23.122,21.461,21.969,20.009,22.421,21.344,22.185,24.021,21.986,21.433,21.176,21.402,21.469,21.963,18.298,22.198,19.820,20.495,20.805,21.723,19.674,15.055,14.502,15.757,14.633,15.415,15.098,14.954
CE(20:4),20.119,20.288,20.260,19.166,21.485,19.334,20.313,21.753,19.732,19.476,19.819,21.037,20.114,21.579,21.061,21.161,19.368,21.460,20.950,20.902,22.708,19.162,21.748,20.319,18.936,20.233,19.742,21.476,20.474,21.260,19.974,20.280,20.306,21.747,19.422,19.974,19.378,19.954,21.785,19.225,20.431,20.060,21.354,19.558,22.688,20.983,21.915,21.346,20.809,19.901,21.044,19.926,19.183,20.204,19.271,20.425,22.452,21.224,19.908,21.902,20.251,20.633,20.800,21.591,21.307,21.005,23.940,19.727,21.415,20.718,20.127,21.859,21.336,17.980,21.764,20.202,19.456,19.996,21.981,18.934,17.609,17.517,18.617,18.566,19.211,18.771,19.148
CE(22:2),16.257,17.834,14.827,16.210,17.579,15.504,18.719,16.787,17.775,16.022,12.662,16.542,14.755,17.811,16.585,17.755,15.622,18.510,16.494,17.660,19.207,16.160,19.095,17.013,17.313,17.883,14.466,18.123,17.582,18.163,16.919,17.155,17.014,18.475,18.256,17.070,17.058,16.741,19.334,16.531,17.556,17.839,18.518,18.329,19.755,17.196,19.240,18.390,18.353,18.346,17.619,17.394,14.549,16.965,16.441,17.104,20.286,18.118,17.555,19.691,18.361,18.546,16.008,18.654,17.506,18.992,20.254,19.613,17.469,18.857,17.613,15.210,18.696,16.248,20.033,15.692,16.575,17.379,17.706,15.209,NA,NA,NA,NA,NA,NA,NA
CE(22:3),17.882,19.227,17.772,17.492,18.504,16.903,18.305,18.889,18.463,17.559,16.080,18.852,16.813,19.729,18.682,19.655,17.154,19.603,19.176,19.354,20.771,18.143,20.020,18.930,18.176,18.740,16.584,19.201,19.366,19.199,18.289,18.703,19.057,19.712,19.437,18.785,18.351,17.648,19.909,17.973,19.078,18.471,20.052,18.888,20.274,18.992,20.082,19.902,18.999,19.003,18.620,19.366,16.322,18.820,17.616,18.336,20.804,19.636,18.432,21.115,19.253,20.132,17.928,20.065,19.388,20.179,21.304,20.318,19.466,18.998,19.029,18.031,19.820,16.780,20.060,17.925,18.207,18.419,19.031,16.720,NA,11.495,NA,11.959,11.724,NA,NA
CE(22:4),19.324,20.437,19.482,18.481,20.653,18.279,20.494,21.929,20.275,19.426,16.864,20.586,17.969,21.825,20.897,20.987,18.416,21.315,19.906,21.067,22.364,19.234,21.518,19.733,19.547,20.328,18.341,21.263,20.074,21.961,19.709,19.868,20.856,22.062,19.449,19.384,18.781,19.793,22.081,19.156,19.865,20.618,21.740,19.681,22.387,20.647,21.696,21.544,20.773,19.792,20.773,19.992,18.449,19.410,19.076,20.381,22.899,21.491,20.149,21.542,20.596,21.501,20.400,21.198,20.846,20.700,23.534,20.306,20.532,20.959,20.268,20.641,21.467,18.750,21.841,20.012,19.085,19.905,21.382,17.808,15.413,15.445,15.702,16.197,16.293,15.969,16.537
CE(22:5),18.211,19.640,18.544,18.204,18.436,17.696,18.247,20.468,18.856,18.421,16.680,18.194,17.058,20.816,19.491,20.112,17.349,20.690,19.179,18.850,21.042,18.267,21.770,19.999,18.943,18.896,17.310,19.146,20.157,20.943,19.120,18.617,18.821,19.908,18.643,18.704,19.390,17.989,19.984,17.263,19.348,18.795,20.073,18.322,21.193,20.673,20.858,19.541,20.203,18.436,18.442,20.055,16.082,19.333,17.905,18.212,21.589,21.114,19.366,20.993,18.908,18.439,17.933,20.466,19.905,21.034,22.867,19.819,20.793,19.444,19.530,17.693,20.237,16.105,19.897,17.914,19.095,18.311,20.266,15.896,12.686,14.039,13.112,14.593,13.555,13.964,13.945
CE(22:6),19.784,21.016,20.021,18.798,22.179,19.389,21.069,20.887,20.050,20.009,17.793,20.173,19.219,20.786,19.591,21.586,19.687,22.176,21.282,20.268,22.485,19.807,22.718,21.549,20.184,21.675,19.158,21.067,20.867,20.980,20.763,21.514,21.604,22.655,20.875,20.894,20.424,20.786,22.538,20.317,21.822,20.842,21.229,21.635,23.088,21.055,22.404,20.833,21.829,21.103,20.364,21.183,19.654,21.715,19.206,19.230,22.933,22.064,20.982,22.620,20.771,20.992,20.596,22.367,20.889,22.901,24.459,21.316,22.025,21.756,19.997,20.137,21.609,18.815,21.844,18.994,19.722,21.496,20.240,19.355,16.926,16.625,17.774,17.456,17.378,17.270,17.721
CE(24:1),16.039,18.818,14.212,15.334,17.720,14.019,17.605,17.462,17.445,17.278,12.018,15.611,14.213,17.374,15.899,17.385,15.307,19.367,15.944,18.039,17.339,15.878,17.463,17.424,18.181,18.430,13.586,17.723,18.202,18.415,16.744,17.163,17.043,18.579,18.331,17.251,16.912,18.174,18.882,16.918,18.507,18.563,19.130,18.921,18.250,16.548,18.737,18.191,18.886,16.596,17.664,17.047,15.290,16.766,16.535,17.825,19.521,19.159,18.274,19.001,18.632,NA,15.577,18.605,17.388,18.715,19.288,19.234,17.570,18.298,16.870,13.685,18.388,17.210,18.872,15.427,16.410,17.709,16.962,12.985,NA,NA,NA,NA,NA,NA,NA
Cer(d16:1/0:0),NA,12.543,10.811,11.335,12.003,NA,NA,NA,11.668,11.122,NA,NA,NA,12.670,12.246,10.760,13.143,12.285,NA,11.121,11.175,11.701,NA,11.669,12.158,11.781,NA,11.317,12.343,15.880,13.834,15.164,10.709,12.949,13.349,12.762,12.921,10.452,10.618,NA,10.456,13.639,13.090,12.822,12.287,12.144,11.517,NA,13.088,NA,11.313,NA,12.285,12.150,15.789,11.691,12.383,11.346,12.569,11.340,11.448,10.984,NA,12.693,11.566,12.093,11.420,11.132,11.355,13.163,11.577,NA,10.339,11.944,12.282,12.322,NA,12.403,NA,NA,NA,NA,11.323,11.264,12.283,11.842,NA
Cer(d18:0/0:0),13.230,14.900,12.755,13.688,14.208,12.813,12.712,15.749,14.288,14.329,14.276,13.382,14.912,14.433,14.092,13.749,14.276,15.722,13.899,13.285,14.214,13.277,13.872,13.863,15.195,15.508,12.911,14.434,15.135,18.537,13.563,15.044,13.502,14.001,14.329,14.586,14.436,13.348,15.019,14.288,14.752,14.825,15.232,14.798,15.088,13.983,14.520,14.470,15.285,14.042,14.179,14.100,14.632,13.934,16.052,14.129,15.692,14.415,15.204,15.240,15.437,14.756,13.149,14.553,14.537,14.687,14.261,14.830,13.703,15.070,13.833,13.487,13.994,14.921,14.153,15.785,13.768,14.817,14.045,13.792,14.216,13.850,14.503,14.578,15.344,14.497,14.390
Cer(d18:1/0:0),15.586,17.544,14.794,15.539,15.724,15.519,14.997,16.956,17.015,17.245,15.648,15.246,16.002,15.656,15.718,15.666,17.289,17.896,15.891,14.899,15.114,16.170,15.687,16.757,18.320,16.986,14.490,16.987,16.976,21.250,16.855,18.256,15.883,15.332,16.469,16.903,16.767,15.868,14.964,16.682,15.474,17.434,17.396,15.871,17.544,16.055,17.560,17.178,18.489,15.230,17.016,16.002,16.521,16.472,19.312,16.088,18.485,16.679,18.066,16.537,18.078,16.087,15.601,17.033,16.343,18.037,16.097,16.937,15.647,17.252,15.555,14.813,16.892,18.194,17.035,16.679,16.474,17.956,16.449,16.253,16.099,15.979,16.588,16.846,18.688,17.166,17.157
DG(16:0/0:0/16:0),18.863,16.564,18.806,19.021,20.186,19.147,17.768,20.046,16.388,16.056,NA,18.447,18.150,19.029,19.366,17.434,19.051,16.857,18.024,18.168,18.582,18.055,17.031,16.152,15.633,15.869,19.392,17.135,18.265,15.673,18.158,18.156,17.919,17.378,17.564,18.421,18.318,18.144,18.076,17.914,17.866,16.983,18.045,17.674,19.047,18.147,17.755,18.358,16.493,18.222,17.111,17.301,17.708,19.517,18.872,18.304,16.266,17.205,15.681,18.743,16.960,17.387,18.014,18.230,17.350,17.807,17.975,17.632,18.380,17.899,17.627,18.779,15.398,14.582,17.951,19.609,17.954,17.033,17.110,16.792,16.303,NA,16.964,16.286,NA,16.644,16.586
DG(16:0/18:0/0:0),18.295,17.140,17.964,18.352,19.611,18.553,18.069,19.831,17.285,16.588,17.816,17.927,18.439,18.503,18.594,17.585,18.690,17.189,17.985,17.634,17.817,17.580,15.973,16.387,16.267,16.298,18.904,17.478,18.909,16.278,18.263,18.102,18.211,17.508,18.396,18.310,18.508,18.136,18.089,18.053,18.250,17.426,17.511,18.310,18.995,17.720,17.964,18.465,17.265,18.755,17.344,17.730,18.015,18.767,19.062,18.212,16.496,17.772,16.326,18.496,16.930,17.926,18.107,18.430,18.128,18.554,18.454,17.842,18.578,17.980,17.865,18.958,16.149,16.323,17.344,19.043,17.628,17.366,17.951,17.258,16.319,16.727,18.514,18.262,17.833,18.531,18.266
DG(16:0/18:1/0:0),20.480,18.730,20.554,20.675,21.520,21.161,19.688,21.445,18.833,18.227,19.534,20.273,20.996,20.743,20.582,19.844,20.948,19.803,20.127,19.730,20.204,19.690,19.591,18.521,18.377,18.275,21.135,19.862,20.152,18.539,20.324,20.316,20.035,19.742,19.608,20.256,20.549,20.581,20.379,20.172,20.275,19.626,19.773,19.614,20.944,20.472,20.404,19.887,19.879,20.681,19.178,19.852,19.703,21.403,20.661,19.821,19.383,19.672,18.441,20.317,19.414,20.046,20.191,19.887,19.359,20.354,20.350,19.841,20.260,19.405,19.366,20.301,18.478,17.358,19.793,20.183,20.183,19.954,19.489,19.489,19.639,19.873,20.611,20.740,20.593,20.604,20.713
DG(16:0/18:2/0:0),18.552,18.048,18.804,19.244,20.523,18.693,19.295,18.529,17.412,16.736,17.987,18.506,18.984,17.802,18.393,17.934,18.165,18.199,18.275,18.773,18.387,17.328,17.690,16.899,16.599,16.979,18.802,18.859,17.789,18.142,18.203,18.463,17.619,18.336,18.116,18.180,17.801,18.529,19.324,18.435,18.076,18.552,18.188,18.648,20.400,18.436,18.928,17.762,18.707,19.413,18.048,18.092,16.861,18.997,18.404,19.116,18.785,17.448,17.530,18.704,19.032,17.676,17.603,18.295,18.008,18.869,18.409,18.987,18.526,19.345,18.798,19.575,17.815,16.772,19.227,18.709,18.841,18.531,17.689,18.681,18.211,17.175,17.361,16.570,17.954,17.216,17.333
DG(16:0/20:3/0:0),18.659,17.632,18.513,18.318,18.957,18.573,17.645,17.215,17.279,16.731,17.578,18.769,19.187,17.734,18.022,19.036,18.227,18.246,18.539,18.213,18.449,18.312,17.842,16.958,17.504,17.415,18.656,18.374,18.368,16.425,18.102,18.370,17.208,17.406,17.973,18.649,17.929,18.229,17.462,17.918,17.592,16.859,18.665,17.219,18.640,18.148,17.274,18.083,18.304,18.006,18.253,18.775,17.799,19.492,18.217,18.045,18.154,17.886,17.604,18.410,18.156,17.886,17.575,18.592,17.585,18.302,18.409,18.847,18.411,17.415,17.822,18.320,17.613,15.566,17.560,18.275,18.402,17.604,18.408,18.222,17.117,17.160,17.988,17.307,18.171,17.472,17.340
DG(16:0/20:4/0:0),19.570,17.908,19.705,19.319,19.033,19.343,18.246,18.271,16.977,17.309,17.674,19.967,18.726,19.488,18.504,19.569,19.531,19.002,18.752,18.509,20.205,18.461,19.524,17.209,17.056,17.523,19.005,18.627,18.317,17.155,18.712,18.987,17.460,18.522,17.210,18.499,17.843,18.857,18.493,16.774,18.505,17.777,18.387,17.524,18.899,19.221,17.649,18.575,18.618,17.440,17.558,18.518,18.275,19.231,19.102,18.643,18.183,18.295,16.864,18.878,18.221,18.368,18.886,18.419,17.907,16.696,19.038,17.742,18.890,17.657,17.850,19.487,17.464,15.906,17.510,19.632,18.030,18.036,17.891,17.771,16.809,16.995,17.237,17.356,18.084,17.952,17.116
DG(16:0/22:4/0:0),18.384,16.647,17.829,17.713,17.005,17.975,17.641,18.181,16.330,15.255,16.414,18.648,17.254,18.059,17.784,17.604,17.490,16.433,16.373,17.587,18.446,16.997,17.520,15.494,16.074,14.643,17.724,17.477,16.869,16.705,16.730,16.667,16.095,17.672,16.194,16.902,16.960,16.993,16.952,16.676,16.313,17.155,17.469,16.243,16.670,18.084,16.661,17.009,17.134,16.422,16.768,16.789,17.226,16.741,18.252,17.962,17.146,16.646,16.301,16.793,16.661,17.916,17.525,17.818,15.829,16.035,17.478,17.002,16.895,17.011,17.613,17.739,16.812,15.705,17.257,18.223,16.328,16.155,16.845,17.035,16.393,17.256,17.722,17.745,18.545,18.433,17.406
DG(18:0/18:1/0:0),18.742,17.974,18.325,18.998,19.265,19.350,18.719,20.208,17.744,17.994,18.617,17.789,19.743,18.340,18.615,17.807,19.008,17.904,17.855,18.242,17.719,18.240,17.482,17.461,17.834,16.707,18.985,18.662,18.716,18.837,18.316,19.455,18.151,18.991,18.888,19.215,19.486,18.749,18.783,18.594,18.537,19.133,18.195,18.725,18.736,18.701,18.333,17.846,19.047,19.173,18.155,18.131,18.451,19.398,20.738,18.671,17.671,18.244,17.959,18.195,18.027,18.694,18.697,19.151,17.899,19.310,19.263,18.442,18.731,18.553,18.093,17.963,17.876,17.752,18.848,18.195,17.842,18.467,17.782,17.789,19.244,19.513,20.997,21.135,21.171,21.478,21.027
DG(18:0/18:2/0:0),18.279,17.461,17.868,18.995,19.693,18.433,19.456,18.180,17.303,16.111,17.032,17.344,19.048,17.306,17.921,17.201,17.776,17.396,17.176,18.344,17.516,17.360,16.892,16.452,16.757,16.327,18.528,18.163,18.276,16.665,17.652,18.821,17.360,18.196,18.308,18.403,17.940,18.282,18.892,18.238,17.394,18.583,18.073,18.665,19.933,18.175,18.135,17.426,18.131,19.086,17.591,17.495,16.676,18.621,19.228,18.905,18.031,16.904,16.504,18.348,17.872,17.389,17.180,18.758,17.397,18.657,18.414,18.594,18.222,19.230,18.246,18.399,17.118,16.492,19.057,17.851,18.214,18.420,17.888,17.632,18.182,17.226,18.104,17.214,18.720,17.980,17.771
DG(18:0/20:3/0:0)_A,20.118,17.916,19.152,18.844,19.100,19.113,19.112,17.598,17.938,17.276,17.804,19.545,20.861,18.214,18.800,19.966,19.379,18.439,18.998,18.761,19.039,18.522,18.421,17.668,18.588,17.878,19.815,19.760,19.970,17.087,18.749,19.299,17.992,18.749,18.955,20.296,19.222,19.320,18.656,19.509,18.927,17.547,19.246,18.002,19.783,18.999,18.220,18.188,19.568,19.743,18.300,19.219,18.030,20.606,19.719,18.299,18.578,17.924,18.614,19.526,19.283,19.122,18.076,19.515,17.710,20.453,19.548,20.765,18.818,17.978,18.102,18.428,17.959,16.917,18.525,18.798,19.351,18.485,18.691,18.456,18.201,18.560,19.832,18.847,19.745,19.146,18.775
DG(18:0/20:3/0:0)_B,18.136,14.602,15.961,17.601,15.108,16.783,16.621,15.601,15.709,15.113,16.228,17.814,19.038,17.818,17.779,18.493,18.129,16.599,15.711,15.689,20.005,17.334,19.990,15.965,16.933,15.615,17.107,15.954,17.790,16.034,17.292,15.893,16.058,16.834,15.511,18.164,18.086,16.661,16.265,17.138,19.242,14.758,15.644,15.525,14.833,17.544,15.712,17.130,16.113,14.605,14.683,17.043,17.115,18.883,16.566,16.546,14.479,16.614,16.495,16.800,16.140,19.710,18.729,15.909,14.529,16.795,16.930,17.551,16.747,14.724,15.486,16.309,15.386,13.830,13.179,17.418,17.509,14.829,16.211,14.228,14.390,17.386,17.367,17.651,18.403,17.388,17.250
DG(18:0/20:4/0:0),21.869,20.442,22.026,21.634,20.879,21.500,20.512,21.244,20.540,19.694,21.136,22.208,22.082,22.326,21.769,22.263,22.101,21.379,21.826,20.707,22.563,21.304,22.055,19.558,19.872,19.740,22.323,21.693,21.386,20.060,21.514,21.507,20.757,21.394,19.307,21.575,20.860,21.835,20.756,19.907,21.791,19.799,20.613,19.720,22.205,21.014,21.032,21.559,21.598,20.498,20.577,20.968,21.687,22.215,21.200,21.081,20.010,20.483,20.009,21.771,20.762,22.014,22.034,20.899,20.653,21.126,21.951,21.398,21.799,20.017,20.415,22.498,19.575,18.764,19.758,21.058,21.690,20.767,21.533,21.096,20.478,20.799,21.526,20.834,21.575,20.983,20.753
DG(18:0/22:4/0:0),18.173,16.880,17.851,17.885,16.967,18.172,18.244,19.309,17.100,16.468,18.246,18.578,18.447,17.991,18.143,18.095,17.844,16.671,16.469,17.466,18.342,17.517,17.367,16.035,16.940,15.016,18.184,17.982,17.728,17.664,17.267,17.563,17.119,18.526,16.307,17.750,17.445,17.302,16.735,17.151,16.084,17.790,17.768,16.324,16.979,17.963,17.205,17.706,17.703,17.144,17.824,17.424,18.181,17.359,19.294,17.600,17.220,16.669,16.782,17.196,16.607,18.382,18.121,18.279,16.809,16.949,18.079,18.072,17.782,16.983,17.654,17.962,17.197,16.984,17.449,18.234,16.891,17.391,17.721,17.311,17.427,18.680,19.186,18.774,19.920,19.660,19.005
DG(18:1/0:0/18:1),18.237,17.025,18.119,19.193,18.845,19.221,18.617,18.811,17.388,16.769,17.937,17.985,19.768,17.958,18.415,17.683,19.023,17.924,17.702,18.244,18.117,17.359,17.742,16.745,17.132,17.596,18.967,17.641,18.455,17.865,18.237,18.832,17.953,18.890,18.624,18.790,19.281,18.888,19.174,18.550,18.720,18.121,19.346,18.437,19.293,18.576,18.499,17.497,17.808,19.366,17.240,17.687,17.822,19.374,19.717,18.732,16.934,17.649,16.642,18.268,17.904,18.548,18.328,18.149,16.984,19.312,18.588,18.244,18.449,18.500,17.962,19.065,16.942,16.188,18.969,17.329,18.574,18.002,16.763,16.883,18.073,18.428,18.511,18.657,19.120,18.410,18.736
DG(18:1/18:2/0:0),17.594,17.041,17.712,19.128,19.333,18.226,19.344,18.043,16.318,16.393,16.993,17.802,18.467,16.753,17.549,17.125,17.555,17.756,17.467,18.552,16.980,16.847,16.592,16.066,16.568,17.869,18.288,17.496,17.416,18.001,17.722,17.954,17.022,18.060,18.162,17.674,17.248,18.348,18.973,17.469,17.641,18.304,18.883,18.363,19.868,18.145,18.226,17.033,17.436,19.215,16.926,17.287,16.314,18.076,18.990,19.465,17.763,16.905,16.405,18.029,18.302,16.827,16.766,18.231,17.261,19.335,17.741,18.147,18.042,19.216,18.626,20.221,16.832,16.407,19.183,17.379,19.029,18.366,17.616,17.148,17.658,16.620,16.528,15.333,17.093,16.490,15.872
DG(18:1/26:1),11.631,15.019,12.198,NA,11.702,NA,12.055,NA,15.306,16.204,15.996,NA,NA,NA,NA,13.404,12.372,15.065,14.007,12.102,11.586,15.110,15.496,14.109,14.726,14.172,NA,15.698,12.274,15.493,12.619,12.797,12.056,13.535,13.040,14.013,12.690,14.098,12.856,12.953,13.068,15.520,12.536,12.891,11.597,13.010,13.882,13.487,15.618,11.215,15.929,13.895,16.634,13.397,13.334,13.272,15.174,13.974,15.909,12.057,14.735,14.217,14.430,13.274,13.918,12.472,14.950,13.298,12.378,12.127,12.987,NA,16.852,16.135,12.733,NA,13.176,15.529,14.541,15.028,16.303,17.559,18.058,18.730,18.538,18.526,18.570
HexCer(d18:1/18:0),19.193,21.553,20.626,19.404,18.140,18.385,17.935,21.283,21.363,23.054,23.415,18.918,19.081,20.216,20.191,20.019,20.736,22.558,20.852,17.810,19.366,20.545,23.728,22.225,22.354,22.835,19.963,23.232,18.675,22.747,20.616,19.764,20.365,19.596,17.765,20.148,20.267,20.615,17.127,18.978,20.254,21.141,20.129,18.412,19.177,20.116,21.409,20.674,22.300,17.451,22.522,21.226,22.560,19.539,18.969,20.246,23.231,21.099,22.945,20.643,22.381,21.033,21.788,18.908,20.674,19.283,21.684,20.039,19.264,17.263,19.516,19.354,23.331,22.752,17.729,19.195,19.910,20.905,22.204,22.146,22.094,22.966,23.009,23.153,23.572,23.615,23.300
HexCer(d18:1/18:1),NA,14.321,NA,NA,NA,NA,NA,NA,13.823,16.755,16.632,NA,NA,NA,NA,12.109,NA,15.055,12.692,NA,NA,12.138,16.102,15.040,14.656,15.104,NA,15.024,NA,16.677,12.154,10.966,NA,11.421,NA,10.626,NA,12.117,NA,NA,NA,12.797,12.472,NA,NA,NA,13.670,11.770,14.856,NA,15.885,13.989,15.582,NA,NA,NA,15.732,14.294,15.889,NA,15.306,13.030,13.780,NA,12.706,NA,14.285,11.337,NA,NA,11.614,NA,16.540,15.141,NA,NA,12.472,13.857,14.554,14.857,16.169,17.088,17.191,17.274,17.184,17.218,17.209
HexCer(d18:1/22:1),17.374,21.110,20.767,18.467,18.708,NA,16.497,18.258,21.791,21.800,22.779,17.768,16.999,18.109,18.570,20.764,18.334,21.770,21.604,14.644,18.321,21.269,22.705,21.485,20.788,20.929,16.585,21.935,16.666,20.904,20.567,20.033,19.029,19.772,14.630,20.095,17.012,20.410,15.132,17.777,17.295,21.421,20.066,18.181,18.167,20.499,21.907,21.129,20.656,14.823,22.233,22.110,22.613,18.309,14.324,20.192,22.307,21.602,20.633,15.274,21.434,21.937,22.730,19.957,21.587,19.069,22.431,19.823,20.125,15.031,20.248,19.378,21.282,20.717,18.410,20.130,20.857,21.411,22.756,22.171,22.942,23.348,23.083,22.783,22.718,23.017,23.528
HexCer(d18:1/23:0),17.453,20.702,19.494,17.907,17.827,14.599,17.249,17.529,21.273,22.103,22.794,18.714,16.770,18.393,18.680,19.545,18.362,21.854,20.816,16.695,17.842,20.412,22.629,21.394,20.883,21.348,16.955,22.293,18.145,21.737,19.302,19.052,18.326,19.000,17.298,19.397,17.208,19.232,16.342,18.330,17.757,20.751,19.698,17.411,17.999,19.590,21.068,19.715,21.553,16.046,22.150,20.712,22.279,17.780,14.938,19.278,22.509,20.566,22.081,17.725,21.368,20.214,21.069,18.583,20.155,18.883,20.924,19.551,18.923,16.684,19.264,17.998,22.283,22.171,18.671,19.288,20.125,20.505,21.858,21.813,21.847,22.561,22.633,22.852,23.474,23.155,22.629
HexCer(d18:1/23:1),NA,17.405,14.208,13.393,12.402,NA,NA,NA,17.743,19.870,20.485,NA,NA,NA,NA,15.403,NA,18.352,17.117,NA,12.774,16.616,19.132,18.727,17.435,17.737,NA,18.591,NA,18.818,15.837,15.489,NA,14.918,NA,14.985,NA,15.714,NA,NA,13.038,17.267,15.725,13.471,12.936,15.714,17.533,15.488,18.171,NA,19.326,17.429,19.254,13.600,NA,14.903,18.984,17.349,19.294,NA,18.174,16.886,18.123,14.303,16.878,14.599,17.621,14.910,14.141,NA,15.225,NA,19.876,18.738,13.202,14.002,16.402,17.469,18.787,18.612,19.763,20.617,20.398,20.606,20.757,20.443,20.809
HexCer(d18:1/24:0),19.300,22.266,21.241,19.817,19.731,18.128,19.371,20.412,22.660,23.520,24.418,21.098,20.086,19.769,20.055,21.335,20.308,23.286,22.413,19.740,20.332,22.240,24.493,23.115,22.866,23.333,20.037,24.065,19.549,23.259,20.927,21.118,19.973,20.924,19.699,21.245,19.905,21.205,19.774,20.451,19.796,22.525,21.291,19.695,20.810,21.450,22.641,21.219,23.210,19.092,23.550,22.427,23.715,20.012,18.240,21.302,24.095,22.065,23.657,20.158,23.133,21.962,22.478,19.705,21.632,20.603,22.846,21.539,20.656,19.127,21.198,19.863,23.638,23.522,20.692,20.880,21.755,21.911,23.489,23.339,23.348,24.061,24.153,24.130,24.786,24.691,24.133
HexCer(d18:1/24:1)_A,20.072,23.530,21.553,20.650,19.861,17.224,19.586,21.041,24.166,25.386,26.013,20.581,20.943,20.128,19.988,22.618,21.240,24.638,23.699,19.322,20.610,23.062,25.367,24.482,24.007,24.416,20.126,24.871,19.575,24.399,21.944,22.013,20.228,21.551,19.320,22.240,20.314,22.789,20.531,20.418,20.392,23.610,22.374,20.550,20.619,22.543,23.767,22.331,24.509,19.475,24.784,24.131,24.975,20.644,17.970,22.135,24.937,23.460,24.834,19.961,24.294,23.274,24.046,20.783,23.138,21.646,24.472,22.234,21.590,18.916,21.889,19.707,24.983,24.603,21.355,20.660,23.018,23.363,24.611,24.744,25.042,25.631,25.666,25.907,26.528,26.189,25.903
HexCer(d18:1/24:1)_B,20.385,23.168,22.833,21.209,20.718,14.979,19.529,20.360,24.078,24.711,24.965,19.824,20.169,20.148,19.851,23.240,21.506,24.573,24.202,17.774,21.305,23.556,25.396,24.305,23.888,23.951,19.187,24.599,19.647,24.189,22.831,22.781,20.345,22.699,17.977,22.818,19.899,23.145,18.667,20.856,20.232,23.765,22.650,21.015,20.742,23.438,24.258,23.498,23.519,17.824,24.936,24.483,25.002,21.328,15.961,22.878,25.099,23.720,22.968,17.659,24.071,23.869,24.707,22.108,23.797,22.301,24.862,23.001,22.755,18.345,23.015,20.584,23.365,23.398,21.663,22.159,23.556,23.712,25.102,24.959,25.540,25.570,25.281,23.917,24.865,25.795,25.718
HexCer(d18:1/24:1)_C,13.893,18.112,14.878,14.073,NA,NA,NA,13.251,18.824,20.682,21.344,NA,NA,NA,NA,16.353,14.345,19.330,18.373,NA,14.015,17.593,20.811,19.558,18.574,18.679,NA,19.639,NA,19.809,16.387,15.758,NA,15.947,NA,15.693,NA,16.415,NA,13.439,13.299,17.879,15.906,14.135,NA,16.512,18.336,16.494,19.298,NA,20.109,18.199,20.201,13.791,NA,15.822,20.237,17.937,20.209,NA,18.997,17.474,18.738,15.766,17.609,15.498,18.655,16.576,15.271,NA,15.624,NA,20.421,19.550,14.100,14.219,17.354,18.275,19.794,19.364,20.488,21.220,21.080,21.396,21.757,21.600,21.528
HexCer(d18:1/26:0),15.571,19.683,18.032,15.749,15.049,12.871,15.318,14.963,20.524,20.823,21.617,15.958,15.703,14.754,14.931,18.813,16.599,20.826,20.118,15.176,16.173,19.904,22.906,20.462,20.571,21.621,15.419,21.629,15.088,20.367,18.097,17.875,15.325,18.044,14.401,18.665,14.690,18.533,14.990,16.136,16.072,19.523,18.067,15.766,15.828,18.579,19.813,17.996,20.589,14.383,21.023,19.322,21.331,16.740,13.110,17.931,21.486,19.459,21.491,15.044,20.592,19.136,19.401,16.064,18.781,16.915,20.288,18.670,17.305,13.881,18.512,15.352,21.321,20.932,16.389,16.725,18.863,19.417,20.985,20.999,20.919,21.527,21.689,21.637,22.199,22.453,21.566
HexCer(d18:1/26:1)_A,17.624,21.678,20.048,18.084,17.184,12.462,16.658,17.516,22.542,23.261,24.285,15.615,17.154,16.677,16.316,21.142,18.514,22.741,22.130,15.031,17.634,21.574,24.257,22.490,22.772,23.188,15.946,23.353,16.221,22.036,20.492,19.890,16.794,19.804,15.453,20.737,17.165,20.613,16.801,17.331,18.115,21.892,19.951,17.866,17.104,20.706,22.069,20.251,22.718,15.602,23.074,22.037,23.456,18.818,13.638,20.068,22.735,21.648,23.201,15.430,22.481,21.438,22.071,18.902,21.223,19.438,22.687,20.199,19.319,14.813,20.073,15.935,23.390,22.725,18.480,17.841,20.960,21.638,22.929,23.299,23.278,24.085,23.988,24.108,24.508,24.380,24.053
HexCer(d18:1/26:1)_B,16.893,20.752,19.525,17.291,16.839,11.467,15.380,15.942,21.481,21.890,22.097,14.818,16.605,15.909,15.848,20.498,17.503,21.928,21.424,14.429,17.091,21.120,23.412,21.285,21.134,21.461,15.197,21.836,15.906,21.038,20.090,19.233,16.100,19.556,14.069,19.953,15.672,20.166,14.924,16.973,17.182,20.660,19.314,17.594,17.240,20.114,21.199,19.851,20.585,13.675,22.187,21.311,22.672,18.403,12.554,19.155,22.429,21.132,20.635,14.714,21.191,21.365,21.825,18.908,21.028,18.497,22.299,19.816,19.350,14.628,19.986,16.227,20.711,20.593,17.940,17.896,20.306,21.098,22.446,22.099,22.957,23.092,22.684,21.338,22.332,23.698,23.334
LacCer(d18:1/24:1),19.262,18.620,19.410,20.745,19.341,19.414,19.696,18.834,17.711,18.417,19.736,20.791,19.792,20.050,19.029,18.390,18.113,18.595,18.569,19.176,21.529,18.402,18.464,18.342,17.455,18.460,20.186,19.141,18.848,18.315,18.341,20.090,18.797,20.374,20.666,19.340,18.518,19.433,18.064,18.016,18.535,19.773,19.001,20.514,21.712,19.706,18.395,18.066,17.470,17.462,18.637,18.905,19.562,19.187,21.987,21.595,19.024,18.344,18.624,19.511,19.124,18.050,19.387,20.071,17.974,18.647,19.571,18.536,18.950,21.036,18.813,20.400,18.575,18.192,19.329,19.218,18.443,18.875,19.000,19.064,19.798,20.102,19.374,19.664,20.327,19.750,19.223
PC(0:0/14:0)_A,16.921,14.120,15.271,12.312,16.398,14.559,15.165,13.258,13.406,13.087,13.394,16.160,14.774,15.986,15.960,13.549,15.204,13.821,15.515,16.521,15.437,14.483,12.348,14.174,13.359,13.886,15.070,14.637,15.259,14.430,14.675,14.194,15.954,15.057,15.332,14.656,15.583,13.995,16.270,16.767,15.233,15.432,14.849,16.016,16.225,14.580,13.942,16.009,12.888,15.211,13.637,12.404,12.865,15.608,16.607,15.659,13.147,13.238,12.687,14.601,14.084,14.660,14.985,14.717,14.990,16.596,15.512,12.935,15.834,16.507,13.702,15.853,13.304,12.935,15.779,16.772,15.315,13.806,13.335,13.509,15.246,16.209,16.902,16.378,15.980,16.365,16.899
PC(0:0/14:0)_B,15.983,16.850,15.239,15.384,17.295,16.062,14.865,16.744,15.972,15.403,15.707,17.898,16.005,15.756,16.671,15.853,16.128,16.030,16.068,16.911,17.049,16.562,15.697,15.944,16.383,15.734,15.877,16.970,15.668,16.915,15.773,15.272,16.180,15.742,15.630,16.383,15.369,15.263,17.290,16.489,15.746,15.506,16.401,15.379,15.832,16.308,15.568,16.622,15.206,16.622,16.344,15.075,15.692,16.334,17.118,15.963,15.794,16.571,15.539,15.483,15.716,15.092,16.012,14.932,16.246,15.334,17.060,14.234,16.235,14.716,15.831,16.830,16.166,15.531,15.384,17.399,15.500,16.100,16.239,15.378,15.851,16.958,17.505,17.823,17.092,17.403,17.979
PC(0:0/16:0)_A,21.687,19.682,20.159,19.442,20.845,19.906,20.215,20.754,19.849,19.610,19.045,20.583,20.009,20.718,21.036,19.695,20.492,19.830,20.444,20.833,20.944,19.455,21.162,19.236,19.577,19.434,20.389,19.543,20.277,NA,19.415,19.674,20.288,20.365,NA,19.697,20.233,19.374,20.829,20.701,19.994,20.481,19.944,20.476,21.512,20.831,20.423,20.839,18.989,20.467,19.676,18.825,19.658,20.277,21.383,20.765,NA,NA,18.896,20.894,19.397,20.296,20.253,20.039,20.413,20.751,21.101,NA,20.681,21.112,19.888,21.304,19.980,19.688,21.154,20.023,19.913,19.792,19.905,19.165,21.923,21.591,22.477,21.767,21.723,NA,22.586
PC(0:0/16:0)_B,22.143,22.753,22.072,21.813,23.021,22.161,21.655,22.989,22.844,21.906,22.604,22.442,22.004,22.075,22.821,22.434,22.320,22.662,22.231,22.227,22.596,22.366,24.629,21.947,22.201,22.374,22.260,22.791,21.554,23.825,21.660,22.228,21.817,22.172,21.580,22.191,21.915,21.241,22.475,21.950,21.840,22.234,22.080,21.798,22.273,22.465,22.596,22.147,21.920,22.657,22.831,21.977,23.213,22.526,23.174,22.018,23.075,22.461,22.208,22.708,22.267,21.844,22.328,22.443,22.357,22.168,23.045,21.085,22.677,21.195,22.167,23.442,23.039,23.151,21.943,22.361,21.130,22.770,23.460,22.219,23.385,23.271,23.946,23.865,23.900,23.433,24.146
PC(0:0/18:0)_A,15.610,17.154,14.533,15.698,16.055,15.478,16.311,15.673,17.006,15.836,16.388,15.183,15.305,15.564,16.104,15.000,14.869,17.048,14.519,16.716,15.591,15.350,17.199,16.151,16.087,14.999,14.759,16.169,15.665,19.230,15.244,17.369,15.372,16.715,15.623,15.772,16.389,13.923,15.811,15.961,14.256,17.211,16.626,16.492,17.176,16.312,16.722,15.431,16.525,16.147,16.945,15.128,16.710,15.763,18.584,15.943,17.953,17.363,16.429,16.460,15.969,14.277,15.000,18.078,16.015,16.057,16.719,14.858,16.517,16.098,16.738,17.629,17.323,19.295,16.469,15.764,14.035,17.173,17.859,15.549,15.977,15.827,17.032,16.682,16.811,16.387,17.311
PC(0:0/18:0)_B,19.962,21.724,19.935,20.491,21.808,20.447,20.822,21.865,21.660,20.311,21.488,20.756,20.436,19.931,21.409,19.944,19.846,21.291,20.065,21.154,20.369,20.306,21.006,20.578,20.690,20.023,20.666,21.132,20.554,22.857,20.261,21.796,20.422,20.941,20.151,20.759,20.638,19.607,20.606,20.662,19.113,21.243,20.744,20.731,21.435,20.551,21.618,20.584,20.855,20.865,21.773,20.115,21.578,20.117,22.587,20.200,22.108,21.353,20.927,21.143,20.634,19.750,20.751,21.819,20.806,21.083,21.275,19.645,21.365,20.437,21.195,21.763,21.682,23.025,21.061,21.048,19.598,21.168,22.250,20.219,21.721,21.922,23.023,22.093,21.938,21.882,23.379
PC(0:0/18:1)_A,21.280,20.139,20.516,19.366,20.865,20.930,19.847,21.526,20.290,19.943,19.987,21.137,21.665,20.480,21.184,20.617,21.271,20.214,21.226,20.486,20.749,19.960,20.289,20.013,19.668,20.777,20.909,19.854,20.340,19.945,20.082,19.991,21.251,20.346,20.519,20.263,21.155,19.776,20.387,20.799,21.675,21.091,19.724,20.759,21.563,21.084,20.880,20.830,19.491,21.322,19.823,19.652,20.685,21.895,21.572,20.789,19.703,18.819,19.193,21.095,20.083,20.864,21.127,19.674,20.474,21.864,21.715,18.744,21.155,20.959,20.241,21.147,20.181,18.560,21.058,20.165,19.811,19.970,20.077,19.089,22.982,23.131,23.653,23.221,23.467,22.837,23.843
PC(0:0/18:1)_B,19.317,20.381,19.437,18.926,20.799,19.366,19.275,20.579,20.162,20.357,20.418,19.544,20.527,18.897,19.794,19.347,19.855,20.510,19.530,19.497,20.160,19.282,21.479,19.854,20.506,19.767,19.869,20.199,19.133,22.003,19.384,19.574,19.640,20.173,19.372,19.913,19.678,19.190,21.038,19.751,19.716,20.296,19.498,19.664,19.919,20.223,20.434,19.856,19.846,20.517,20.744,19.209,20.795,19.913,21.238,19.716,20.682,19.729,20.239,20.140,19.958,19.561,20.004,19.691,19.682,19.604,21.118,18.598,19.966,19.115,19.650,20.825,21.230,20.933,19.937,19.119,19.097,20.150,20.643,19.676,21.645,21.618,22.214,22.052,21.745,21.743,22.848
PC(0:0/20:4)_A,21.434,18.707,20.661,18.798,20.650,20.637,20.732,20.077,19.087,18.058,17.793,21.425,19.673,21.046,20.716,18.684,20.398,19.076,19.691,21.175,20.007,18.308,16.355,18.389,17.467,17.889,20.380,18.531,20.270,18.886,19.024,19.403,20.248,20.639,19.741,18.911,20.157,18.022,20.500,19.830,20.289,20.990,19.827,21.334,21.082,21.027,19.641,20.046,17.858,19.601,18.152,17.331,18.531,20.105,21.583,21.400,17.848,18.021,17.196,20.575,18.693,19.277,19.880,20.255,19.496,20.519,20.342,17.718,20.534,21.735,19.191,21.671,17.836,16.139,21.605,20.689,18.884,18.473,18.523,17.119,21.106,21.292,22.171,21.582,21.651,21.035,22.275
PC(0:0/20:4)_B,18.423,17.904,16.929,16.241,17.320,17.551,17.011,16.781,16.386,16.355,15.980,18.144,16.480,17.564,17.081,15.436,16.695,17.583,15.878,17.827,17.002,15.585,15.151,15.711,15.273,14.832,17.137,16.371,16.696,18.626,15.989,16.411,16.478,17.863,17.344,16.148,16.758,15.383,17.563,16.112,16.767,17.771,17.332,18.310,17.714,17.453,16.638,16.696,16.332,16.533,16.549,14.695,16.717,16.996,18.528,18.486,16.301,16.653,16.156,17.863,15.801,15.952,16.403,17.650,16.458,17.719,18.019,15.033,17.481,18.071,17.509,18.963,17.013,16.551,18.113,17.194,15.591,16.160,16.922,15.176,18.312,18.153,19.771,19.226,18.660,18.849,20.713
PC(14:0/14:0),18.562,18.274,18.517,18.474,19.776,18.322,17.705,19.794,18.617,18.927,20.398,21.485,19.088,19.214,19.622,18.185,19.082,17.345,19.508,19.660,19.853,19.687,19.226,18.440,18.592,18.886,19.256,20.442,19.156,19.357,19.279,17.969,19.245,18.413,18.142,19.947,18.097,19.298,20.566,20.624,18.634,17.669,18.683,17.251,18.450,18.080,17.793,19.590,17.629,19.753,19.824,18.324,19.116,19.225,18.665,17.307,19.147,18.964,19.224,16.935,18.335,18.932,19.354,16.171,19.308,18.784,18.597,18.066,18.516,17.130,17.514,18.519,19.221,17.333,18.468,22.639,19.512,18.868,19.194,19.977,19.508,20.473,20.479,20.078,20.828,20.674,20.323
PC(14:0/15:0),19.135,18.352,18.396,19.206,19.410,18.917,18.379,19.185,18.703,19.210,20.324,19.852,18.500,19.326,19.658,18.598,18.821,17.683,19.574,19.267,18.499,19.722,18.870,18.560,18.976,18.331,19.267,20.131,18.921,17.835,19.350,17.824,19.872,17.435,18.319,18.882,19.289,18.977,19.868,19.501,18.940,17.622,19.169,17.443,18.710,17.713,18.613,19.680,18.162,19.120,19.530,18.433,19.667,18.979,17.446,17.808,18.731,18.347,18.851,17.185,18.465,18.493,19.985,16.278,19.298,17.961,18.465,17.679,18.405,17.079,17.577,18.788,19.059,17.392,18.072,18.983,19.755,18.081,19.139,19.829,19.215,20.034,21.053,20.516,20.520,20.313,20.200
PC(14:0/16:0),24.251,23.000,24.255,23.896,24.535,23.682,22.922,25.492,23.726,24.173,25.197,25.336,24.350,24.764,24.766,23.451,24.129,22.974,24.686,24.162,24.826,24.155,24.408,23.316,23.432,23.627,24.664,24.942,23.915,23.473,24.094,23.368,23.966,23.495,23.227,24.189,23.662,24.185,24.803,24.507,23.596,22.640,23.799,22.830,24.304,23.793,23.707,24.670,22.858,24.277,24.411,24.033,24.532,24.011,23.932,23.243,24.029,23.625,23.715,23.179,23.517,24.473,24.699,22.186,24.433,23.725,24.163,23.174,23.802,22.591,23.015,24.629,24.202,22.593,23.497,25.444,24.561,23.421,24.308,24.813,24.870,25.427,25.542,25.556,25.494,25.594,25.391
PC(14:0/16:1)_A,18.540,18.453,19.489,18.293,19.302,18.003,17.257,19.144,18.606,19.131,20.687,21.260,19.619,18.433,19.127,19.697,19.096,18.286,19.700,19.523,20.206,19.213,19.986,18.073,18.480,19.573,19.555,20.383,18.796,18.721,19.714,17.671,19.174,18.293,18.204,20.574,18.149,18.791,20.881,19.748,19.005,17.199,18.554,17.762,19.051,18.607,17.937,19.450,18.047,19.255,20.101,18.746,19.517,19.332,17.461,17.335,19.519,17.987,19.746,17.157,18.585,19.178,19.371,15.827,18.550,18.566,19.653,18.239,18.560,17.198,17.815,18.460,19.455,16.820,18.346,19.676,19.461,18.627,19.013,20.116,19.983,21.411,19.963,20.381,20.567,21.054,19.970
PC(14:0/16:1)_B,18.584,18.458,19.075,18.775,19.902,18.053,18.271,19.454,18.687,18.420,20.032,21.689,21.163,18.972,19.445,19.510,20.120,17.945,20.198,19.948,20.215,19.328,18.920,18.156,18.612,19.761,19.955,19.948,19.002,19.108,20.060,18.120,20.007,18.944,19.038,19.622,18.515,19.562,20.495,20.613,19.651,16.665,19.340,18.022,19.052,18.612,18.283,19.959,18.324,20.404,19.636,18.890,18.450,19.779,18.554,17.086,19.089,18.563,19.052,17.622,18.991,19.898,20.237,16.536,19.295,19.042,19.182,19.373,18.860,17.461,17.990,18.927,19.171,16.560,18.617,18.938,20.173,19.109,18.819,20.332,19.366,20.197,19.496,19.663,19.611,19.815,19.348
PC(14:0/16:1)_C,18.356,18.074,18.935,19.514,18.907,18.515,17.504,19.680,18.465,18.211,20.000,22.171,20.597,20.459,20.081,19.746,19.720,17.390,19.796,19.417,21.817,20.240,20.015,18.307,17.825,18.893,19.445,19.152,18.612,18.410,19.566,17.239,19.352,18.604,18.250,19.281,18.852,18.263,19.379,19.807,19.459,15.672,18.926,17.475,18.320,18.797,17.555,20.266,17.312,19.790,18.903,18.563,18.900,19.488,17.938,18.263,18.185,18.776,18.685,17.369,18.514,19.615,20.953,16.575,18.679,17.724,18.721,17.897,18.357,16.505,18.106,19.055,18.153,15.558,17.041,19.901,19.860,18.705,19.127,19.360,18.622,19.935,20.090,19.988,19.721,19.342,20.006
PC(14:0/20:4),18.748,18.948,19.878,19.657,20.273,19.122,18.730,20.330,19.367,18.711,20.332,22.549,20.163,20.362,20.107,19.251,20.400,18.448,19.581,19.964,20.890,19.546,18.404,18.342,18.166,19.242,20.414,20.418,19.678,19.087,19.934,18.552,19.397,19.549,18.444,19.240,18.290,19.294,20.769,19.541,19.334,17.758,19.781,17.847,19.486,19.519,18.614,19.475,18.305,19.871,19.489,18.803,19.622,19.606,18.642,18.668,19.681,19.535,18.899,18.504,18.554,18.850,20.067,17.532,19.898,19.027,20.104,18.367,19.303,17.767,18.972,20.785,19.480,17.013,19.427,21.832,19.153,18.544,19.782,19.551,19.391,20.323,20.629,20.474,20.255,20.487,20.323
PC(14:0/22:6),17.703,17.075,18.262,17.446,18.581,17.464,16.832,19.368,18.068,18.131,18.728,19.585,19.024,17.768,18.313,19.032,18.243,16.722,18.318,17.623,19.243,18.642,18.067,16.818,17.316,18.973,18.509,19.126,18.150,16.607,18.216,17.284,17.826,16.635,17.636,18.235,16.425,18.265,18.014,18.327,18.269,15.896,18.308,16.269,17.776,17.604,17.879,17.806,16.791,18.492,18.836,17.404,18.701,18.924,17.488,16.286,18.183,17.994,17.919,16.719,17.004,18.158,18.804,16.077,18.022,17.622,18.230,17.295,18.020,15.926,16.782,18.067,17.729,15.642,17.461,19.118,18.026,17.748,18.481,19.139,18.687,19.367,19.881,19.209,19.451,19.712,19.625
PC(14:1/16:0),17.422,16.828,16.658,18.629,19.484,17.845,16.430,17.649,17.577,17.009,18.623,20.046,18.838,18.087,18.295,17.255,18.121,15.185,18.824,17.879,18.455,19.245,17.223,16.950,17.201,18.061,18.713,18.183,17.508,17.311,18.546,18.670,18.354,17.868,16.715,18.825,16.999,18.586,19.567,19.617,17.107,16.016,18.294,16.198,17.936,17.458,17.471,19.039,17.027,19.544,17.561,18.014,16.997,18.118,18.252,16.138,17.191,17.453,17.484,16.257,18.012,16.984,18.580,NA,17.839,17.670,17.516,17.238,17.927,16.489,16.797,17.323,17.903,16.613,18.116,18.171,18.476,19.522,18.087,18.621,18.970,18.717,18.010,18.260,18.715,18.585,17.935
PC(15:0/16:0)_A,19.959,17.790,18.173,19.077,20.058,19.847,17.558,19.184,19.167,18.961,20.421,19.160,19.335,19.134,19.491,18.626,19.843,17.508,19.611,17.627,18.326,19.918,18.536,18.699,18.635,18.044,19.366,20.051,18.478,17.631,19.418,18.498,19.808,18.290,18.579,19.233,20.402,18.770,20.302,19.475,19.894,18.097,18.710,17.351,19.785,18.183,19.327,19.322,17.829,19.010,18.030,18.876,18.987,19.041,18.779,18.359,18.073,18.888,18.130,17.294,17.256,18.167,19.733,17.002,18.651,18.436,18.172,17.232,18.311,18.110,17.487,18.314,17.851,17.276,17.091,20.819,19.850,17.418,17.819,18.740,18.690,19.694,20.779,20.202,19.886,20.052,19.393
PC(15:0/16:0)_B,23.657,21.923,22.677,22.955,22.566,22.664,22.315,23.160,22.368,23.250,23.747,22.866,22.377,23.314,23.585,23.129,22.935,21.795,22.938,22.244,22.802,22.501,23.398,21.819,22.451,22.037,23.496,23.342,22.637,21.835,22.713,21.955,22.863,21.727,22.343,22.303,23.324,22.456,23.083,22.104,22.608,21.344,22.660,21.482,22.749,22.289,22.987,23.072,21.795,22.230,23.187,22.935,23.603,22.253,21.960,21.926,22.968,22.087,22.247,22.101,22.030,22.822,23.635,20.614,22.655,21.508,22.577,22.171,22.136,21.484,21.786,23.398,22.849,21.378,22.299,21.630,22.847,21.962,22.892,23.058,23.499,23.484,24.524,24.205,24.105,23.982,24.208
PC(15:0/16:1)_A,19.362,18.442,18.900,18.875,18.631,18.300,17.512,18.430,18.308,19.710,20.285,19.334,18.970,18.205,19.019,20.043,19.018,18.744,19.550,18.967,19.069,19.140,19.981,18.446,18.472,19.084,19.290,19.866,18.349,18.367,19.298,17.471,19.356,17.399,18.389,19.092,19.168,18.563,20.018,18.671,19.400,17.429,18.366,17.825,18.707,18.064,18.799,19.194,18.620,18.451,19.932,19.117,19.701,18.778,16.828,17.238,19.474,18.213,19.543,17.335,18.749,18.859,19.542,15.631,18.371,17.681,18.747,18.447,18.286,17.326,17.791,18.465,19.588,17.598,18.200,16.740,19.299,17.898,19.366,19.645,19.681,20.726,20.034,20.450,20.466,20.284,19.912
PC(15:0/16:1)_B,19.366,18.481,18.580,18.815,18.853,18.075,18.478,18.719,18.566,18.852,19.667,19.904,20.135,18.514,19.396,20.176,19.770,18.316,19.697,18.973,19.098,19.000,19.143,18.272,18.450,19.286,19.692,19.314,18.472,18.291,19.678,17.612,19.979,17.889,19.083,18.401,19.417,18.971,19.658,19.138,19.962,16.751,18.761,17.712,18.499,17.623,18.804,19.589,18.602,19.096,19.379,18.850,18.873,19.358,16.849,17.090,18.944,18.410,19.027,17.575,18.886,19.448,20.222,16.582,18.936,18.003,18.476,19.216,18.143,17.309,17.768,18.623,19.158,17.220,17.796,16.292,19.693,18.154,18.798,19.587,19.252,19.813,19.562,19.718,19.660,19.402,19.356
PC(15:0/20:4),19.912,18.964,19.881,19.786,18.992,19.230,19.331,19.388,19.428,19.365,19.883,20.889,19.037,20.020,20.383,19.838,19.934,18.692,19.303,19.285,19.969,19.117,18.928,18.260,18.365,18.774,20.311,20.425,19.275,18.839,19.525,18.190,19.390,18.617,18.832,18.598,19.145,19.180,19.939,18.098,19.693,17.791,19.376,17.908,19.175,18.755,19.572,19.051,18.415,18.722,19.145,18.773,19.878,19.166,17.153,18.536,19.905,19.273,18.746,19.092,18.410,18.706,20.093,17.364,19.619,18.346,19.349,18.744,18.986,17.669,18.614,20.108,19.517,17.660,18.893,19.005,18.749,17.614,19.905,18.824,19.476,19.571,20.835,20.777,20.620,19.942,20.224
PC(15:0/22:6),18.714,17.165,18.295,17.821,17.878,18.124,17.343,18.909,18.046,18.876,18.964,17.564,18.295,17.730,18.409,18.914,18.099,17.373,18.543,17.326,17.791,17.936,18.074,17.091,17.487,18.273,18.314,18.556,17.833,15.514,18.124,17.353,18.126,16.253,17.859,17.250,17.854,18.329,17.685,17.222,18.771,16.515,18.247,16.386,17.983,17.464,19.023,17.562,17.323,17.627,18.541,17.822,19.017,18.422,16.121,16.643,17.980,17.455,17.695,17.447,17.175,17.696,19.243,16.914,18.186,17.231,18.073,17.073,17.900,16.267,16.834,17.966,17.894,16.134,17.205,16.566,17.784,17.631,18.599,18.371,19.009,19.211,20.273,19.580,19.556,19.325,19.827
PC(16:0/16:0)_A,20.552,18.664,19.577,NA,19.521,20.089,19.014,19.332,19.314,20.437,20.898,19.981,19.895,20.368,20.445,19.976,19.893,18.551,20.121,18.398,19.186,20.536,18.908,18.488,19.055,19.075,20.584,20.967,18.818,18.399,20.168,18.947,19.822,19.029,19.156,19.310,20.129,20.339,20.988,18.978,19.321,18.700,19.557,18.117,19.204,18.721,19.596,19.366,18.292,19.752,20.127,19.734,20.642,19.099,18.781,18.189,19.218,NA,18.881,18.247,18.323,NA,20.248,16.214,19.607,18.274,18.898,NA,19.278,18.602,17.877,19.948,19.721,17.943,18.686,19.442,19.678,19.007,19.757,20.521,21.246,20.693,22.433,21.741,21.323,NA,21.906
PC(16:0/16:0)_B,26.701,25.353,26.744,26.264,26.459,26.059,25.764,27.410,26.248,26.995,27.823,26.980,26.947,27.190,26.895,26.451,26.689,25.576,26.819,25.828,27.285,26.028,27.112,25.457,25.735,26.004,27.164,26.787,26.185,25.753,26.114,26.027,26.059,26.096,25.696,26.403,26.157,26.535,26.850,26.112,25.936,25.085,26.186,25.349,27.145,26.681,26.926,26.678,25.305,26.266,26.743,26.864,27.328,26.187,26.343,26.368,26.642,25.986,25.740,26.690,25.763,26.940,27.253,25.460,26.825,26.164,27.155,26.140,26.613,25.616,25.922,27.532,26.350,25.238,26.646,26.596,26.158,26.236,27.021,27.036,27.605,27.763,27.860,27.731,27.803,27.745,28.163
PC(16:0/16:1)_A;PC(14:0/18:1),24.724,23.886,25.099,24.424,24.581,24.084,23.534,25.361,24.461,25.206,25.955,25.581,25.506,24.454,24.850,25.519,24.905,24.613,25.313,24.378,25.495,24.677,25.833,23.798,23.802,24.979,25.301,25.336,24.197,24.198,24.723,23.953,24.674,24.042,24.046,25.110,24.568,24.579,25.514,24.609,24.951,23.101,23.960,24.017,25.157,24.659,24.698,25.143,24.063,24.835,25.393,25.103,25.597,25.028,23.622,23.729,25.271,24.193,24.984,24.462,24.443,25.203,25.242,22.708,24.404,24.514,25.362,24.184,24.640,23.582,24.150,25.051,25.090,23.316,24.484,24.558,24.990,24.208,25.308,25.570,25.870,26.445,25.744,25.933,26.093,26.445,25.833
PC(16:0/16:1)_B,24.537,23.211,24.450,24.505,24.337,24.200,23.209,25.384,24.054,23.945,25.172,25.760,26.018,25.741,25.320,25.296,24.811,23.505,24.919,23.879,26.372,25.079,25.995,23.941,23.295,24.502,25.046,23.657,23.867,23.202,24.485,23.601,24.424,24.107,23.759,23.860,24.835,23.879,24.068,24.362,24.905,21.714,23.918,23.503,24.278,24.322,24.067,25.391,23.419,24.209,23.986,24.760,24.307,24.765,23.377,24.185,23.631,24.221,23.672,23.978,24.094,25.193,25.900,23.145,24.023,23.759,24.203,23.990,24.003,23.059,23.700,25.064,23.545,21.963,23.094,24.608,24.921,23.537,24.981,24.769,24.464,24.812,24.653,25.136,24.786,24.640,25.232
PC(16:0/16:1)_C,20.580,20.237,21.475,21.674,20.125,21.066,19.919,23.038,21.065,21.544,22.917,23.317,22.270,22.976,22.616,21.853,21.060,20.141,21.833,20.881,23.896,22.640,23.097,20.817,19.851,20.153,21.762,20.600,21.370,20.452,21.326,19.492,21.461,20.810,20.057,19.624,21.539,19.747,19.754,20.746,21.159,18.227,21.253,19.551,19.554,20.688,20.801,22.434,19.683,18.905,21.305,21.938,22.434,21.393,20.120,20.130,20.325,22.188,20.897,20.175,19.915,22.988,23.366,19.392,21.435,19.405,20.998,19.431,21.104,18.369,20.397,23.181,21.251,18.973,18.880,21.053,21.450,19.729,22.890,21.292,22.970,22.866,22.898,23.695,23.250,23.007,23.697
PC(16:0/17:0),22.109,21.096,21.798,21.641,21.039,21.018,21.425,22.131,21.934,22.781,23.138,21.504,21.889,21.835,22.365,21.792,21.556,21.127,21.713,20.608,21.298,21.046,21.916,20.749,22.065,20.885,21.959,22.666,21.588,21.816,21.551,20.804,21.716,20.804,21.194,21.195,21.778,21.445,21.748,21.385,21.177,21.317,21.777,20.347,21.932,21.363,22.629,21.985,21.220,21.626,22.965,22.027,23.217,20.718,21.040,21.090,22.283,21.354,21.665,21.294,21.489,22.237,23.087,20.197,22.240,20.743,21.660,21.796,21.591,20.784,21.059,22.606,22.296,21.373,21.639,20.729,21.642,21.455,22.475,22.155,23.706,23.643,24.600,24.051,23.767,23.847,24.638
PC(16:0/17:1);PC(15:0/18:1),23.181,22.345,22.464,21.992,22.378,22.663,21.963,23.137,22.578,23.827,24.357,22.819,23.458,22.782,23.119,23.254,23.006,22.972,23.323,22.273,22.261,22.411,23.728,22.820,22.592,22.823,23.063,23.476,22.304,22.641,22.928,22.012,23.286,21.903,22.365,22.325,23.492,22.686,23.470,22.599,23.484,21.897,22.295,21.769,23.059,22.146,23.371,22.669,22.816,22.860,23.839,23.105,23.897,23.112,21.626,21.759,23.538,22.330,23.447,21.964,22.757,NA,23.669,20.642,22.455,22.438,23.161,22.343,22.401,21.356,21.908,22.958,23.589,22.553,22.391,21.269,22.813,22.101,23.354,23.339,23.843,24.227,24.351,24.523,24.637,24.249,24.573
PC(16:0/18:0),24.650,23.855,25.207,24.419,24.734,24.074,24.216,26.275,25.102,25.548,26.418,24.588,25.343,25.125,25.098,24.557,24.473,24.274,25.087,23.719,24.690,24.216,24.636,23.852,24.052,23.912,25.465,25.438,24.772,23.830,24.574,24.410,24.599,24.341,24.174,24.646,24.240,24.557,24.377,24.942,24.055,23.686,24.422,23.966,25.272,24.490,25.313,25.124,23.564,24.503,25.542,25.254,26.017,24.398,24.802,24.293,24.834,24.758,23.866,24.909,24.208,25.642,25.996,24.044,25.222,24.684,25.137,24.346,24.917,24.024,24.371,26.045,24.735,24.079,24.685,24.170,24.777,24.754,25.738,25.336,26.569,26.685,26.839,26.856,26.635,26.594,27.305
PC(16:0/18:1),27.451,26.314,27.515,26.708,27.583,27.056,26.620,28.821,27.093,27.376,28.511,27.635,28.299,27.752,27.656,27.234,27.476,27.185,27.876,26.658,27.581,26.892,27.866,26.833,26.675,27.114,27.942,27.535,26.814,26.319,26.951,26.943,27.452,27.128,26.657,27.163,27.425,27.327,27.411,27.120,27.398,26.212,26.744,26.613,28.022,27.305,27.854,27.367,26.691,27.539,27.503,27.849,27.860,27.639,26.670,26.703,27.511,27.042,26.663,27.576,26.921,27.652,28.037,26.317,27.410,27.573,28.184,26.641,27.484,26.338,26.562,28.446,27.027,26.332,27.263,27.465,27.209,26.702,27.803,27.688,27.960,28.222,28.093,28.264,28.302,28.117,28.474
PC(16:0/18:2)_A,26.792,26.036,26.688,26.170,26.905,26.176,26.235,27.169,26.703,26.322,27.629,26.738,27.314,26.343,26.702,26.424,26.286,26.545,26.731,26.522,26.551,25.835,26.371,25.719,25.833,26.307,26.907,27.139,25.976,26.338,26.114,26.525,26.452,26.422,26.068,26.420,26.325,26.563,26.878,26.389,26.074,26.321,26.019,26.120,27.804,26.735,27.114,26.427,26.240,26.935,27.169,26.833,26.458,26.673,26.048,26.344,27.342,26.160,26.158,26.688,26.796,26.445,26.685,26.504,26.979,26.795,27.065,26.516,26.994,26.476,26.215,27.806,26.799,25.905,27.002,26.848,26.662,26.735,27.278,27.366,27.219,26.845,26.781,26.333,27.302,26.861,26.923
PC(16:0/18:2)_B,22.059,21.479,22.655,22.269,21.979,22.282,21.091,23.146,22.289,22.747,23.749,23.813,23.913,23.420,22.991,23.807,22.170,22.068,22.874,21.517,24.421,22.732,24.447,21.579,21.126,22.179,22.778,22.633,21.921,21.474,22.395,21.836,21.945,21.877,21.234,21.943,22.008,21.881,22.044,21.499,22.832,21.089,21.601,21.366,22.948,22.180,22.171,22.966,21.259,22.198,22.549,22.995,23.377,22.616,20.881,21.852,22.231,22.470,22.094,22.209,21.500,22.966,23.809,21.204,22.088,21.732,22.570,20.189,22.176,21.215,21.765,23.613,22.198,20.700,21.880,22.006,22.296,21.475,23.558,22.719,24.130,23.900,23.600,24.173,23.941,23.910,24.094
PC(16:0/18:3)_A;PC(16:1/18:2)_B,20.326,19.942,21.003,20.445,20.898,19.544,20.028,20.590,20.285,20.162,21.223,21.952,21.701,20.380,21.005,20.958,20.491,19.944,21.105,20.434,22.021,20.087,21.283,19.486,19.744,20.924,21.271,21.133,20.178,19.889,20.502,20.485,20.391,19.846,19.932,20.731,19.629,20.633,21.545,20.601,20.307,19.297,20.196,19.332,22.112,20.118,20.416,20.851,19.721,21.208,21.043,20.787,20.170,20.284,18.664,19.843,21.359,20.022,20.068,20.224,20.922,20.504,20.711,18.639,20.853,20.661,20.422,21.152,20.106,20.212,20.150,21.932,20.498,19.134,21.101,20.699,21.084,20.516,21.161,21.262,21.706,21.399,21.072,20.489,20.912,20.910,20.975
PC(16:0/18:3)_B,21.792,21.431,22.595,21.328,21.259,21.462,20.120,21.383,21.390,21.255,22.344,23.127,22.363,21.573,21.934,23.062,21.349,21.087,22.636,21.000,22.836,21.510,21.268,20.415,19.153,21.778,22.659,21.461,20.672,20.334,21.937,20.922,21.030,20.942,20.264,21.318,20.830,20.952,21.013,20.594,21.303,17.893,21.256,19.699,22.780,20.737,21.288,22.195,20.761,20.340,22.002,22.323,21.361,22.006,19.116,20.665,21.317,21.571,21.081,21.641,21.606,20.923,21.527,20.231,21.833,21.180,21.451,20.935,21.617,20.400,21.489,23.868,21.448,19.013,20.934,21.780,22.384,20.992,22.818,22.824,22.254,22.065,22.036,21.225,21.872,21.323,22.177
PC(16:0/20:3)_A,24.854,23.815,24.869,24.159,24.133,23.969,23.555,24.001,24.771,24.530,25.361,25.457,25.406,24.801,24.623,24.869,24.292,24.177,24.813,24.095,24.752,24.243,24.107,23.501,23.432,24.479,25.063,25.260,24.466,23.610,24.214,24.112,24.114,23.772,24.071,24.475,24.077,24.120,24.201,24.175,24.230,22.572,24.392,23.734,25.025,24.181,24.376,24.690,23.601,24.451,24.968,25.322,25.200,24.967,22.753,23.863,24.990,24.335,24.097,24.957,24.154,24.503,24.507,23.399,24.608,24.904,24.862,24.769,24.906,23.428,23.855,25.563,24.534,22.573,24.615,25.228,24.598,23.692,25.810,24.951,24.657,24.741,25.347,24.604,24.907,24.754,25.407
PC(16:0/20:3)_B,20.834,19.240,20.432,20.602,19.235,20.125,19.579,20.918,20.875,20.389,22.082,21.116,21.437,20.960,21.347,20.690,20.568,20.222,20.112,19.387,21.873,21.031,22.320,19.471,19.270,20.017,20.394,19.593,19.937,19.784,20.398,19.330,20.125,19.990,19.360,20.132,20.836,19.409,19.628,20.140,21.357,18.424,19.145,19.063,19.875,20.952,19.790,20.799,18.600,18.503,20.075,20.677,22.692,21.291,19.097,19.985,19.584,20.698,20.265,19.853,18.855,21.677,22.433,18.819,20.011,20.040,20.232,19.718,20.504,18.443,19.097,21.501,19.833,18.078,19.089,22.398,19.920,18.434,21.563,19.805,19.922,21.389,21.350,22.210,20.959,21.011,22.188
PC(16:0/20:4),25.688,24.862,26.233,25.461,25.395,25.272,25.440,26.410,25.457,25.414,26.415,26.928,25.747,26.562,26.363,25.549,26.126,25.104,25.508,25.175,26.345,25.005,25.384,24.412,24.560,24.695,26.423,26.039,25.235,25.166,25.238,24.977,25.134,25.505,24.433,25.082,25.132,25.423,25.753,24.500,25.165,24.311,25.350,24.525,26.115,25.774,25.734,25.596,24.607,25.194,25.421,25.379,26.291,25.455,24.697,25.204,26.027,25.503,24.628,25.941,24.736,25.375,25.964,24.828,25.838,25.377,26.318,24.891,25.953,24.625,25.138,27.079,25.536,24.072,25.579,27.057,24.887,24.728,26.401,25.509,25.824,26.286,26.581,26.432,26.510,26.357,26.859
PC(16:0/20:5),20.453,21.394,21.629,21.258,20.492,20.139,20.372,19.953,20.726,20.092,20.218,23.421,21.413,20.837,20.933,21.166,21.299,21.511,21.371,21.035,21.810,20.695,20.752,19.757,19.376,21.782,21.710,21.384,20.255,18.976,20.800,21.503,21.279,20.998,21.019,21.470,19.950,22.007,22.307,NA,21.528,20.153,20.435,21.207,21.353,19.746,20.393,20.300,20.220,20.502,20.785,20.488,22.185,21.443,19.272,20.631,21.859,20.574,21.042,20.855,20.342,22.024,22.704,18.824,20.506,21.178,22.736,20.243,21.058,20.018,19.993,23.232,20.606,19.504,21.743,22.560,19.604,20.927,20.223,21.023,20.920,21.110,21.858,20.382,21.123,20.505,21.401
PC(16:0/22:1);PC(18:0/20:1),19.883,19.669,20.154,19.834,19.579,19.713,19.851,21.637,21.505,21.653,22.787,19.928,21.138,20.197,20.472,19.945,20.714,20.478,20.118,19.930,19.467,19.895,21.331,20.343,21.163,20.233,20.380,21.372,20.388,21.190,20.280,19.777,20.445,20.164,20.065,20.859,20.585,20.465,19.953,20.742,19.844,20.219,19.875,19.622,19.919,19.863,21.296,19.979,20.341,20.405,21.625,20.994,22.225,20.162,20.001,19.603,20.869,20.160,20.954,19.713,20.602,21.269,21.735,19.581,20.690,20.937,20.984,20.415,20.478,19.452,19.786,20.501,20.851,20.634,20.477,20.382,20.040,20.270,21.470,20.845,22.223,22.969,23.289,23.372,22.211,23.124,23.598
PC(16:0/22:4),24.109,22.479,24.488,22.942,22.170,23.144,22.925,25.086,23.985,23.887,24.844,24.648,23.845,24.554,24.363,23.878,23.445,22.844,23.313,22.881,24.575,23.313,23.874,22.018,22.723,22.722,24.174,24.226,22.703,23.507,22.916,22.199,23.225,23.467,21.533,22.332,22.729,23.014,22.910,23.194,21.854,22.004,23.286,21.079,23.151,23.795,23.835,24.181,22.487,22.705,23.854,23.391,24.853,22.501,22.639,22.924,23.779,22.998,23.075,23.153,22.743,24.001,24.498,22.542,23.290,22.296,23.601,23.046,23.500,22.459,22.955,24.690,23.422,22.512,23.922,24.528,22.712,22.595,24.530,24.339,24.103,24.734,24.951,25.027,25.031,24.953,25.510
PC(16:0/22:5),22.396,20.653,22.182,22.173,20.292,21.549,20.430,24.037,22.139,22.103,23.363,22.362,21.953,23.077,22.534,22.337,21.078,21.277,21.544,20.515,21.770,21.530,22.731,21.079,21.325,20.054,22.397,21.488,21.924,20.881,21.128,20.598,20.840,20.792,20.267,20.865,22.272,20.911,20.970,20.754,20.651,19.934,21.047,21.047,21.628,23.195,22.867,21.191,20.675,20.204,21.114,21.985,21.992,21.485,21.221,20.996,21.444,21.862,20.689,21.801,20.304,21.069,21.950,21.064,21.897,21.716,21.790,20.609,22.143,20.617,21.418,22.330,21.498,20.008,21.097,23.058,22.219,20.275,22.745,21.101,21.629,23.020,22.009,23.838,22.726,23.490,23.463
PC(16:0/22:6),24.339,23.024,24.738,23.497,24.095,23.797,23.426,25.413,24.386,25.099,25.095,24.041,24.882,24.175,24.305,24.578,24.094,23.812,24.271,23.007,24.171,23.693,23.862,23.177,23.199,24.293,24.383,24.232,23.544,21.933,23.996,23.937,23.663,23.198,23.336,23.619,23.413,24.346,23.082,23.223,24.069,22.700,23.736,22.992,24.402,24.193,24.816,24.045,23.202,23.758,24.764,24.326,25.219,24.499,23.187,23.171,23.986,24.137,23.503,24.279,23.439,24.625,25.187,23.724,24.419,23.988,24.881,23.373,24.486,22.882,23.499,24.744,23.807,22.651,23.295,24.465,23.621,24.227,24.935,24.774,25.291,25.541,25.985,25.726,25.512,25.726,26.171
PC(16:0/24:0),18.088,17.667,17.613,16.917,17.225,17.251,17.010,15.923,17.333,17.910,18.699,17.724,16.811,18.146,16.658,17.159,17.280,17.469,16.790,17.395,17.466,17.358,19.469,17.696,17.874,17.426,17.618,18.842,18.743,17.893,17.253,16.687,17.298,17.550,18.577,17.421,16.904,17.949,16.598,18.932,16.914,17.954,18.031,17.237,17.674,16.810,16.631,17.883,18.012,16.113,17.948,17.376,17.950,16.515,17.060,17.223,18.526,17.428,18.427,18.014,18.050,16.974,17.063,16.939,17.755,16.980,17.393,18.381,17.288,16.779,18.602,16.954,18.676,19.046,16.651,18.697,16.850,17.106,18.114,17.849,16.943,17.771,17.887,18.621,18.417,18.509,18.099
PC(16:0/24:1),18.388,18.876,17.908,17.590,17.762,17.680,17.809,17.335,19.461,20.294,21.066,18.149,18.740,18.631,17.821,17.927,18.893,19.091,18.280,17.896,17.850,18.269,21.326,19.503,20.246,19.375,18.338,20.509,19.181,19.845,18.017,17.747,18.365,18.359,18.966,19.480,18.314,18.972,18.568,18.974,18.139,19.371,18.484,17.895,17.972,18.397,18.628,18.335,19.587,17.646,20.302,19.173,20.138,17.736,18.082,17.989,19.834,18.216,20.405,18.192,19.501,18.343,19.090,17.547,18.460,18.517,19.055,19.037,18.119,17.791,18.526,17.852,20.597,20.526,18.178,18.325,18.310,18.571,19.819,19.999,19.814,20.486,20.670,21.147,21.066,21.438,21.130
PC(16:0/24:4),21.705,19.550,19.990,20.698,20.603,20.882,19.536,22.236,20.089,19.984,21.766,20.110,21.222,21.315,21.412,20.258,21.072,20.424,21.009,20.465,20.367,19.936,20.314,20.065,19.807,19.357,21.707,20.797,21.157,19.740,20.434,20.065,20.971,19.482,20.515,20.576,21.352,20.946,20.586,20.100,20.685,19.197,19.493,19.326,22.559,21.371,22.052,20.625,20.085,20.592,19.559,20.761,20.393,20.939,19.366,19.313,20.584,19.655,19.878,21.420,20.107,20.168,20.603,19.414,20.822,21.875,20.560,21.391,21.137,19.452,20.517,20.033,20.429,20.094,20.421,20.514,21.610,20.152,21.128,22.370,19.603,20.275,20.548,20.833,21.140,20.314,21.109
PC(16:0/26:0),16.514,17.229,16.892,15.707,15.635,15.979,15.207,14.514,17.811,18.337,19.232,15.729,15.903,15.964,14.894,16.894,15.928,18.017,17.638,15.471,15.908,17.712,21.152,18.058,18.472,18.681,15.980,19.161,16.906,18.220,16.511,16.051,15.779,16.667,16.779,16.411,15.871,16.847,15.400,17.368,15.141,17.203,16.361,15.644,16.359,16.266,17.126,16.989,18.301,14.549,18.703,17.682,19.086,15.932,15.529,16.651,19.124,16.734,19.146,16.147,18.228,16.809,17.040,15.678,16.904,16.027,18.191,17.121,16.518,15.215,17.581,16.284,20.062,19.188,15.173,17.596,16.525,17.354,19.057,18.629,17.986,18.520,18.980,19.527,19.530,19.783,19.243
PC(16:0/26:1);PC(18:1/24:0),18.212,19.533,18.269,17.391,17.439,17.326,17.353,16.279,20.383,21.553,22.205,18.023,17.857,17.821,16.864,18.879,18.112,20.380,19.632,17.632,17.389,19.482,23.172,20.551,20.795,20.686,17.786,21.363,19.034,20.260,18.734,18.041,18.344,18.562,18.640,18.878,17.833,19.124,17.765,18.991,17.837,19.829,18.340,17.620,17.717,18.551,19.366,18.884,20.732,16.219,21.472,20.107,21.558,18.019,17.408,18.259,21.233,19.118,21.741,17.978,20.369,19.110,19.519,17.640,19.192,18.294,20.495,19.133,18.563,17.176,18.972,17.367,22.158,21.563,17.217,18.095,18.810,19.586,21.295,21.384,20.629,21.724,21.540,22.586,22.332,22.601,22.154
PC(16:1/0:0)_A,18.417,16.389,17.151,16.455,17.534,17.205,16.622,17.155,15.958,15.626,15.138,18.684,18.282,17.743,17.716,17.413,17.929,16.768,17.530,17.928,19.049,16.787,16.508,16.014,15.678,16.697,17.383,15.766,16.731,16.856,16.867,15.801,17.604,16.783,17.239,16.488,17.791,15.726,17.429,17.623,18.096,16.498,16.411,17.602,17.918,17.272,16.476,18.216,15.165,16.982,16.112,15.440,15.992,17.867,17.909,17.452,15.365,15.531,15.174,17.088,16.683,17.408,17.978,16.132,16.308,17.509,17.345,15.661,17.498,18.119,16.416,17.999,15.855,14.894,17.068,16.633,17.164,16.046,16.129,15.244,18.749,19.248,18.680,18.788,18.491,18.760,19.360
PC(16:1/0:0)_B,17.506,17.358,17.225,16.488,17.760,16.925,16.481,17.381,16.890,16.569,16.235,18.508,18.587,17.156,17.746,17.699,17.385,17.242,17.379,17.457,18.943,16.987,17.660,16.337,17.213,17.334,17.464,17.120,16.521,17.800,16.707,16.037,17.245,17.118,16.872,17.387,17.056,15.832,17.880,17.239,17.961,16.068,16.866,17.068,17.028,17.570,17.026,17.865,16.412,17.270,17.084,15.944,16.708,17.614,17.541,17.345,16.943,16.633,16.639,17.248,16.930,17.361,17.649,16.192,16.634,16.604,18.160,16.368,17.140,16.431,16.721,17.862,17.068,16.021,16.703,16.214,16.763,16.749,16.812,16.144,18.608,18.807,18.557,18.763,18.107,18.471,19.156
PC(16:1/16:1)_A,18.117,17.343,19.614,18.176,18.149,17.081,16.418,17.531,17.879,18.559,19.385,19.784,19.480,16.859,17.891,20.336,18.617,18.412,18.909,18.744,20.017,17.793,19.859,16.645,16.935,19.628,18.925,18.874,17.733,18.017,18.892,16.349,18.276,17.416,17.839,20.289,17.901,17.691,20.168,18.394,18.753,15.774,17.025,17.666,18.774,18.651,17.501,18.557,17.527,18.539,19.013,18.659,18.947,18.647,15.965,16.667,18.835,16.667,19.235,17.285,18.347,18.710,18.528,14.984,17.232,17.958,19.615,17.886,18.190,17.508,17.582,17.909,18.374,15.393,18.639,16.683,18.769,17.429,18.455,19.118,20.172,21.754,18.555,18.932,18.801,20.051,18.520
PC(16:1/16:1)_B;PC(14:0/18:2),20.054,20.478,20.962,20.599,21.451,19.086,20.231,20.153,20.942,20.343,22.004,22.069,22.346,19.334,21.138,22.189,21.019,19.782,21.265,21.209,21.867,20.660,20.397,19.360,20.331,21.749,21.227,22.036,20.024,20.043,21.194,19.705,21.029,19.748,20.263,21.476,19.799,20.660,22.281,21.534,20.801,19.390,20.175,19.627,21.834,20.332,20.616,20.839,20.407,22.240,21.768,20.768,20.683,21.317,19.286,19.310,21.282,19.142,20.865,19.938,20.953,20.821,21.574,18.275,20.558,20.751,21.321,20.824,20.756,20.037,20.466,21.167,20.873,19.122,21.410,21.280,21.508,20.668,21.072,22.567,21.568,22.625,21.386,20.453,21.227,21.100,21.230
PC(16:1/17:1);PC(15:0/18:2),19.996,19.474,19.254,19.757,20.203,19.044,20.041,18.764,19.413,19.484,20.073,19.140,20.334,18.728,19.621,19.437,19.203,19.269,19.851,19.784,19.118,18.558,19.008,18.711,19.241,19.565,19.804,20.939,19.028,19.381,19.370,19.112,19.929,18.602,19.708,19.366,19.377,19.394,21.048,19.513,19.538,19.281,19.198,18.975,21.048,18.556,20.103,19.020,19.521,20.922,20.176,19.593,19.045,19.434,18.069,19.095,20.873,18.684,19.654,18.741,20.070,18.489,19.394,18.047,19.430,19.878,19.117,20.094,19.077,19.342,18.746,20.181,20.187,19.118,20.549,18.535,20.022,19.331,19.775,20.136,20.024,19.999,19.585,18.996,19.643,19.117,19.248
PC(16:1/18:1),21.871,20.819,22.500,21.687,22.651,21.441,21.005,22.255,21.500,22.643,23.596,22.960,24.769,21.593,21.984,23.095,23.023,22.135,22.724,22.265,23.188,21.402,23.540,21.897,21.669,23.253,22.909,22.930,22.572,21.863,22.643,21.515,22.483,22.176,22.442,23.218,22.492,22.228,23.822,22.519,23.022,20.623,21.415,21.914,22.921,22.430,22.305,22.434,21.591,23.019,22.617,22.624,22.628,22.706,21.359,21.315,22.920,21.508,22.430,21.889,21.953,22.863,22.766,20.364,21.550,23.098,23.342,22.724,21.993,21.703,21.234,22.515,22.398,20.548,22.964,20.819,22.442,21.590,22.720,22.548,23.540,24.595,22.800,23.350,23.281,23.768,22.989
PC(16:1/18:2)_A,20.521,20.164,21.922,20.381,21.677,19.913,20.347,20.382,20.616,20.361,21.740,20.993,21.766,19.146,20.781,20.951,20.775,20.777,21.652,21.260,20.341,19.722,20.599,19.196,20.339,21.519,21.726,21.899,20.283,20.674,21.028,20.060,20.998,19.608,19.994,21.208,19.834,20.957,23.068,20.957,20.406,19.829,20.064,20.492,23.392,20.660,21.432,20.564,20.957,22.596,21.910,21.071,20.896,21.186,18.622,20.191,22.122,19.746,21.071,21.046,21.843,20.171,19.801,19.371,20.865,21.512,21.826,21.149,20.964,21.364,20.391,21.732,21.273,19.469,23.005,20.329,21.728,21.267,21.394,22.462,22.716,22.671,20.662,20.190,21.122,21.580,20.550
PC(16:1/20:4)_A,20.570,20.226,21.523,21.409,20.377,20.361,19.409,20.307,21.038,20.801,21.871,22.602,21.298,20.850,21.716,22.354,21.657,19.904,21.281,20.440,22.287,20.417,21.220,18.791,19.757,21.392,21.972,21.889,19.767,19.907,21.151,19.025,20.472,19.836,19.120,20.938,19.886,20.377,21.715,19.818,21.016,17.795,20.128,19.138,20.980,21.111,20.758,20.909,20.067,20.296,21.210,20.727,21.957,21.341,18.905,19.638,21.093,19.451,20.781,20.626,20.078,20.420,21.811,17.884,20.048,20.084,22.160,19.825,20.795,18.908,20.843,21.832,20.983,17.865,20.861,20.337,21.474,19.818,21.532,21.358,21.898,23.063,22.224,22.154,21.972,22.197,22.376
PC(16:1/22:4),19.123,17.526,19.767,18.541,17.536,17.963,18.751,19.635,18.518,17.626,18.773,20.125,21.139,19.353,19.423,19.599,18.903,17.905,18.368,18.757,21.079,17.691,19.109,17.090,18.343,18.361,19.196,18.800,18.001,19.616,18.080,17.129,19.083,19.778,17.225,17.737,18.060,18.370,19.396,19.366,17.953,16.566,18.840,17.039,18.654,19.703,18.888,19.617,17.880,18.663,18.245,18.787,17.602,17.700,17.702,18.610,18.736,17.764,17.744,18.416,18.269,19.857,19.944,17.633,18.414,17.787,18.905,19.328,18.001,18.754,18.354,20.274,18.082,16.762,20.255,17.978,18.555,17.218,18.611,19.165,18.203,18.674,18.512,18.685,18.419,18.208,19.213
PC(16:1/22:6)_A,18.178,17.707,19.559,17.967,18.551,17.916,16.948,19.274,18.476,18.540,19.184,19.241,20.097,17.564,18.314,20.805,19.003,17.979,19.004,17.726,20.005,18.104,19.904,17.254,17.887,20.445,19.294,19.552,18.081,16.890,18.930,17.390,18.188,17.238,17.717,19.112,17.615,18.611,18.678,17.842,19.384,15.808,17.830,17.584,18.858,18.624,18.935,18.291,17.901,18.533,19.313,18.508,19.079,19.433,16.955,17.147,19.097,17.927,18.751,18.494,18.026,18.877,19.563,16.391,18.140,18.321,19.619,18.234,18.507,16.725,17.637,18.544,18.522,16.265,18.344,17.326,18.656,18.341,18.910,19.344,20.454,20.784,20.113,19.821,19.418,20.602,19.959
PC(16:1/22:6)_B,16.845,16.103,17.327,17.486,16.310,16.589,15.868,18.874,18.327,18.090,18.423,17.581,18.044,17.340,17.649,17.880,16.399,15.928,17.318,15.587,18.713,17.747,17.578,15.764,16.492,17.234,17.052,17.575,16.304,14.657,16.832,16.251,16.384,15.487,15.490,16.088,16.190,16.723,15.691,16.149,16.729,14.577,17.074,14.713,16.687,16.880,17.604,16.739,15.745,16.517,17.229,16.818,17.979,17.455,15.406,15.367,16.283,17.044,16.158,16.575,15.962,17.101,18.609,15.724,17.516,15.819,17.157,15.183,17.016,14.864,16.408,17.783,16.810,14.822,16.212,17.114,17.078,16.680,17.932,17.397,18.799,19.510,19.902,19.768,18.889,19.310,20.274
PC(16:2/16:0),19.456,19.447,19.799,20.254,19.815,19.594,18.961,21.062,19.942,19.995,21.788,23.214,22.517,21.458,21.700,21.284,21.240,18.914,20.897,19.979,22.615,21.473,21.936,19.862,19.356,20.132,21.004,20.154,20.132,20.553,21.154,17.962,20.399,20.024,19.660,19.671,20.782,19.274,20.233,20.500,20.761,16.436,20.645,18.505,18.725,20.338,19.655,21.871,18.594,18.779,20.238,20.865,20.569,20.553,18.994,18.799,19.751,20.187,20.102,18.804,19.564,22.146,22.591,17.830,20.548,18.602,20.197,19.082,19.749,17.920,18.958,21.324,20.704,17.402,18.024,18.856,21.108,19.088,21.618,20.317,20.318,21.568,21.274,21.858,21.065,20.768,21.905
PC(17:0/0:0)_A,15.725,15.378,14.084,14.707,15.243,15.360,14.504,14.204,14.985,14.450,15.106,14.871,14.870,14.546,15.707,14.490,15.455,14.470,13.826,14.540,14.681,15.154,15.619,14.559,14.833,13.747,14.231,15.238,14.642,17.106,14.800,15.111,15.045,14.935,14.999,15.101,15.527,13.881,15.744,14.810,15.268,15.557,15.001,14.650,14.906,14.391,15.639,14.852,14.850,14.761,14.582,14.372,14.613,15.189,16.105,14.665,15.123,15.336,14.661,14.343,14.126,13.114,14.854,15.619,14.464,14.568,14.514,13.190,14.719,15.249,14.892,15.479,15.381,16.509,13.968,15.188,13.798,14.493,14.985,13.977,14.848,14.902,16.527,15.706,15.354,14.995,16.376
PC(17:0/0:0)_B,16.167,17.206,15.380,15.504,16.697,16.048,16.075,15.810,17.149,15.929,16.157,15.454,15.796,15.477,16.527,15.821,15.472,16.625,15.664,16.066,15.580,15.513,17.406,16.280,16.742,15.610,15.638,16.883,15.555,19.220,15.486,16.414,16.000,15.733,15.887,15.742,16.130,14.758,15.948,15.785,15.507,16.989,16.742,15.418,16.103,15.852,17.164,16.031,16.635,16.378,17.238,15.668,16.658,15.622,17.273,15.776,18.018,17.135,16.761,15.920,16.348,14.934,16.515,16.680,16.156,15.552,16.384,15.429,16.156,15.315,16.032,17.001,17.356,18.871,15.625,15.915,14.724,16.497,17.362,15.725,17.047,16.394,17.893,17.289,17.275,16.728,17.862
PC(17:0/18:1),22.747,22.197,22.519,NA,21.777,22.281,21.996,23.211,22.789,23.938,24.540,22.253,23.924,22.660,23.014,22.835,22.540,22.917,22.865,21.560,21.648,22.000,23.433,22.705,22.866,22.598,22.862,23.569,22.121,21.550,22.361,22.105,23.206,22.110,NA,21.946,23.150,22.386,22.774,22.205,23.152,22.195,22.303,21.287,22.592,22.049,23.736,22.570,23.013,22.957,24.006,23.278,24.058,22.690,21.533,21.545,NA,18.298,23.441,22.109,22.786,NA,23.728,21.095,22.272,22.459,22.971,NA,22.727,21.300,21.803,23.140,23.712,22.846,22.083,21.682,22.352,22.216,23.686,23.312,24.103,24.503,24.925,24.948,25.123,NA,25.100
PC(17:0/20:4),20.793,20.774,21.406,20.757,19.800,20.436,20.781,20.789,21.220,20.993,21.987,21.570,20.881,21.139,21.779,20.675,20.664,20.781,20.424,20.175,20.261,19.475,20.385,19.659,20.616,19.697,20.799,21.821,20.349,21.420,20.440,19.919,20.494,20.261,19.682,19.970,20.382,20.365,20.334,19.311,20.276,20.091,20.865,19.366,20.704,20.539,21.690,20.550,20.635,20.113,21.416,20.427,22.052,19.879,19.380,20.085,21.736,20.835,20.470,20.426,19.993,20.289,21.700,19.432,21.137,19.529,20.999,20.175,20.791,19.424,20.433,21.948,21.297,20.101,20.096,21.292,19.674,19.914,21.726,21.015,21.576,21.716,22.938,22.421,22.326,22.037,22.793
PC(17:0/22:6),18.897,18.249,18.986,17.978,17.645,18.295,18.157,19.364,19.088,20.122,19.887,17.929,19.366,18.130,18.703,18.647,18.066,18.638,18.342,17.296,17.476,17.633,18.080,18.253,19.074,18.281,18.505,19.227,18.197,17.521,18.322,18.131,18.401,17.404,18.115,18.015,18.153,18.451,17.343,17.768,18.409,18.022,18.931,17.261,18.387,18.152,20.085,18.297,18.726,18.065,20.073,18.939,20.258,18.497,17.402,17.355,19.559,18.939,18.897,18.058,18.089,19.056,20.045,17.827,19.111,18.000,18.986,18.389,18.828,17.229,17.869,18.839,19.560,18.381,17.648,18.203,17.733,18.845,19.560,18.921,20.161,20.395,21.645,21.103,20.479,20.877,21.566
PC(17:1/0:0),13.754,14.968,12.747,12.401,13.510,NA,12.777,13.675,13.845,14.158,13.173,13.026,13.737,12.298,13.295,13.235,13.196,14.752,12.931,12.683,13.389,12.747,13.985,13.687,14.999,13.512,13.099,14.118,12.477,16.459,12.692,12.435,13.178,12.708,12.844,12.168,13.651,11.719,14.190,13.572,13.713,14.174,13.540,12.646,12.894,13.055,13.963,13.779,14.264,13.386,15.066,12.683,13.918,13.290,13.453,13.372,14.900,13.831,14.350,12.849,13.663,12.659,13.577,12.047,12.720,12.792,14.122,12.815,12.879,12.106,12.646,13.667,15.327,14.679,13.276,11.950,12.893,13.104,13.891,13.139,14.725,15.295,15.723,15.739,15.106,14.882,16.340
PC(17:1/18:1),20.243,20.003,19.873,19.658,19.620,19.775,19.458,20.166,20.346,22.089,22.752,19.804,22.146,19.390,20.271,20.440,20.358,21.036,20.548,19.757,19.598,19.165,21.349,20.324,20.790,21.245,20.212,21.246,19.623,21.069,20.246,19.425,20.720,19.786,19.820,19.936,20.764,20.224,21.496,20.389,21.014,20.055,19.719,19.170,20.388,19.981,21.092,20.195,20.867,20.861,21.835,20.908,21.766,20.014,18.967,19.046,21.188,19.583,21.727,19.377,20.575,20.318,21.152,18.049,19.989,20.095,20.896,20.534,19.791,19.285,19.055,20.387,21.945,20.507,20.428,19.090,20.333,19.639,21.101,21.411,21.839,23.053,22.250,22.720,23.025,22.251,22.908
PC(17:1/20:4),18.121,17.734,18.337,17.533,17.517,17.357,17.723,17.594,18.073,18.570,18.650,18.812,18.731,17.888,18.493,18.337,18.683,17.997,17.866,17.589,18.251,16.891,17.959,16.843,18.049,18.103,18.525,19.328,17.391,18.772,18.194,16.360,18.004,17.220,16.855,17.447,17.766,17.752,19.236,17.435,18.269,16.586,18.021,16.251,18.002,17.478,18.469,17.627,18.127,18.219,18.568,17.889,18.593,17.602,16.177,17.130,19.023,17.408,18.401,17.605,17.780,17.222,18.387,15.514,17.646,17.349,18.330,17.886,17.490,16.897,17.381,18.973,19.349,17.132,18.646,17.372,17.778,16.483,18.737,17.782,18.343,19.102,19.466,19.430,19.109,18.769,19.427
PC(18:0/18:1),25.001,25.016,26.038,25.154,25.616,25.608,25.343,27.668,26.207,26.537,27.712,26.434,26.952,26.136,26.295,25.483,25.516,25.871,26.254,25.103,25.491,25.367,26.669,25.719,25.280,25.548,26.167,26.449,25.571,25.253,25.438,25.688,26.063,25.858,25.291,25.657,26.009,25.608,25.469,25.639,25.447,25.128,25.141,25.105,26.045,25.322,26.454,25.640,25.427,25.547,26.557,26.371,27.004,25.939,25.330,24.846,26.614,25.645,26.041,25.563,25.787,26.207,26.852,24.670,25.924,26.422,26.424,25.106,26.092,25.045,25.305,26.611,26.021,25.759,25.705,25.884,25.527,25.427,26.647,26.416,26.889,27.348,27.203,27.474,27.485,27.244,27.713
PC(18:0/18:2),24.630,24.513,24.834,24.810,25.415,24.153,25.156,25.592,25.146,24.868,25.801,25.074,25.747,24.295,25.046,24.260,24.067,24.768,24.848,24.958,24.015,23.878,24.317,24.195,24.067,24.249,25.159,25.696,24.544,24.906,24.280,24.797,24.569,24.789,24.549,24.662,24.372,24.541,25.372,24.782,24.041,24.887,24.116,24.848,26.323,24.614,25.446,24.480,24.579,25.299,25.587,24.838,24.925,24.552,24.453,24.915,25.995,24.375,24.858,25.137,25.105,24.379,24.841,24.574,25.027,25.728,25.122,24.984,24.912,25.270,24.550,25.885,25.462,24.776,25.905,25.271,24.860,24.763,25.782,25.494,25.557,25.238,25.440,24.991,25.565,25.090,25.465
PC(18:0/20:3)_A,23.314,22.837,23.957,23.181,23.484,22.844,23.415,23.284,24.366,23.360,24.242,24.943,24.646,23.555,23.973,23.093,22.513,23.299,23.819,23.461,23.412,22.854,22.782,22.653,22.965,22.682,23.917,24.487,23.554,22.736,23.018,23.148,23.263,23.095,23.244,23.967,23.466,23.106,23.160,23.527,22.727,21.744,23.678,23.183,24.108,23.278,23.664,23.205,22.564,23.275,23.900,24.383,24.307,23.529,22.390,23.173,24.182,23.657,23.167,23.870,22.982,23.523,23.819,22.845,23.873,24.487,23.867,23.919,23.943,22.825,22.995,24.428,23.446,21.697,24.086,24.400,23.447,22.807,24.764,23.897,24.047,24.141,24.962,23.955,24.031,23.885,24.700
PC(18:0/20:3)_B,20.379,18.880,20.080,20.395,19.564,19.481,19.916,20.813,20.928,19.872,21.453,20.809,21.601,20.519,21.069,20.032,20.199,20.167,19.924,19.131,21.214,20.404,21.432,19.224,19.695,19.864,19.821,19.944,19.916,19.569,19.889,19.431,20.177,19.916,19.266,20.725,20.942,19.529,19.391,20.437,20.725,18.741,19.106,18.770,19.213,20.797,20.013,20.133,18.422,18.646,19.353,20.576,22.131,20.807,19.098,19.448,19.360,20.600,19.452,19.373,18.914,21.472,22.399,19.246,19.784,20.217,20.051,19.620,20.107,18.486,19.010,20.485,19.366,17.972,19.082,21.802,19.884,18.472,21.071,19.491,19.485,21.270,21.329,21.949,20.744,20.645,21.999
PC(18:0/20:4),24.602,24.395,25.837,24.845,24.742,24.507,25.091,25.774,25.227,24.834,26.104,26.324,25.262,25.482,25.919,24.497,24.480,24.603,24.908,24.791,25.107,24.102,24.375,23.860,23.954,23.487,25.397,25.518,24.701,24.719,24.524,24.392,24.817,25.233,23.965,24.563,24.193,24.524,24.809,23.892,23.881,23.966,24.728,24.177,25.493,24.962,25.350,24.696,24.153,24.270,25.057,24.710,26.011,24.411,24.439,24.637,25.474,24.900,24.071,24.989,24.000,24.810,25.572,24.527,25.433,24.852,25.355,23.978,25.273,24.406,24.632,26.420,24.958,23.931,25.056,26.040,24.059,24.272,25.930,25.169,25.513,26.073,26.413,26.301,26.252,25.973,26.737
PC(18:0/22:4),22.655,22.183,23.869,22.150,21.525,22.448,22.817,25.131,23.959,23.226,24.432,24.358,23.346,23.715,23.695,22.674,22.045,22.365,22.846,22.704,23.386,22.425,21.990,21.692,22.550,21.570,23.429,23.599,22.262,22.978,22.354,21.955,22.933,23.090,21.037,22.189,22.318,22.237,21.911,22.783,20.453,22.013,22.734,20.809,22.395,22.664,23.723,23.201,21.948,21.967,23.531,23.172,24.443,21.470,22.409,22.001,23.388,22.522,21.881,22.239,22.369,23.426,24.295,22.099,23.215,21.973,22.926,22.328,23.043,22.266,22.688,24.096,22.525,22.236,23.535,23.618,21.892,22.222,24.026,23.724,24.234,24.627,25.255,25.141,24.725,24.726,25.587
PC(18:0/22:5),20.371,19.273,21.103,20.950,19.039,20.205,19.430,23.420,21.679,21.046,22.351,20.119,21.026,21.563,21.835,20.866,19.167,19.902,20.236,19.006,20.200,20.100,20.358,20.054,20.445,18.550,20.983,20.385,20.743,19.938,20.066,18.955,19.650,19.278,18.602,19.885,21.169,19.320,18.295,18.675,18.395,18.481,20.113,17.837,20.349,21.617,22.134,19.736,19.366,18.763,20.192,21.116,21.235,20.130,20.596,19.841,20.178,21.119,19.246,20.165,19.170,19.648,20.776,20.210,20.987,20.607,19.789,19.583,21.262,19.326,20.406,20.429,20.225,18.650,19.820,21.763,20.809,19.107,21.865,20.089,21.316,22.757,21.625,23.402,22.005,23.028,23.169
PC(18:0/22:6),21.803,21.478,22.901,21.534,22.345,22.073,22.254,24.368,23.311,23.558,23.847,22.450,23.613,21.907,22.601,22.201,21.564,22.103,22.204,21.676,21.774,21.810,21.873,22.170,22.034,21.789,22.263,22.639,22.153,20.817,22.156,22.281,22.469,21.969,21.683,22.182,21.871,22.484,21.212,22.208,21.789,21.680,22.216,21.809,22.933,21.950,23.755,21.988,21.954,21.957,23.521,22.649,23.980,22.709,21.930,21.609,22.669,22.717,22.139,22.086,21.602,23.075,23.759,22.595,23.005,22.790,23.174,21.570,23.036,21.587,21.969,23.118,22.342,21.728,22.069,22.664,21.559,22.795,23.289,22.916,23.718,24.578,25.149,24.531,24.140,24.474,25.337
PC(18:1/18:1),24.233,23.383,24.560,22.834,24.599,24.209,24.136,25.791,24.457,24.997,26.205,24.931,26.942,24.688,24.967,24.151,25.225,24.388,24.754,24.032,24.760,23.745,25.151,24.017,24.226,24.779,25.401,24.954,24.612,23.953,24.528,23.953,24.966,24.683,24.174,24.750,25.145,24.918,25.860,25.107,25.285,23.347,23.822,23.986,25.378,24.762,25.218,24.525,24.089,25.892,24.739,24.671,25.100,25.094,24.341,23.898,NA,22.283,24.605,24.789,24.408,22.273,25.295,23.317,24.283,25.976,25.251,NA,24.421,24.255,23.593,25.335,24.599,23.721,25.588,24.075,24.679,23.868,24.888,24.562,25.295,26.141,25.563,25.700,25.971,NA,25.914
PC(18:1/18:2),23.836,23.709,24.348,23.923,24.642,23.029,24.163,24.560,24.695,24.553,25.553,24.052,25.433,23.220,24.170,23.771,24.137,24.511,24.567,23.828,23.133,22.831,24.248,23.622,24.316,24.307,24.783,25.342,24.105,24.822,24.280,24.001,24.186,24.134,23.955,24.197,23.814,24.584,25.906,24.072,23.936,23.883,23.442,23.749,25.906,24.217,24.995,23.753,24.470,25.592,25.261,24.625,24.574,24.053,23.660,23.664,25.836,23.973,24.949,24.847,24.945,24.033,23.396,23.444,24.626,25.663,24.843,24.792,24.127,24.422,23.816,24.974,25.384,24.369,25.668,23.998,24.697,24.376,25.064,24.977,25.537,25.490,24.772,24.184,25.197,24.853,25.113
PC(18:1/19:1),17.877,17.592,17.473,17.207,17.569,17.305,17.522,18.950,18.812,20.521,21.107,17.839,19.858,17.993,18.563,17.572,18.318,18.648,18.216,17.755,17.330,17.215,18.592,18.890,18.931,18.311,18.124,19.491,18.173,19.512,18.288,17.033,18.690,17.748,18.065,18.227,19.681,18.170,19.776,18.414,19.124,18.288,17.541,17.410,17.913,18.043,19.454,17.785,18.544,19.621,19.719,18.946,19.630,17.906,17.567,17.255,19.265,17.405,19.749,17.326,18.403,18.439,19.355,16.523,17.908,19.593,19.117,18.673,17.958,17.587,16.927,18.367,19.688,18.926,19.565,17.687,18.390,17.478,19.195,19.033,19.945,21.121,20.778,21.191,21.730,20.905,21.264
PC(18:1/20:3),22.357,21.833,22.753,22.302,22.210,21.885,21.712,22.063,23.438,22.490,23.729,23.147,24.669,22.398,22.904,22.754,22.713,22.344,22.984,21.905,23.076,21.978,22.288,21.617,22.371,23.198,23.230,23.703,22.756,21.843,22.503,22.012,22.599,22.175,22.217,23.165,22.640,22.616,23.234,22.713,23.016,20.183,22.436,21.989,23.166,22.477,22.971,22.850,22.029,23.012,23.047,23.729,23.349,22.993,21.064,21.783,23.320,22.109,22.828,23.528,22.411,22.440,22.690,21.400,22.862,23.792,23.372,23.337,22.545,21.650,22.016,23.419,23.169,20.825,23.199,22.367,23.212,21.730,23.636,23.165,22.582,23.436,23.614,22.598,23.030,22.647,23.440
PC(18:1/20:4),23.907,23.225,24.744,23.549,23.873,23.845,24.044,24.889,24.216,24.354,25.629,25.363,25.262,25.139,25.087,24.220,25.016,23.829,24.120,23.775,25.028,23.363,24.601,23.359,23.860,23.906,25.106,24.796,24.077,23.672,24.477,23.368,24.072,24.529,22.896,23.841,23.933,24.389,24.973,23.527,24.292,22.946,24.153,22.940,24.157,24.641,24.513,24.270,23.377,23.850,23.650,24.013,25.176,23.941,23.911,23.851,24.625,23.681,23.458,24.492,23.328,24.503,25.176,23.492,24.360,24.151,25.375,23.101,24.206,23.101,23.754,25.798,24.085,22.642,24.510,24.789,23.575,22.970,24.747,23.915,24.718,25.494,25.795,25.855,25.391,25.511,26.008
PC(18:1/22:5),19.551,18.081,20.004,20.396,17.964,19.324,17.794,22.065,20.452,19.760,21.292,18.452,20.861,20.305,20.344,19.989,18.937,18.537,19.057,17.368,19.674,18.959,20.507,19.005,20.121,18.184,20.217,19.329,19.927,18.703,19.267,17.925,18.615,18.013,17.926,19.293,20.466,18.786,18.522,17.970,18.943,16.846,18.611,17.630,19.014,21.376,21.254,19.031,18.488,18.370,18.544,20.075,19.733,19.279,19.285,18.363,19.280,19.545,18.577,19.776,17.831,18.392,19.598,18.397,19.602,19.820,19.243,19.120,19.781,18.166,18.979,19.344,19.588,17.724,19.000,19.924,20.511,17.751,20.478,18.894,19.582,21.211,20.033,21.756,20.564,21.545,21.594
PC(18:1/22:6),21.681,20.517,22.498,21.292,21.958,21.645,21.178,23.643,22.460,22.571,22.614,21.520,23.457,21.639,22.017,21.822,22.210,21.078,21.702,20.372,22.080,21.116,21.574,20.976,21.666,22.127,22.598,22.290,21.576,20.084,21.750,21.704,21.823,21.201,21.120,21.550,21.650,22.479,21.827,21.593,22.294,19.971,21.651,20.856,22.264,21.875,22.980,21.689,20.995,22.346,22.166,21.802,22.959,22.254,21.370,20.711,21.841,21.547,21.245,22.251,21.091,22.298,23.217,21.020,22.016,22.672,22.592,21.569,22.088,20.814,21.120,22.160,21.822,20.778,22.082,21.299,21.685,21.636,22.427,21.903,23.129,23.459,24.144,23.569,22.868,23.343,24.183
PC(18:1/24:0);PC(16:0/26:1),18.212,19.533,18.269,17.391,17.439,17.326,17.353,16.279,20.383,21.553,22.205,18.023,17.857,17.821,16.864,18.879,18.112,20.380,19.632,17.632,17.389,19.482,23.172,20.551,20.795,20.686,17.786,21.363,19.034,20.260,18.734,18.041,18.344,18.562,18.640,18.878,17.833,19.124,17.765,18.991,17.837,19.829,18.340,17.620,17.717,18.551,19.366,18.884,20.732,16.219,21.472,20.107,21.558,18.019,17.408,18.259,21.233,19.118,21.741,17.978,20.369,19.110,19.519,17.640,19.192,18.294,20.495,19.133,18.563,17.176,18.972,17.367,22.158,21.563,17.217,18.095,18.810,19.586,21.295,21.384,20.629,21.724,21.540,22.586,22.332,22.601,22.154
PC(18:1/24:1);PC(16:1/26:1),17.970,19.941,18.273,17.491,17.358,16.856,17.437,16.491,20.479,22.592,23.116,17.572,19.059,17.874,17.539,19.366,18.434,21.190,20.140,17.419,17.389,19.511,22.891,21.007,20.767,21.169,17.875,21.705,18.913,20.543,18.910,18.236,18.455,18.845,18.778,19.518,18.093,19.485,18.231,18.538,18.282,20.102,18.378,17.837,18.370,18.954,19.817,18.809,21.092,17.422,21.992,20.726,21.982,18.504,17.724,18.444,21.334,19.042,22.719,17.800,20.677,19.523,20.126,17.501,19.128,19.072,20.618,19.339,18.602,17.458,19.122,17.640,22.470,21.541,18.255,17.669,19.120,20.078,21.623,21.927,21.479,22.701,22.023,23.171,23.313,22.871,22.581
PC(18:1/26:0),16.772,19.337,17.261,15.806,15.712,15.250,15.502,15.214,20.007,21.082,21.650,15.838,16.355,15.460,15.401,18.381,16.360,20.107,19.736,15.415,15.690,19.384,22.735,20.421,20.221,20.978,15.467,21.074,16.564,19.985,17.970,18.038,16.274,17.877,16.601,18.079,16.157,18.584,15.455,16.748,15.921,19.099,17.116,16.301,16.056,18.271,19.140,18.183,20.466,15.012,21.223,19.694,21.211,17.079,16.029,17.806,21.355,18.442,21.875,16.116,20.341,18.634,19.366,16.340,18.649,17.245,20.295,18.157,17.303,15.031,18.244,16.425,22.217,21.078,15.818,17.476,17.794,19.315,21.041,21.140,20.128,21.081,21.372,22.056,22.134,22.060,21.553
PC(18:1/26:1),17.659,20.871,18.926,17.404,16.104,15.062,15.783,15.357,21.785,23.698,24.244,16.108,17.699,16.319,15.606,20.076,17.627,22.009,21.406,15.375,16.517,20.623,24.439,22.087,21.777,22.178,16.009,22.725,16.975,21.366,19.715,18.900,16.983,19.159,16.777,19.611,17.048,20.270,16.818,17.367,17.503,20.845,18.417,17.365,16.788,19.707,20.835,19.410,22.061,14.819,23.258,21.783,23.377,18.719,16.155,18.889,22.645,20.082,23.928,15.664,21.472,20.600,21.263,17.838,20.237,18.677,22.139,19.379,18.864,16.139,19.528,15.839,23.801,22.698,17.363,16.655,19.852,21.114,22.693,23.366,22.601,23.819,23.354,24.628,24.678,24.555,24.183
PC(18:1/28:0),13.744,15.871,14.140,12.321,14.010,12.502,12.661,13.211,NA,17.505,16.267,13.176,13.457,12.939,NA,13.045,12.459,16.593,16.439,NA,12.745,13.433,19.548,16.788,NA,17.706,11.951,17.380,13.430,16.588,14.715,14.482,11.720,14.160,12.968,14.088,13.294,15.377,12.995,NA,13.038,15.192,13.737,13.513,12.755,NA,13.828,14.396,16.509,NA,17.633,16.096,17.451,13.911,13.712,14.196,17.737,14.860,18.155,12.924,16.509,15.364,15.520,13.401,15.240,14.309,17.014,14.695,14.069,12.199,14.319,NA,18.791,17.401,12.594,NA,13.428,16.160,17.212,NA,17.062,17.134,18.001,18.740,18.703,18.981,18.059
PC(18:1/28:1),15.963,19.718,17.925,15.755,14.427,11.792,13.773,13.783,20.566,22.279,22.680,14.399,15.215,13.816,13.780,18.982,15.546,20.730,20.440,13.101,14.680,19.295,23.183,20.558,20.858,21.587,13.409,21.352,14.168,19.738,18.607,17.589,14.815,17.989,13.662,18.253,14.151,19.181,13.760,14.842,15.511,19.174,16.855,16.184,14.892,18.548,19.328,17.889,20.135,11.750,21.911,20.185,22.241,17.437,13.095,17.365,21.008,18.993,22.348,13.056,19.675,19.560,19.873,16.668,18.868,16.808,21.261,17.878,17.389,13.441,18.311,14.939,22.672,20.843,15.563,15.017,17.992,20.066,21.393,21.940,21.246,22.751,22.023,23.291,23.092,23.185,22.625
PC(18:1/30:1),14.389,16.533,14.856,12.517,12.071,NA,NA,14.984,17.313,18.948,19.347,13.557,12.886,12.331,11.538,15.427,12.889,17.172,17.141,12.512,12.056,16.016,19.529,17.225,18.034,18.841,12.318,18.167,11.863,17.048,15.729,14.463,12.036,14.829,13.098,15.240,11.168,16.257,11.299,12.582,12.167,15.620,13.442,13.701,12.168,15.263,16.076,14.725,16.573,11.088,18.691,16.863,18.946,15.670,13.909,13.969,17.402,15.719,18.857,12.156,16.198,16.030,16.824,14.750,15.582,13.625,18.146,14.167,14.211,14.019,14.969,13.232,19.493,17.367,13.302,12.077,14.569,17.268,17.720,18.659,17.922,19.599,18.906,20.101,19.830,20.139,19.430
PC(18:1/30:2),13.274,16.897,15.779,12.739,13.051,NA,11.544,11.977,17.735,18.635,18.899,14.105,13.290,11.877,12.468,16.287,12.565,16.936,17.016,12.146,13.071,16.010,19.421,17.104,17.669,18.315,12.722,19.327,11.749,16.517,15.957,15.433,13.520,14.999,10.589,16.025,11.055,16.244,10.819,11.636,12.167,15.338,13.743,12.760,13.508,15.737,17.187,15.785,17.136,10.627,19.178,18.049,18.757,14.505,10.828,15.177,18.296,16.318,18.538,11.331,17.059,16.619,16.595,13.718,16.346,14.003,18.867,15.239,15.021,10.661,15.835,14.735,19.763,17.450,12.658,12.395,15.116,18.444,18.832,19.368,18.978,18.553,19.129,19.040,19.724,19.425,19.023
PC(18:1/36:6),11.467,15.375,14.948,10.941,11.704,NA,10.109,15.728,16.731,18.095,18.410,13.485,16.868,13.010,13.532,15.440,NA,15.510,16.073,11.653,13.462,14.868,17.216,14.200,13.800,13.788,12.956,16.670,13.312,13.248,15.430,13.951,14.529,13.311,11.474,14.324,11.503,14.714,10.895,NA,13.349,14.069,11.823,12.614,12.876,13.659,16.289,14.564,13.039,NA,18.203,16.617,19.235,16.610,NA,11.760,14.855,15.341,17.350,NA,13.853,16.465,16.981,12.892,15.455,14.885,16.352,11.944,15.364,NA,14.568,15.056,17.448,15.465,10.967,12.795,14.042,16.292,17.870,17.757,18.497,19.268,19.758,19.434,18.757,19.002,19.898
PC(18:2/0:0)_A,19.264,18.191,18.211,NA,19.689,18.336,19.490,18.132,17.821,16.239,16.420,18.628,18.754,17.214,18.472,17.256,17.875,18.139,18.221,19.175,16.739,16.371,14.577,16.978,16.713,17.340,18.536,17.994,18.117,NA,17.491,18.296,18.682,18.701,NA,18.155,18.168,17.040,19.791,18.579,18.231,19.667,17.696,19.376,20.840,18.931,18.907,18.173,17.261,19.723,17.518,15.988,16.322,18.632,19.864,19.850,NA,NA,16.366,19.499,18.618,NA,16.733,18.295,18.020,19.536,18.845,NA,19.072,20.101,17.944,19.713,17.777,16.301,20.309,18.832,18.087,18.312,17.142,17.095,19.943,18.944,19.038,17.553,19.366,NA,18.801
PC(18:2/0:0)_B,17.725,18.824,16.866,17.250,18.349,17.177,17.834,17.523,17.353,17.795,17.546,17.144,17.662,16.353,17.559,16.857,16.424,18.806,16.445,18.111,17.327,16.289,15.854,16.304,16.537,16.241,16.958,17.721,17.012,19.375,16.373,16.961,17.067,18.226,17.453,17.507,16.760,15.867,19.029,16.835,16.769,18.135,17.636,17.908,18.857,17.645,18.044,17.504,17.424,18.134,18.018,16.022,17.401,17.758,17.657,18.275,17.898,17.122,17.084,18.303,17.657,15.524,16.514,17.760,17.227,17.479,18.663,16.673,18.307,17.636,17.733,20.222,17.979,17.521,18.176,17.313,17.015,18.095,17.748,16.834,18.729,18.006,18.478,17.566,17.926,17.757,18.765
PC(18:2/18:2);PC(16:1/20:3),20.828,21.173,21.474,21.618,22.085,19.651,22.033,21.261,20.957,20.411,21.666,21.299,22.068,20.110,21.121,21.459,20.456,21.383,21.373,20.741,20.426,19.789,20.028,19.636,20.472,21.205,21.450,21.949,21.006,21.707,20.782,20.624,21.024,20.605,20.526,21.102,19.901,20.803,22.912,20.554,20.316,20.630,20.287,20.229,24.157,20.785,21.914,21.017,21.258,22.812,22.111,21.561,20.508,21.099,19.359,21.056,22.148,20.623,21.200,22.109,22.408,NA,19.462,20.485,21.755,22.433,20.997,NA,20.891,22.106,21.185,22.749,21.654,20.708,23.319,21.202,22.131,21.877,21.938,22.367,22.144,21.423,20.564,19.956,20.761,NA,20.621
PC(18:2/20:4),20.849,21.182,22.053,21.607,21.656,20.364,21.566,22.224,21.461,20.966,22.172,21.981,21.710,21.723,22.383,21.205,21.661,21.278,21.130,20.527,21.585,20.119,20.947,19.542,20.422,20.777,22.057,22.018,21.127,21.877,21.176,20.413,21.040,21.248,20.474,21.083,20.660,21.044,22.527,20.180,20.737,20.067,21.075,19.991,22.796,21.284,21.764,21.235,21.195,21.908,21.938,21.019,21.401,21.036,19.674,20.999,22.659,21.511,20.882,21.980,21.485,20.710,20.821,19.980,22.129,21.891,21.540,21.607,21.306,21.039,21.472,22.931,21.710,20.218,22.464,21.792,21.381,21.280,22.342,21.974,22.343,21.965,21.980,21.235,21.696,21.663,22.270
PC(19:0/0:0),11.438,13.672,11.379,12.313,12.847,11.351,12.391,11.317,14.522,12.892,12.660,11.569,12.251,12.307,12.893,11.328,11.198,13.259,11.153,12.315,NA,11.689,12.795,12.816,13.112,11.819,10.672,12.965,12.007,16.621,11.202,12.770,12.260,12.043,11.961,11.982,12.270,11.017,12.116,12.632,10.943,14.066,13.151,11.708,12.593,NA,13.593,11.988,13.251,12.546,13.936,11.673,12.279,11.735,13.877,12.356,14.562,13.849,13.148,11.795,12.533,11.005,12.481,13.551,12.437,11.828,12.944,11.908,12.499,11.808,12.152,13.443,14.414,16.326,12.328,12.581,11.199,12.576,14.198,11.644,11.894,12.385,13.275,12.875,13.037,12.267,13.419
PC(19:1/0:0),11.276,NA,NA,10.756,12.192,NA,NA,NA,NA,13.137,NA,11.280,10.989,NA,NA,NA,NA,12.767,11.022,NA,NA,NA,12.452,12.864,NA,NA,NA,NA,11.811,16.338,NA,11.314,NA,NA,11.613,NA,NA,11.152,11.599,NA,NA,NA,NA,11.489,11.398,NA,NA,11.620,NA,NA,NA,NA,NA,NA,NA,NA,13.603,13.150,NA,11.550,12.321,11.083,NA,11.465,11.875,12.193,13.158,11.610,10.966,11.086,NA,11.850,14.310,NA,NA,NA,NA,12.073,12.864,NA,13.329,NA,NA,14.739,14.520,14.195,NA
PC(19:1/20:4),17.628,17.553,17.678,17.364,16.750,16.694,17.903,17.812,18.365,18.681,19.026,18.437,18.162,18.008,18.449,17.441,17.993,17.917,17.402,17.445,17.458,16.682,17.478,17.097,18.369,17.508,17.783,19.481,17.523,18.865,17.503,16.779,17.986,17.382,16.792,17.215,17.468,17.659,18.617,17.378,17.431,17.545,17.767,16.010,17.435,17.286,18.870,17.423,17.661,17.865,18.696,17.594,19.017,16.633,16.589,16.796,19.340,17.374,17.916,17.104,17.520,17.750,18.684,16.139,17.758,17.509,18.394,17.654,17.476,16.600,17.026,18.863,18.975,17.884,18.400,18.236,16.808,17.142,18.332,18.115,18.893,19.420,20.114,19.980,19.851,19.416,20.234
PC(20:0/0:0),14.089,15.158,13.346,14.200,14.855,13.785,13.812,13.530,14.786,13.665,14.002,13.290,13.465,14.010,14.045,13.174,14.222,14.599,12.911,14.654,13.406,13.941,14.697,14.518,13.949,13.593,13.689,14.660,14.376,16.202,13.731,14.796,13.650,14.082,13.973,14.014,13.890,12.788,12.834,14.680,12.747,14.655,14.850,13.620,14.834,13.430,14.628,13.579,14.018,13.960,14.662,13.332,13.925,14.038,16.732,12.992,15.435,15.240,14.333,14.332,13.762,12.981,13.573,16.143,14.158,14.101,14.152,13.672,13.982,13.797,14.488,14.954,15.212,17.232,13.747,14.104,13.057,15.058,15.631,12.692,12.940,13.605,14.533,13.680,14.148,13.414,14.745
PC(20:1/0:0)_A,14.708,14.105,13.189,11.940,13.512,12.622,13.245,14.092,13.548,13.801,13.962,12.932,13.755,12.694,13.621,12.235,13.761,14.599,13.128,14.606,12.667,13.053,13.198,15.324,14.537,14.017,12.352,13.485,13.555,16.335,12.590,13.939,14.121,13.966,13.657,13.266,14.374,12.836,13.306,14.426,13.151,16.749,13.553,14.249,12.903,15.003,14.673,14.056,13.783,14.446,13.516,12.677,13.413,13.801,15.553,14.854,13.310,12.660,13.569,13.190,14.328,13.916,14.203,14.103,13.764,15.075,15.271,12.789,14.153,14.493,12.660,12.751,13.302,14.695,15.011,13.260,13.190,13.516,13.017,11.998,15.354,15.385,16.518,16.414,16.122,16.347,16.937
PC(20:1/0:0)_B,14.908,16.084,14.378,14.804,16.414,14.569,15.317,16.098,16.644,16.019,16.467,14.270,16.038,14.517,15.469,14.330,15.897,15.977,14.543,15.620,14.822,15.214,15.801,16.191,17.019,15.069,15.430,16.767,15.597,18.596,15.334,15.982,15.528,15.457,15.296,16.045,16.149,14.862,16.114,15.548,15.197,16.487,15.142,15.483,14.608,16.028,16.572,15.283,15.481,16.410,16.608,14.839,16.664,14.795,18.661,14.754,16.731,16.193,16.168,15.571,15.480,14.989,15.744,16.628,15.208,16.781,16.143,15.130,15.853,14.997,15.393,15.650,17.184,18.459,16.448,14.764,14.714,16.205,16.119,14.889,16.779,17.229,18.490,17.939,17.231,17.716,18.584
PC(20:2/0:0),14.049,14.982,13.980,14.380,16.444,13.723,15.530,15.927,15.804,13.481,14.440,13.416,15.017,13.589,14.598,13.555,14.159,14.290,13.904,14.606,15.021,13.662,14.332,14.326,15.105,13.310,14.626,15.910,14.704,16.605,13.818,14.482,14.073,14.052,14.843,14.891,14.920,13.690,16.175,14.118,13.630,15.537,13.803,14.970,15.966,15.253,15.994,14.672,14.497,17.047,15.386,14.106,14.414,14.343,16.182,14.926,15.812,14.132,14.556,16.057,14.741,13.810,14.231,15.462,14.707,15.863,15.532,14.618,15.009,15.470,15.286,16.057,15.708,16.684,17.048,14.890,14.363,15.593,15.222,14.657,16.227,14.981,16.319,15.470,15.471,15.652,16.341
PC(20:2/20:4),19.042,19.012,20.401,19.689,19.936,18.478,20.401,20.626,20.457,19.656,20.393,20.155,20.851,20.276,20.582,18.993,20.038,19.181,19.202,19.439,20.348,18.343,20.138,18.636,19.437,19.809,20.437,21.658,19.790,19.830,19.245,18.824,19.370,20.154,19.085,19.630,19.185,19.478,21.507,18.800,19.031,18.640,19.393,18.633,21.045,19.995,20.762,19.569,19.283,21.348,20.509,19.696,20.221,18.908,19.628,19.259,21.671,18.881,19.437,20.647,19.350,20.207,20.214,19.131,20.098,20.470,20.936,19.845,19.945,19.487,19.665,21.495,21.045,19.476,22.056,21.175,19.361,19.171,20.852,20.315,20.259,20.068,20.751,19.964,20.656,20.443,20.866
PC(20:3/0:0)_A,18.721,16.460,17.372,16.025,17.527,17.841,17.547,16.506,16.772,15.416,15.090,18.348,18.112,17.206,17.324,16.461,17.055,16.848,17.429,18.293,17.131,16.384,14.017,15.468,15.456,16.499,17.633,16.549,17.718,15.716,16.169,16.728,17.589,17.049,17.454,17.144,18.126,15.413,17.046,17.860,17.671,17.029,16.869,18.374,18.298,17.545,16.741,17.672,15.210,17.180,15.936,15.838,15.840,18.196,18.188,18.053,16.344,15.249,15.219,18.239,16.547,16.578,16.288,17.187,16.691,19.031,17.405,16.529,18.239,17.980,16.532,18.473,16.168,13.402,18.518,17.897,16.864,15.757,16.455,15.372,18.192,18.162,19.473,17.935,18.306,17.741,18.920
PC(20:3/0:0)_B,16.303,16.462,15.262,14.925,15.893,16.157,14.757,15.099,15.667,15.074,14.960,15.137,15.113,14.993,15.410,14.676,14.643,16.503,15.223,15.775,16.135,15.063,13.867,14.651,14.580,14.563,15.126,15.145,15.416,16.429,14.391,14.851,14.847,15.275,15.550,15.121,15.354,13.663,15.430,15.221,15.069,15.060,15.537,15.863,16.452,15.374,15.091,15.639,15.249,15.540,16.095,14.877,15.382,15.483,15.994,15.657,15.856,15.573,15.258,16.380,14.617,14.409,15.192,15.798,15.565,16.939,16.006,14.004,16.219,15.824,15.711,16.852,16.536,15.238,16.764,15.398,14.695,14.941,16.635,15.041,16.580,16.643,18.008,17.051,16.731,16.371,18.103
PC(20:3/20:4),18.960,19.618,20.306,19.105,19.366,18.803,18.667,19.191,20.290,19.840,20.608,20.325,20.088,19.911,20.032,19.619,19.454,19.505,19.529,17.887,20.813,19.073,18.836,18.516,18.279,18.910,20.472,20.398,19.393,19.264,19.298,18.605,19.506,19.243,18.687,19.844,18.201,19.059,20.029,19.092,18.699,16.949,19.813,17.981,19.779,18.550,19.178,19.898,18.982,19.626,20.332,20.304,21.135,18.958,17.823,18.840,20.377,19.720,19.724,19.925,19.233,18.894,19.433,18.118,19.785,20.219,19.779,19.359,20.105,18.376,19.823,21.530,20.691,18.190,19.959,19.282,19.407,18.575,22.037,20.347,19.722,20.427,21.394,20.163,20.229,20.005,21.189
PC(20:3/22:6),17.600,17.552,18.820,17.458,17.612,17.760,16.501,18.782,19.149,19.023,18.944,17.589,18.895,17.372,18.001,18.170,17.662,17.710,17.934,15.751,18.807,18.004,17.343,17.472,17.274,17.841,19.078,18.590,18.053,16.366,17.821,17.188,17.701,17.008,17.408,18.204,16.643,17.818,17.070,17.526,17.735,15.004,18.117,16.875,18.319,16.969,18.394,18.236,17.401,17.343,19.475,19.131,19.694,18.206,15.916,16.629,18.931,18.479,18.159,18.242,17.573,18.212,18.542,16.736,18.471,19.269,18.464,18.604,18.830,16.115,17.762,18.859,19.049,16.907,17.445,16.594,18.176,17.667,20.358,19.027,18.582,19.243,20.607,19.371,18.824,19.140,20.321
PC(20:3/26:1),13.967,17.394,15.549,13.392,13.148,13.025,13.476,13.195,17.968,19.126,19.030,14.402,14.368,15.037,13.707,16.528,13.761,18.068,17.120,13.968,14.456,16.953,19.574,17.826,17.105,18.298,13.539,19.320,14.793,16.565,16.162,15.411,14.206,15.067,14.261,16.683,14.119,16.251,13.194,14.647,13.892,16.137,14.625,13.607,14.452,16.353,17.251,16.729,18.079,11.836,19.318,18.057,18.644,15.197,13.183,15.538,19.078,16.439,19.783,14.180,17.288,16.037,16.663,14.413,16.560,15.116,18.227,16.536,16.218,12.934,15.798,13.413,20.985,18.030,13.615,15.361,16.061,17.584,19.739,19.685,17.884,18.394,18.500,18.671,18.789,18.867,18.553
PC(20:4/20:4);PC(18:2/22:6),20.043,19.722,19.718,21.216,20.522,20.404,19.366,20.636,20.218,20.149,20.893,20.627,20.056,20.676,20.886,19.914,20.148,19.330,20.095,18.469,20.932,19.535,19.934,18.528,19.271,19.550,21.341,20.448,19.041,19.272,19.830,19.252,19.567,19.468,18.637,19.858,19.387,19.604,19.771,19.366,19.705,18.106,19.592,18.445,21.033,19.373,20.832,20.113,19.533,20.039,20.757,19.704,20.744,19.816,18.884,19.154,20.304,19.314,19.595,20.443,19.876,19.342,20.256,18.124,19.767,20.443,20.312,19.167,20.246,19.033,20.260,21.376,20.154,18.554,19.954,19.538,20.713,20.389,21.037,20.781,21.580,21.431,22.254,21.883,21.049,21.526,22.381
PC(20:4/22:4),17.663,17.274,19.010,18.028,17.335,17.701,18.355,18.968,18.388,16.923,18.143,19.382,18.398,20.220,19.457,17.499,18.248,17.595,16.911,17.207,20.171,16.968,17.735,16.681,16.870,15.825,19.099,18.576,18.071,18.917,17.158,16.892,17.782,19.252,16.621,16.878,16.908,17.396,18.714,16.917,16.809,16.769,18.248,16.047,18.263,18.146,17.934,18.264,16.972,17.461,17.156,17.017,18.219,16.523,17.901,18.240,19.222,17.540,16.587,18.402,17.080,17.470,18.569,16.961,18.146,17.684,18.571,17.418,17.707,17.989,18.241,21.342,17.971,17.215,18.848,20.079,16.785,16.198,18.735,17.294,17.260,18.094,19.200,19.068,18.345,18.767,19.631
PC(20:4/22:6),17.844,18.331,18.799,18.241,18.452,18.577,17.826,19.380,19.508,19.424,19.861,19.096,19.355,18.140,18.747,18.771,18.938,18.311,17.950,16.352,19.683,18.279,18.840,18.031,18.422,18.179,19.827,19.513,18.515,17.406,18.827,17.816,18.363,18.594,17.626,18.528,17.051,18.793,18.565,17.584,18.327,17.384,18.629,17.417,18.394,17.896,19.088,17.960,18.343,17.965,19.428,18.513,20.628,18.699,17.548,17.370,19.857,18.722,19.155,18.477,17.915,18.748,19.895,17.042,18.890,19.054,19.253,18.292,19.394,17.862,18.530,19.558,19.479,18.645,17.953,18.315,17.966,18.413,20.251,19.297,20.106,20.095,21.887,21.156,20.230,20.806,21.707
PC(20:4/24:1),17.027,18.650,16.611,16.641,16.850,16.391,16.898,15.115,19.069,19.374,20.166,18.122,17.725,17.882,17.429,17.072,18.020,19.127,17.714,17.510,17.661,17.528,18.779,18.668,18.620,17.940,17.430,19.816,18.586,18.722,17.666,17.136,17.209,17.871,17.682,18.194,17.075,18.536,17.767,17.292,17.633,18.900,17.946,17.470,17.291,17.336,18.100,17.495,18.887,16.059,19.646,18.381,19.409,16.624,16.341,17.065,19.294,18.084,19.252,17.535,18.099,17.426,18.221,16.517,17.892,17.815,18.618,18.110,17.681,16.119,17.775,16.834,19.998,19.152,16.463,18.070,17.084,17.719,19.735,19.059,17.889,19.113,19.081,19.811,19.579,19.109,19.656
PC(20:4/26:1),16.044,19.945,17.202,15.751,15.137,15.352,15.293,13.652,20.312,21.670,22.254,16.158,15.995,16.291,15.377,18.814,16.253,20.850,19.883,15.468,15.964,19.085,21.558,20.445,19.215,20.128,15.601,21.102,16.930,19.354,18.501,17.697,16.083,17.596,16.108,18.192,16.088,18.459,16.583,16.242,16.632,18.951,17.043,16.298,15.829,18.571,19.453,18.323,20.095,14.119,21.667,19.692,21.324,17.619,14.615,17.154,20.880,18.841,21.849,15.512,19.181,18.339,19.804,16.457,18.811,17.251,20.139,17.747,17.927,15.036,18.691,15.619,22.362,20.660,15.122,17.130,18.230,19.496,21.635,21.534,19.629,20.776,20.963,22.110,21.620,21.522,21.718
PC(20:4/28:1),13.913,18.436,15.914,13.679,12.655,11.862,12.158,14.569,18.530,19.989,20.517,13.944,14.052,13.474,12.598,17.304,13.272,18.937,18.578,12.273,13.178,17.591,20.459,18.150,17.568,18.564,12.586,19.293,13.976,17.395,17.239,15.896,13.781,15.966,12.449,16.561,12.862,17.072,13.111,13.306,14.433,16.712,14.290,14.231,13.195,17.011,17.856,16.310,17.952,11.201,19.952,17.935,20.172,15.932,12.261,15.268,18.945,17.540,19.742,12.833,17.092,17.207,18.160,14.658,17.275,14.432,19.024,15.541,16.114,11.205,17.297,12.841,20.860,18.403,12.758,14.813,15.981,18.030,20.049,20.048,17.981,19.745,19.635,20.844,20.075,20.283,20.162
PC(20:4/36:4),NA,15.197,14.960,10.406,NA,NA,NA,13.028,16.254,16.873,18.171,12.880,14.466,11.635,14.315,15.722,NA,14.825,16.024,NA,12.588,14.409,15.249,13.368,12.753,12.437,11.469,15.734,11.922,13.512,14.810,12.820,13.272,12.650,NA,13.927,NA,13.513,NA,10.745,10.921,13.181,11.323,NA,12.247,13.325,14.954,14.636,12.486,NA,17.320,16.162,18.581,13.429,NA,NA,13.106,14.668,14.897,NA,12.785,15.918,16.316,12.041,15.096,12.237,15.096,10.510,15.960,10.409,15.589,13.599,16.633,14.825,NA,NA,12.428,14.883,18.589,16.933,17.688,18.231,19.210,19.027,18.327,18.569,19.439
PC(20:4/36:5),11.232,13.873,14.050,NA,NA,NA,NA,15.133,15.328,15.670,17.387,13.890,14.758,13.657,14.074,14.353,NA,13.610,14.625,11.327,14.188,13.603,15.331,12.018,11.616,10.995,11.999,15.538,13.063,12.990,14.085,11.759,13.551,12.477,NA,13.387,NA,13.384,NA,NA,11.144,12.144,NA,10.795,NA,12.511,14.687,13.947,11.136,NA,16.295,14.801,17.695,13.533,NA,NA,12.793,13.989,14.399,NA,12.065,15.264,15.765,10.929,14.177,12.752,14.262,NA,14.848,NA,14.074,14.737,15.241,14.104,NA,12.293,11.424,14.628,16.975,16.078,16.741,17.047,18.602,17.703,17.126,17.165,18.461
PC(20:4/P-18:1),21.942,21.278,22.002,20.892,21.321,20.805,20.715,21.152,21.759,21.407,22.167,21.326,20.647,21.064,20.649,21.219,21.859,21.753,21.078,20.921,20.523,21.031,21.388,21.559,21.501,20.588,21.631,22.663,20.368,21.630,21.179,20.661,20.760,20.649,20.758,21.105,21.348,20.942,22.590,21.465,20.715,21.835,20.653,20.751,21.860,20.697,21.185,20.442,21.840,20.629,21.936,20.992,21.679,22.267,20.063,19.339,22.337,21.846,21.624,19.561,21.876,21.801,21.495,21.466,20.547,22.342,20.718,20.471,20.772,22.828,20.228,21.729,22.263,23.011,24.129,20.274,20.765,21.154,22.335,21.174,21.103,21.695,21.509,21.607,21.708,21.613,21.988
PC(20:5/0:0),14.150,13.134,14.045,11.910,14.283,13.550,13.785,10.922,11.294,10.437,NA,15.844,13.498,13.354,13.238,11.847,13.100,13.466,13.217,14.858,13.974,11.229,NA,11.893,10.901,12.567,13.381,11.412,12.944,10.398,12.356,14.228,14.705,14.507,14.096,13.318,13.343,12.861,15.978,15.549,14.122,15.140,13.146,16.852,14.162,13.116,12.010,12.502,11.291,13.209,10.207,NA,11.726,13.592,14.984,14.353,12.191,10.986,11.363,14.145,11.675,13.507,14.419,12.022,12.173,14.077,15.363,10.531,14.159,15.670,12.230,16.289,10.354,9.249,15.701,14.924,10.748,12.496,NA,10.316,13.533,13.334,14.504,12.118,13.601,12.010,13.488
PC(22:0/0:0),12.221,14.177,12.695,12.381,13.034,12.180,12.748,11.709,13.295,12.662,11.684,12.486,NA,12.893,12.586,12.207,12.723,13.634,NA,13.693,12.913,12.229,13.332,13.208,13.286,11.976,11.719,13.768,13.886,15.602,12.683,12.909,12.333,12.797,13.313,11.970,11.792,12.266,11.497,13.975,11.836,13.290,13.916,12.838,13.827,12.191,12.952,13.222,12.949,11.975,13.399,11.942,11.945,12.093,14.908,12.243,14.586,14.501,13.337,13.983,13.162,11.776,10.830,14.479,13.245,12.895,12.919,12.856,12.752,11.926,13.838,13.338,13.760,16.515,12.996,13.846,11.232,13.824,14.066,11.076,NA,NA,10.589,NA,12.275,10.831,11.465
PC(22:1/0:0),11.882,13.496,11.420,11.626,12.746,11.584,12.096,11.652,13.188,13.076,13.115,11.310,12.591,11.505,12.273,11.086,13.750,13.136,NA,12.730,12.081,11.739,13.570,13.254,14.051,12.047,11.751,13.455,12.692,15.595,12.444,13.267,11.410,12.547,12.574,13.145,12.457,11.861,11.778,13.138,11.700,13.290,12.703,12.920,12.470,13.173,13.212,11.269,13.018,12.695,13.203,11.432,13.026,11.443,15.381,12.010,14.296,13.183,13.311,13.190,12.334,10.884,12.018,14.029,12.335,13.282,13.395,12.346,12.732,11.792,12.946,11.178,14.404,16.020,12.495,11.852,11.484,13.167,12.110,11.909,11.806,12.207,12.762,13.697,13.146,12.987,13.857
PC(22:4/0:0)_A,19.502,16.095,NA,NA,16.548,17.744,17.509,18.586,16.521,NA,14.915,18.056,16.255,19.233,18.288,16.172,17.058,16.265,16.567,18.984,17.788,16.260,NA,NA,15.235,15.071,17.336,15.987,NA,NA,15.833,16.411,18.145,18.204,NA,15.583,17.998,14.537,17.208,18.123,15.333,19.074,17.169,17.249,16.728,18.339,17.128,18.056,15.428,16.053,15.027,14.128,15.721,16.489,19.465,18.878,NA,NA,14.529,16.921,16.519,NA,17.262,17.676,NA,NA,17.320,NA,17.415,19.543,16.087,18.826,NA,15.049,19.542,17.661,15.971,15.640,NA,14.656,NA,18.759,19.782,NA,19.278,NA,20.296
PC(22:4/0:0)_B,15.352,15.219,NA,NA,13.650,NA,14.522,14.775,14.504,NA,13.686,14.471,13.155,15.685,14.668,13.411,14.023,14.127,NA,15.112,15.204,13.675,NA,NA,13.772,12.331,13.648,13.901,NA,NA,13.526,14.033,14.167,15.130,NA,13.248,13.796,12.581,14.585,14.151,12.728,15.645,15.015,14.122,14.106,15.268,14.247,14.824,14.192,13.404,13.936,12.491,13.776,13.192,16.991,15.578,NA,NA,13.500,14.328,13.597,NA,14.151,15.550,NA,NA,14.649,NA,14.321,15.146,15.236,16.172,NA,15.758,15.300,14.601,13.160,13.666,NA,12.728,NA,15.311,17.019,NA,16.436,NA,18.314
PC(22:4/22:6),16.572,16.135,17.861,16.705,15.788,16.583,16.382,19.080,18.180,17.758,17.648,17.150,17.529,17.891,17.667,17.301,17.100,16.281,16.036,15.037,18.543,16.886,17.203,16.223,16.855,16.391,18.242,18.181,16.875,16.470,16.384,15.588,16.867,16.823,15.998,16.144,15.888,16.473,16.914,16.779,16.117,15.273,17.095,14.706,16.468,16.621,17.629,17.044,16.226,16.670,17.476,16.806,18.395,16.114,16.735,16.317,18.444,16.467,16.992,16.666,16.380,17.137,18.278,15.583,16.983,16.766,17.279,17.088,16.972,16.143,16.810,17.787,17.628,17.167,17.061,17.239,16.231,16.314,18.113,17.673,17.793,18.643,19.613,19.154,18.344,19.033,19.776
PC(22:6/0:0),20.154,16.339,18.729,NA,18.849,18.919,18.591,18.893,17.624,17.917,15.862,17.996,18.048,18.583,18.215,17.354,18.347,17.138,18.153,18.423,17.794,17.014,14.073,16.655,16.158,17.287,17.971,16.446,18.415,NA,17.363,18.240,18.317,17.807,NA,17.105,18.475,16.990,17.586,18.620,18.615,19.044,18.039,19.264,19.366,19.230,18.217,18.136,15.998,17.928,17.316,15.947,17.263,18.966,20.303,19.086,NA,16.628,15.896,18.415,17.076,NA,18.331,19.505,17.814,18.981,18.455,NA,18.924,19.881,16.889,18.397,16.379,14.509,19.555,17.907,17.445,17.679,16.882,16.084,20.392,20.914,21.500,21.175,20.990,NA,22.032
PC(22:6/22:6),15.363,16.703,16.695,15.257,16.254,16.324,15.432,17.838,18.267,19.367,18.489,15.711,18.482,15.500,16.438,17.522,17.246,17.258,16.440,13.991,17.353,16.910,17.829,17.301,18.059,17.389,17.194,17.911,16.482,14.623,17.647,16.287,16.417,15.042,15.637,17.297,14.419,18.109,15.563,15.768,16.702,15.195,17.430,15.560,16.117,15.702,18.668,16.138,17.319,16.329,18.996,17.298,19.295,18.460,15.344,14.883,18.914,17.549,18.579,15.835,17.204,18.127,18.914,15.681,17.578,17.129,17.598,16.587,17.535,14.894,16.376,17.494,17.991,17.307,15.862,16.474,16.574,18.101,18.344,18.142,19.392,19.668,20.909,19.606,19.532,19.987,20.864
PC(22:6/36:4),11.210,13.709,13.299,NA,NA,NA,NA,12.509,15.520,16.022,16.707,NA,14.457,11.969,12.913,14.932,NA,14.122,14.537,NA,11.954,13.356,13.953,12.677,12.249,NA,11.368,14.493,11.360,11.357,14.103,12.245,11.901,11.396,NA,13.020,NA,13.289,NA,NA,11.035,11.617,NA,NA,12.136,12.096,14.506,13.642,11.626,NA,16.330,14.850,17.608,13.358,NA,NA,12.281,13.721,14.136,NA,11.845,15.136,15.538,12.070,13.934,11.698,13.687,NA,14.948,NA,14.124,13.142,14.869,13.310,NA,NA,11.813,14.529,17.031,15.577,16.816,17.780,18.414,18.036,17.195,17.434,18.742
PC(24:0/0:0),13.804,16.621,14.144,13.606,14.502,13.697,14.305,11.896,16.267,15.967,15.528,14.824,13.306,14.402,14.305,14.758,14.215,16.011,13.757,14.742,15.164,14.347,16.246,15.892,16.375,15.108,14.098,16.930,15.449,18.060,14.326,14.271,14.499,14.794,15.302,14.389,13.042,14.516,14.006,16.244,14.136,15.920,15.804,14.580,15.532,14.148,15.600,14.838,15.767,13.688,16.806,14.773,15.345,13.667,13.861,14.117,17.595,16.433,16.648,15.671,15.674,14.039,14.050,15.643,15.184,14.145,15.073,15.258,14.683,13.631,15.832,14.713,17.305,18.923,14.556,16.130,13.380,15.714,16.841,15.349,12.543,14.326,14.433,14.319,16.017,14.646,14.123
PC(26:0/0:0),14.678,16.698,14.512,13.297,14.268,NA,NA,NA,17.336,16.549,17.013,NA,NA,NA,NA,14.912,14.077,16.924,15.417,NA,NA,15.403,18.203,17.224,17.788,16.643,NA,17.883,14.026,18.391,14.265,14.417,NA,14.388,13.799,14.672,13.976,14.793,NA,15.281,13.429,16.310,14.777,13.409,14.365,14.773,17.067,15.019,16.569,NA,17.149,15.260,16.235,NA,13.887,14.283,18.110,15.865,17.543,14.212,16.719,14.998,15.726,14.820,15.575,NA,16.062,15.314,15.010,NA,15.021,14.090,18.201,19.173,NA,15.910,14.419,16.425,16.517,16.460,14.122,15.898,16.211,16.772,17.219,16.910,16.392
PC(26:1/0:0)_A,NA,14.453,10.164,NA,NA,NA,NA,NA,15.464,14.981,15.337,NA,NA,NA,NA,12.614,10.816,13.859,12.054,NA,NA,12.697,16.213,14.655,15.949,14.164,NA,15.614,11.431,16.134,11.432,10.112,NA,11.465,10.331,12.647,11.065,12.015,NA,11.864,11.459,13.701,11.153,10.571,NA,11.194,14.436,11.910,13.130,NA,15.158,12.625,14.488,NA,10.295,12.031,16.108,14.555,15.635,NA,13.492,11.157,12.576,11.813,12.043,10.787,13.239,11.738,10.354,10.285,11.869,NA,16.795,17.165,9.880,10.985,11.919,14.005,14.280,14.333,12.784,14.266,13.601,15.056,15.981,15.634,14.688
PC(26:1/0:0)_B,13.743,17.735,13.172,12.562,13.306,11.779,11.927,NA,18.760,18.361,18.546,13.058,12.612,12.675,12.142,16.064,14.033,17.901,16.071,12.500,13.141,15.977,19.050,17.995,19.377,17.559,12.698,18.881,14.243,19.727,14.761,14.640,12.961,14.568,13.327,15.586,13.551,15.785,14.044,15.287,13.723,17.298,14.911,13.199,13.606,14.811,17.827,15.300,17.030,12.208,18.774,16.333,17.862,14.177,13.088,13.916,19.244,17.361,18.992,13.370,16.757,14.962,16.378,15.303,15.481,14.272,16.455,15.687,14.312,11.848,15.010,12.323,19.665,20.327,13.138,13.934,14.932,17.302,17.907,18.200,16.079,17.586,17.175,18.248,18.964,18.286,17.791
PC(O-14:0/16:0);PC(O-16:0/14:0),19.694,19.198,19.388,19.779,20.065,18.540,18.262,21.948,19.305,19.017,20.074,19.149,18.709,19.741,19.689,18.547,19.189,18.467,19.298,19.372,19.011,19.842,20.323,19.648,19.635,19.754,19.969,20.302,20.563,19.191,19.522,20.190,19.343,18.991,19.578,20.644,19.874,19.639,19.820,20.567,19.553,18.597,18.732,19.207,19.625,19.413,18.573,20.622,18.886,19.663,18.879,18.844,18.811,18.633,21.100,19.062,19.416,19.344,19.423,19.396,19.334,18.861,19.867,20.050,19.046,19.973,18.926,19.305,18.724,19.979,19.524,18.153,19.433,19.324,19.022,22.498,19.960,19.834,19.302,19.851,18.481,19.572,19.141,19.694,20.304,20.011,19.516
PC(O-16:0/0:0),17.962,19.308,17.072,17.725,19.198,17.440,17.920,19.986,18.074,17.245,17.304,17.318,17.259,17.398,17.582,17.439,18.144,18.593,17.340,18.156,17.981,18.155,18.752,18.582,17.588,18.617,18.143,18.310,18.813,20.112,17.818,20.159,17.643,18.260,17.964,18.693,18.689,17.254,17.628,18.293,18.183,18.736,18.103,18.788,18.737,19.004,18.179,19.072,18.309,18.086,19.085,17.134,17.377,17.445,21.091,18.652,19.508,18.893,18.225,19.420,18.515,16.759,17.423,21.400,17.395,18.401,18.034,18.107,17.778,19.134,19.392,17.046,18.724,19.727,18.231,19.899,17.852,19.500,18.018,17.184,15.948,17.702,16.693,17.226,17.846,16.717,17.137
PC(O-16:0/16:0),23.430,22.772,23.372,23.687,23.676,22.137,22.365,24.961,22.953,22.669,23.424,23.433,23.125,23.709,23.773,23.368,23.745,22.465,23.540,23.094,23.680,22.999,24.257,22.684,22.996,23.883,24.154,23.589,24.049,23.025,23.185,24.039,22.908,23.178,23.090,23.823,23.253,23.213,23.323,23.376,23.267,22.198,22.896,23.005,24.278,23.723,23.103,23.961,22.260,23.503,22.601,23.242,23.188,22.662,24.774,23.637,23.642,22.802,22.572,24.108,23.366,22.915,23.764,23.828,23.247,23.290,23.386,23.459,22.837,23.816,23.676,23.476,22.896,22.298,23.548,24.548,23.701,23.388,23.239,23.299,23.079,23.177,23.614,23.293,23.427,23.533,23.693
PC(O-16:0/16:1)_A,20.446,20.618,20.176,20.463,20.210,18.538,18.329,22.181,20.713,21.380,22.368,19.555,20.120,18.793,19.821,20.960,20.331,21.104,21.027,19.509,20.434,21.187,22.865,20.925,20.358,22.220,21.033,21.038,20.543,20.431,20.661,20.887,20.194,19.326,19.521,22.037,20.437,20.058,20.483,20.616,21.074,19.457,19.099,20.260,20.931,20.290,20.247,20.929,20.841,20.009,22.028,20.853,21.605,19.864,20.923,19.325,21.699,19.968,21.888,20.138,21.055,20.165,20.759,20.424,19.536,20.416,20.595,20.622,19.659,19.916,20.292,18.689,21.510,20.760,19.499,21.217,21.048,21.156,21.180,21.846,21.157,22.755,21.316,22.164,22.933,22.578,22.032
PC(O-16:0/16:1)_B,21.188,21.009,20.431,20.804,20.973,19.409,19.691,22.990,21.067,20.792,21.817,20.159,21.863,19.487,20.380,21.275,21.686,20.870,21.571,20.469,20.609,21.503,22.290,21.305,20.891,22.438,21.779,20.808,21.215,20.356,21.605,21.822,21.164,20.276,21.065,21.642,21.767,20.843,20.686,22.050,22.058,19.212,20.211,20.605,21.368,20.702,20.960,21.846,21.192,21.479,21.444,21.099,20.908,21.079,22.126,19.592,21.754,20.778,21.440,20.849,21.446,21.165,21.636,21.939,20.243,21.561,20.404,21.921,20.455,20.905,20.892,19.577,21.278,20.706,20.064,20.730,22.000,21.835,21.033,22.293,20.789,22.147,20.750,21.611,22.667,21.897,21.352
PC(O-16:0/18:1);PC(P-18:0/16:0),23.907,23.547,23.957,23.792,23.764,22.712,22.906,25.566,24.386,24.660,25.955,23.569,25.075,23.788,24.081,23.843,24.539,24.043,24.184,23.284,24.148,23.700,25.790,24.321,24.186,24.856,24.923,24.942,24.235,23.958,24.170,24.421,23.872,23.984,23.524,24.247,24.201,24.227,23.860,24.150,24.447,23.378,23.263,23.362,24.569,24.288,24.456,24.270,24.089,24.516,24.950,24.284,24.747,23.839,24.890,23.581,24.968,23.705,24.786,24.447,24.448,24.053,24.957,24.337,24.097,24.466,24.521,23.931,23.472,23.864,23.644,23.910,24.655,24.349,23.645,24.196,24.283,23.770,24.530,24.455,24.688,25.490,25.359,25.733,25.858,25.913,25.752
PC(O-16:0/18:2),19.582,19.826,19.413,19.889,20.476,18.691,19.589,21.447,19.763,18.568,20.331,18.615,21.298,19.026,19.133,19.200,19.548,19.666,19.613,19.833,19.890,19.137,20.913,20.240,19.075,20.037,20.534,20.173,19.817,19.601,19.486,21.049,19.709,20.067,19.830,20.037,20.319,19.134,20.260,20.491,20.096,20.343,18.668,20.067,21.946,20.026,20.556,19.832,19.954,21.085,19.529,19.761,18.546,19.666,21.298,21.434,20.637,19.164,19.754,20.536,20.387,18.606,19.937,21.185,19.213,20.794,19.781,20.945,19.400,21.407,20.341,20.184,19.912,20.225,20.542,21.541,20.250,20.117,19.968,20.493,19.012,19.366,18.389,18.735,19.476,18.863,19.281
PC(O-16:0/20:4),23.338,23.139,23.312,23.433,23.095,22.494,22.825,25.275,23.614,22.618,23.848,23.901,23.315,23.501,23.598,23.172,24.085,23.261,23.330,23.036,23.289,23.082,23.380,23.294,23.144,23.518,24.329,23.817,24.006,23.585,23.351,23.836,22.915,23.323,22.907,23.493,23.372,23.171,23.515,23.296,23.505,22.536,23.252,23.371,24.354,23.894,23.695,23.861,23.085,23.438,22.895,22.974,22.873,23.030,23.858,23.212,24.496,23.608,23.038,24.271,23.465,22.773,23.780,24.265,23.011,23.968,23.390,23.765,23.312,23.553,23.669,23.250,23.357,22.796,23.457,25.513,23.436,23.250,23.623,23.226,21.630,23.074,22.575,23.068,23.520,23.234,22.926
PC(O-18:0/0:0),16.279,17.589,15.514,16.424,17.429,15.769,16.599,18.348,16.917,14.643,15.033,14.747,16.343,15.951,15.628,16.000,16.420,16.136,15.513,16.705,16.012,16.384,15.859,16.955,16.039,16.814,16.267,16.062,17.749,17.966,16.435,18.899,16.157,17.008,16.868,16.656,17.319,15.506,15.129,17.567,16.806,17.211,16.872,17.738,17.244,17.302,16.404,17.455,15.997,17.214,16.276,16.068,15.564,16.186,20.066,17.161,17.353,18.513,16.096,18.061,16.581,14.750,15.612,20.804,15.986,17.270,16.194,17.342,16.592,17.385,18.307,15.570,16.804,18.922,16.405,18.020,16.381,17.956,16.126,14.744,14.506,15.408,15.320,15.229,15.677,14.385,15.026
PC(O-18:0/16:0),21.566,21.500,22.137,22.061,21.473,20.152,21.162,23.515,22.601,22.189,22.728,21.201,21.993,22.324,22.077,21.731,22.211,21.002,22.252,21.074,21.467,21.510,22.582,20.990,21.576,21.922,22.579,22.515,23.165,21.370,22.020,22.551,21.648,21.647,22.014,21.785,21.739,21.475,20.214,22.471,21.879,20.596,21.127,21.343,22.751,21.678,22.004,22.363,20.856,22.306,21.987,21.749,22.897,21.545,22.955,21.822,22.229,21.998,21.593,22.908,21.950,22.115,22.825,22.254,22.323,22.080,21.313,22.233,21.450,21.840,22.345,21.782,21.787,21.361,21.480,22.644,22.210,21.986,22.605,22.118,23.407,23.683,24.135,23.599,23.389,23.551,24.370
PC(O-18:0/18:1),20.315,20.939,19.917,20.952,19.737,19.281,19.591,22.803,21.312,22.488,23.501,18.820,21.603,19.847,19.713,20.077,21.050,21.281,20.636,19.563,19.270,20.780,22.893,22.027,21.328,22.278,21.852,21.991,21.600,21.969,20.600,21.714,20.638,21.094,21.666,21.085,21.460,20.607,19.149,21.850,22.260,21.451,19.840,21.184,21.171,20.418,21.484,20.734,21.473,21.927,22.065,21.164,21.462,20.749,22.841,21.187,22.340,21.020,22.691,21.128,21.856,20.366,21.357,21.695,20.071,22.050,20.669,21.936,20.140,21.260,21.136,19.589,22.045,22.286,19.821,21.467,20.871,21.119,21.576,21.152,21.379,22.745,22.559,23.403,23.379,23.300,23.154
PC(O-18:0/22:4),20.459,19.838,19.587,20.110,18.305,19.209,19.755,23.134,20.996,18.920,19.611,18.198,19.633,20.777,19.985,20.408,20.398,18.763,18.899,19.800,20.367,19.905,18.901,19.315,19.955,19.913,20.116,19.663,21.380,19.975,20.172,20.419,20.272,19.558,19.610,19.222,20.242,18.981,17.729,21.215,19.198,19.064,19.914,19.167,19.723,20.460,20.241,21.706,18.962,19.773,18.829,19.410,19.630,18.547,21.342,19.981,19.373,20.594,18.907,20.787,19.679,19.668,20.682,22.217,19.366,19.941,18.253,21.973,19.630,20.451,21.336,18.259,19.274,20.414,19.776,21.770,19.947,20.229,20.161,19.482,19.059,20.026,20.250,20.386,20.243,19.784,20.999
PC(O-18:1/0:0),17.092,18.124,16.596,16.193,18.278,16.311,16.810,18.482,17.438,16.774,16.982,16.839,18.038,16.053,16.608,16.530,17.882,17.223,16.490,17.084,17.167,16.675,17.154,17.570,17.527,17.784,17.835,18.080,17.694,18.991,17.274,18.661,17.246,17.619,16.989,17.947,18.021,17.089,17.531,17.603,17.718,17.853,17.174,18.245,18.099,18.199,17.578,17.939,17.656,18.079,18.061,16.499,16.648,17.021,20.199,17.577,18.769,17.746,17.659,18.475,17.421,16.312,17.276,19.988,16.874,18.071,17.893,17.138,16.887,18.094,17.833,16.575,18.262,19.178,17.272,17.186,17.465,18.288,17.224,16.425,16.023,17.730,16.289,16.671,17.443,16.325,17.043
PC(O-18:1/20:4),22.756,22.490,22.757,22.545,22.926,21.793,22.689,23.901,23.237,21.761,23.226,23.542,24.406,22.726,22.965,22.544,23.935,22.457,22.752,22.734,22.917,21.937,22.616,22.378,23.377,23.253,24.254,23.748,23.217,23.107,23.125,23.294,22.794,23.248,22.552,23.369,22.969,23.490,24.089,22.900,23.505,22.196,22.776,22.979,24.354,23.548,23.292,23.110,22.730,23.725,22.266,22.463,21.915,22.896,23.503,22.596,23.738,22.597,22.530,23.740,22.665,22.581,23.792,23.724,22.555,23.803,23.767,23.346,22.583,23.338,22.724,23.328,23.100,22.346,23.188,23.905,23.138,22.651,22.655,22.350,21.271,22.365,21.311,21.694,22.387,22.091,22.056
PC(P-16:0/16:0),24.313,21.894,23.077,22.737,23.881,23.439,22.100,23.191,22.589,22.212,23.305,22.885,21.465,23.939,23.668,22.508,24.261,22.724,24.228,22.555,22.434,23.420,22.937,22.669,21.602,21.746,23.880,23.518,22.794,22.379,23.562,22.119,23.444,22.039,23.559,21.520,23.440,23.185,23.406,23.540,22.973,21.657,22.776,22.468,24.922,20.225,21.776,22.636,21.807,22.805,22.492,22.115,22.852,24.028,22.265,21.386,22.796,22.920,22.335,21.795,23.421,23.317,23.414,21.415,22.834,24.719,22.259,21.093,22.547,24.016,22.492,22.979,22.930,22.261,24.317,21.834,23.954,22.474,23.435,23.479,22.054,22.551,22.827,22.466,22.585,22.683,22.821
PC(P-16:0/16:1),21.168,18.785,19.648,19.251,20.744,20.478,19.082,19.476,18.982,18.499,20.505,19.859,19.058,19.494,19.332,18.997,21.621,20.203,21.412,19.784,18.795,20.154,19.529,19.791,18.068,18.413,20.786,19.345,18.936,19.174,20.828,18.244,20.410,18.553,20.644,17.527,20.939,20.204,20.486,20.983,20.638,18.150,19.251,19.649,21.771,16.457,18.799,19.013,19.155,19.068,19.309,18.516,18.223,22.024,18.423,17.255,20.010,19.664,19.331,17.144,20.251,21.078,20.452,18.109,19.174,22.079,18.409,17.754,19.619,21.239,19.043,19.545,20.082,19.491,20.832,16.807,20.977,19.112,20.146,21.564,17.651,18.278,17.486,17.338,18.049,17.931,17.664
PC(P-16:0/18:1),23.171,22.782,22.297,21.483,23.062,23.003,21.194,22.164,22.277,23.690,24.244,21.730,21.648,22.595,21.593,22.399,23.640,23.598,23.807,21.522,21.249,22.819,24.778,23.631,22.723,22.883,23.213,24.232,21.544,22.997,22.570,21.620,22.814,21.563,22.852,21.449,23.427,22.754,22.527,22.824,23.204,22.479,21.429,21.874,24.460,21.120,22.441,21.591,23.384,22.070,24.054,22.901,23.307,24.232,21.853,21.024,24.799,22.774,24.160,20.480,23.249,22.819,22.790,20.759,21.846,25.168,22.836,21.163,22.013,23.439,22.079,22.232,24.248,24.065,23.668,19.967,22.827,22.045,24.016,23.682,22.479,23.900,23.103,23.769,23.858,23.947,23.554
PC(P-16:0/20:4),24.059,22.370,23.738,22.862,23.728,24.133,22.705,23.609,22.532,21.481,23.000,23.937,22.206,24.371,23.674,22.109,23.778,23.115,23.448,23.019,22.780,23.330,21.489,22.817,21.736,21.692,24.184,23.282,22.865,23.044,23.214,21.983,23.173,22.871,22.939,21.693,23.427,23.432,23.730,23.330,22.760,22.272,23.060,23.067,24.558,21.345,22.301,22.574,22.115,22.798,22.039,21.426,21.989,23.895,22.397,22.083,23.440,23.295,22.009,21.985,22.907,23.164,23.653,21.527,22.868,24.629,22.925,21.018,22.877,23.987,22.448,23.925,22.658,22.090,24.621,22.410,23.295,22.372,23.363,22.507,21.130,20.743,21.272,20.558,21.489,21.341,21.209
PC(P-18:0/20:4),22.624,20.393,22.894,21.877,21.890,22.638,22.235,21.740,21.673,19.765,21.043,21.491,21.330,22.922,21.246,21.309,22.300,20.868,21.896,21.214,20.602,21.517,19.023,21.586,20.701,19.884,22.688,21.250,21.689,20.530,21.875,22.045,22.212,22.218,22.496,20.453,22.313,21.144,21.061,22.283,21.729,21.156,21.988,22.251,22.403,21.024,21.485,21.151,21.072,21.920,20.312,21.302,20.757,22.982,21.293,20.864,21.196,23.274,20.314,21.077,21.428,21.542,21.868,21.664,21.810,23.781,20.799,21.635,21.962,22.517,20.976,21.973,20.071,21.083,23.205,20.301,21.260,21.178,22.151,20.245,20.154,20.566,21.370,21.063,20.202,20.399,21.106
PC(P-18:0/22:6)_A,21.017,19.815,20.557,20.348,21.055,19.773,20.251,22.738,21.383,19.560,20.832,20.450,22.962,19.768,20.073,20.678,21.878,19.923,20.701,19.951,20.309,19.973,20.293,20.463,21.928,21.802,21.783,21.703,21.235,19.220,21.044,21.745,20.767,20.099,20.919,21.480,21.014,21.648,21.257,21.139,22.078,19.884,20.705,20.774,22.072,21.756,21.881,20.919,20.608,22.077,19.878,20.974,19.765,21.011,21.513,19.606,21.044,20.397,20.489,21.839,20.454,20.214,22.216,22.395,20.321,21.731,21.529,21.291,20.250,21.120,20.161,19.809,20.723,20.403,20.568,20.789,21.525,21.354,19.944,20.765,19.476,20.163,19.358,19.247,19.553,19.423,19.777
PC(P-18:0/22:6)_B,21.474,18.557,20.911,20.377,19.912,20.801,20.211,20.946,20.546,19.589,19.922,18.129,20.099,20.325,18.511,20.076,21.011,18.960,20.632,18.581,18.331,20.442,18.395,20.209,19.732,19.529,20.654,19.662,20.360,17.447,20.585,21.311,20.342,19.285,21.309,19.279,20.595,19.668,18.654,21.155,20.323,19.505,20.717,20.293,20.821,19.784,20.405,20.009,19.379,20.453,19.598,20.489,19.983,21.837,19.855,18.497,19.044,22.004,19.712,19.641,20.256,19.825,20.735,21.073,19.669,22.367,18.856,20.118,20.022,20.806,19.168,18.302,18.605,20.126,21.205,18.113,20.196,20.657,19.695,19.780,19.998,20.438,20.731,20.281,19.631,20.228,21.035
PC(P-18:1/18:1),19.313,20.968,19.386,18.358,19.028,18.804,18.105,19.170,20.543,22.551,23.288,17.530,18.928,17.527,17.211,20.238,20.629,21.778,20.283,17.929,17.997,19.905,22.333,21.823,20.958,20.551,18.687,22.454,17.769,20.829,19.096,19.346,18.451,18.525,19.238,19.501,20.573,19.257,20.123,18.941,19.521,21.290,18.424,18.382,20.170,19.556,20.653,18.993,22.179,18.332,22.782,21.345,22.019,21.151,18.034,17.697,23.029,20.498,22.453,17.195,21.181,20.526,20.459,18.492,19.969,21.579,20.673,19.336,18.887,20.794,19.148,18.596,22.658,23.076,21.920,20.435,19.084,20.196,21.972,21.666,21.504,23.391,22.120,22.963,23.104,23.146,23.357
SM(d16:1/16:0);SM(d18:1/14:0),20.288,20.469,20.146,20.341,19.734,19.392,20.711,18.272,19.729,19.658,20.734,21.076,21.576,20.374,21.077,19.738,20.431,20.468,19.575,20.537,21.170,18.837,22.110,19.993,19.747,20.644,21.119,22.032,20.194,20.618,19.761,19.293,19.737,20.778,20.200,20.962,20.052,20.168,20.925,20.045,20.299,20.740,19.730,20.583,20.461,20.100,20.437,18.351,19.318,20.425,20.267,19.603,20.028,20.352,19.895,19.553,21.858,20.047,20.136,19.523,19.341,20.080,19.933,18.715,19.969,19.994,20.379,20.719,20.433,20.070,19.332,20.832,21.061,19.555,21.192,20.793,19.371,18.590,20.651,19.795,19.467,20.061,19.843,19.720,20.288,20.147,19.953
SM(d17:1/16:0),20.763,21.095,20.605,20.468,20.973,20.272,21.475,18.711,20.674,20.686,21.251,21.679,21.466,21.288,21.782,20.579,21.509,20.753,20.898,20.768,21.049,19.144,22.769,20.692,20.356,21.220,21.953,22.818,20.909,20.666,20.761,19.961,21.149,21.236,20.865,21.353,20.562,21.300,20.709,20.559,21.652,20.904,21.029,20.642,21.507,20.508,22.096,19.634,20.204,21.586,21.103,20.883,21.154,21.238,19.947,20.370,22.007,19.946,20.800,20.541,20.434,20.455,20.566,19.834,20.617,21.177,20.681,20.941,20.927,20.994,19.919,21.150,22.482,20.808,21.732,21.029,20.121,19.545,22.025,20.356,19.490,20.024,20.480,20.480,20.458,19.827,20.186
SM(d17:1/24:1);SM(d18:1/23:1),20.811,21.302,20.571,20.603,20.038,19.225,20.737,18.459,21.233,23.381,23.659,21.066,21.918,20.525,20.466,21.131,20.382,21.814,20.817,20.592,20.930,20.222,23.534,21.776,21.816,21.944,20.924,22.939,20.827,22.024,19.926,20.550,20.393,21.524,20.849,21.238,20.576,21.331,20.555,20.737,20.975,21.332,20.753,20.272,20.346,20.923,21.303,20.313,21.681,21.350,22.625,21.615,22.698,20.804,19.992,20.148,23.076,20.903,22.836,19.817,21.760,21.057,21.213,19.768,20.424,20.758,22.014,20.969,20.346,20.445,19.917,21.321,23.252,22.642,21.552,21.310,20.466,20.604,22.091,22.222,22.379,23.663,22.882,23.967,24.508,24.062,23.701
SM(d18:0/18:0),22.682,21.521,21.813,21.389,20.592,22.044,19.898,21.197,22.313,22.425,23.808,22.756,23.022,22.790,22.438,23.213,22.759,21.893,22.548,21.199,24.002,21.915,23.676,21.392,21.371,23.464,22.523,22.757,22.627,21.178,21.796,21.739,21.156,22.212,20.637,22.165,20.912,22.172,22.665,20.324,23.292,19.716,21.371,21.124,22.226,22.260,22.768,21.585,20.327,22.389,22.730,23.230,24.083,23.032,21.135,20.592,23.015,21.941,22.167,21.978,22.415,22.489,23.069,21.163,22.665,20.221,23.461,22.200,23.209,20.744,21.525,23.731,22.725,21.289,19.239,21.238,21.966,22.004,23.966,23.033,23.765,24.026,24.068,23.595,23.701,23.834,24.611
SM(d18:0/20:0),18.738,19.394,19.599,18.428,18.716,17.945,17.595,17.875,20.487,20.924,22.265,20.251,20.595,19.277,19.419,20.154,19.541,19.524,19.659,19.077,20.334,19.392,19.936,18.741,17.950,19.731,19.725,20.514,19.322,18.357,19.764,18.795,18.506,19.365,17.821,19.552,18.150,19.731,19.366,17.806,19.902,17.026,18.996,18.603,19.079,18.419,20.327,19.300,17.150,19.987,21.441,20.327,21.974,20.012,18.569,17.163,19.765,19.527,20.116,18.739,18.780,20.801,21.498,18.999,20.771,17.774,20.764,18.692,20.492,18.156,19.101,20.607,20.695,18.792,17.467,18.895,18.894,19.960,22.015,21.271,22.958,23.353,23.627,23.106,22.896,23.080,24.535
SM(d18:0/24:1),20.949,21.112,19.368,20.524,20.264,19.438,20.054,20.348,21.508,23.203,23.747,21.927,21.790,21.509,20.952,20.265,21.027,22.160,20.915,21.499,22.022,20.916,22.925,22.059,21.832,22.748,20.619,23.113,22.032,22.390,19.867,20.973,20.494,21.732,20.657,22.044,20.940,21.462,22.519,20.479,22.112,21.032,21.118,21.743,20.451,21.509,20.808,20.242,22.149,21.875,22.728,22.194,22.856,21.060,20.518,20.773,23.206,20.716,23.323,21.441,22.031,20.931,21.150,20.370,20.724,20.867,22.671,22.555,20.758,20.805,20.698,21.066,23.070,22.838,20.825,21.237,20.673,21.133,22.224,22.678,22.288,23.440,22.983,23.425,24.733,24.726,24.094
SM(d18:1/16:0)_A,18.154,17.650,17.361,18.520,18.035,17.743,18.582,15.544,17.288,16.879,17.680,18.376,19.120,17.740,18.632,17.451,17.775,17.447,17.269,17.783,18.187,15.683,19.036,17.761,16.947,18.282,18.744,19.943,17.157,17.879,17.105,17.185,17.369,18.801,18.466,18.669,17.680,18.066,17.750,17.576,17.653,17.994,17.541,17.345,17.413,17.401,17.843,15.455,16.627,18.604,17.152,17.182,17.462,17.718,17.446,16.820,18.445,16.909,17.398,16.705,16.641,16.823,17.340,16.089,17.041,17.975,16.933,18.008,17.826,17.556,15.900,18.179,18.848,17.253,18.113,17.914,16.731,16.183,17.670,16.799,15.345,16.326,16.652,16.471,16.765,16.495,16.071
SM(d18:1/16:0)_B,25.335,24.136,24.450,24.636,24.766,24.414,24.799,23.271,24.114,24.099,25.068,25.502,25.852,24.996,24.843,24.655,24.988,24.516,24.772,24.494,25.357,23.527,26.230,24.452,23.872,24.665,25.453,25.396,24.528,24.660,24.155,24.230,24.277,25.165,24.336,24.799,24.616,24.668,25.136,24.590,25.062,24.057,24.334,24.498,25.963,24.880,25.396,24.114,23.607,25.032,24.395,25.058,24.597,25.114,24.745,24.785,25.605,24.451,24.266,24.925,24.385,24.774,24.798,24.353,24.503,25.310,25.375,25.001,24.785,25.045,24.127,25.572,25.346,24.107,25.477,25.143,24.421,23.813,25.251,24.584,23.854,24.840,24.382,24.540,24.686,24.343,24.291
SM(d18:1/18:0),25.863,24.599,25.465,24.777,24.348,25.398,24.052,23.526,25.395,25.560,26.715,24.996,26.280,25.565,24.809,26.003,25.590,25.258,25.799,23.996,26.049,24.451,26.179,24.951,24.933,25.398,25.914,25.508,25.139,24.403,25.018,24.957,24.581,24.877,24.383,25.167,24.379,25.281,24.394,24.912,25.673,23.953,24.297,24.512,26.104,25.429,25.854,25.346,24.128,25.299,25.564,25.922,26.373,25.991,24.424,23.886,25.574,25.140,25.144,25.405,25.105,25.786,26.040,24.882,25.540,25.563,26.314,25.035,25.627,24.401,24.940,26.245,25.489,24.752,23.832,24.617,24.868,24.876,26.206,25.739,26.242,26.675,26.576,26.389,26.424,26.534,26.815
SM(d18:1/20:0),21.911,22.569,23.153,21.699,21.991,21.884,21.624,20.122,23.090,23.865,25.181,23.268,23.550,22.181,22.119,23.562,22.179,22.961,23.322,21.975,23.466,22.503,23.454,21.996,21.544,22.546,22.754,23.219,22.154,21.313,22.792,22.216,22.014,22.630,21.646,23.064,21.521,22.620,22.105,21.460,22.185,21.428,22.238,21.657,23.000,22.156,23.592,22.862,20.650,22.677,24.374,23.861,25.172,22.906,21.462,21.209,23.056,23.108,22.613,21.960,22.304,24.450,24.730,22.086,23.841,21.997,23.915,21.501,23.836,21.524,22.759,23.985,23.110,22.145,22.113,21.644,22.104,22.959,25.001,24.709,25.721,25.910,25.666,25.556,25.208,25.254,25.994
SM(d18:1/22:0),23.571,22.819,23.713,23.488,23.310,23.029,23.481,22.622,22.683,23.105,23.879,25.074,24.562,23.649,23.294,23.440,22.881,23.440,23.339,23.807,24.633,22.732,23.908,22.498,21.917,23.341,23.829,23.825,23.641,22.770,22.685,23.404,23.117,23.794,22.806,23.457,22.726,22.890,23.512,23.615,23.069,22.481,23.402,22.727,24.548,22.974,23.310,22.578,21.934,23.451,23.211,23.542,23.715,23.905,23.191,22.568,23.886,23.072,22.793,23.542,22.894,22.960,23.129,22.953,22.929,23.334,24.136,23.101,23.500,23.338,22.914,24.799,23.207,22.458,23.872,23.601,22.703,23.003,23.649,23.405,23.527,23.777,23.870,23.825,24.093,23.712,24.080
SM(d18:1/22:1),20.375,20.061,20.171,19.991,19.890,18.618,20.358,17.946,19.608,21.204,22.105,20.868,21.489,20.439,20.235,19.987,20.242,20.884,19.936,20.798,21.258,19.101,23.030,20.584,20.276,21.017,20.666,21.659,20.057,20.756,19.060,20.022,19.640,21.468,20.078,20.995,19.850,20.127,20.300,19.989,20.166,20.654,19.983,20.702,19.986,20.593,19.828,18.747,20.254,21.152,20.544,20.365,20.997,20.365,20.275,19.663,21.889,19.720,21.023,19.502,20.325,20.473,20.144,19.281,19.370,20.021,21.888,20.137,19.707,20.101,19.150,20.618,21.239,20.852,21.578,19.983,19.147,19.281,20.207,20.600,20.244,21.761,20.268,21.628,22.078,22.150,20.892
SM(d18:1/23:0),21.967,22.664,22.228,21.728,21.333,20.416,21.662,20.016,22.239,23.472,23.928,22.868,22.104,22.069,22.042,22.052,21.079,23.236,22.102,21.606,22.102,21.962,24.283,22.501,22.283,22.735,21.658,23.618,21.962,23.883,21.318,21.916,21.732,21.974,21.458,21.786,20.561,21.491,20.928,22.289,21.430,22.494,22.667,20.915,22.305,21.911,22.719,22.329,22.328,21.216,23.380,22.202,23.404,21.538,20.897,21.500,24.003,22.506,23.383,21.422,22.945,21.791,22.265,21.425,21.883,21.671,22.701,22.159,21.981,21.739,21.679,23.090,23.665,23.363,22.401,22.568,21.833,22.042,23.181,22.859,23.164,23.847,23.614,24.108,24.702,24.278,23.960
SM(d18:1/24:0),23.848,23.585,23.892,24.000,23.377,23.475,23.931,22.594,23.429,24.462,25.238,25.708,25.023,23.692,23.573,23.752,22.979,24.434,23.784,24.274,24.996,23.304,25.396,23.734,23.377,24.230,24.184,24.911,24.098,24.016,23.094,23.690,23.363,24.379,23.344,23.745,23.043,23.060,23.770,24.317,23.191,23.347,23.925,23.054,25.002,23.550,23.514,23.026,23.234,23.257,24.467,24.033,24.463,24.028,23.557,22.939,25.204,23.532,24.689,23.740,24.244,23.331,23.565,23.108,23.419,23.629,24.237,23.831,24.033,24.107,23.700,25.076,24.834,24.586,24.403,24.183,23.150,23.552,24.431,24.299,24.258,25.038,24.925,25.291,25.823,25.744,25.165
SM(d18:1/24:1),25.074,25.213,24.567,24.899,24.379,23.709,24.682,23.694,25.767,26.870,27.642,25.854,26.473,24.707,24.428,25.063,24.954,25.786,25.246,24.802,25.444,24.795,26.944,25.784,25.521,26.082,25.343,26.567,24.891,26.023,24.316,24.989,24.431,25.405,24.429,25.404,24.586,25.294,25.517,24.999,25.152,25.398,24.776,24.639,25.413,25.217,25.586,24.411,25.602,25.474,26.447,26.183,26.937,25.331,24.622,24.710,26.787,25.075,26.440,24.598,25.945,25.351,25.820,24.375,24.888,25.279,26.786,25.066,24.858,24.872,24.227,25.509,26.619,26.100,25.798,24.943,24.993,25.266,26.318,26.274,26.665,27.485,27.099,27.558,27.874,27.684,27.797
SM(d18:1/24:2),22.939,22.239,22.738,23.102,22.804,21.883,23.298,21.314,22.198,23.054,23.502,23.544,24.350,22.660,22.599,22.552,23.107,22.615,22.615,22.769,22.937,21.463,23.499,22.108,22.619,23.110,23.763,23.867,23.025,22.579,21.692,22.831,21.997,23.429,22.406,23.063,22.344,23.066,23.702,22.898,22.653,22.068,22.250,22.446,24.569,23.346,22.984,22.359,22.198,24.547,23.199,23.416,22.708,23.219,22.492,23.061,24.227,22.297,22.701,23.207,23.259,22.429,22.544,22.714,22.268,23.473,24.081,22.931,22.778,23.721,22.394,24.009,23.631,22.838,24.542,23.272,22.514,23.107,23.136,23.467,22.923,22.769,22.881,23.192,23.858,23.592,23.066
SM(d18:1/25:0),19.013,21.435,19.811,19.328,18.293,17.508,18.440,16.947,21.856,22.906,23.788,20.358,19.495,18.734,18.502,20.059,18.394,21.732,21.545,18.669,19.270,21.043,23.368,22.006,21.306,21.741,18.212,22.914,19.181,21.621,19.905,19.515,18.642,19.792,18.062,19.687,17.577,19.569,17.976,19.630,18.384,21.461,20.309,18.062,19.101,19.922,21.048,20.130,21.289,17.636,23.047,21.395,23.087,18.945,17.799,19.240,23.233,20.855,23.348,17.816,21.862,20.657,21.430,18.703,20.712,19.216,21.847,20.088,19.929,18.435,19.944,19.758,23.446,22.981,19.153,19.907,20.485,21.187,22.773,22.693,23.093,23.833,23.640,23.991,24.694,24.288,23.898
SM(d18:1/25:1),19.983,23.232,20.915,19.729,18.944,17.492,18.961,17.760,23.438,25.539,25.901,19.770,20.578,19.533,18.984,21.962,19.366,23.732,22.983,18.516,19.641,22.612,24.309,23.725,23.125,23.271,18.630,24.492,19.793,23.487,21.494,20.842,19.187,20.920,18.579,20.957,18.711,21.371,19.138,20.409,19.671,23.025,21.404,19.618,19.610,21.576,22.849,21.918,23.226,18.153,25.020,23.906,25.015,20.208,18.239,20.529,24.299,22.706,24.821,18.112,23.591,22.720,23.488,20.361,22.520,20.672,23.509,21.051,21.214,18.684,21.118,19.561,25.327,24.530,19.879,19.461,22.214,22.903,24.793,24.618,25.221,25.964,25.580,26.187,26.410,26.148,26.033
SM(d18:1/26:0),18.342,19.725,19.176,18.903,18.024,17.606,18.584,16.542,20.167,20.914,21.768,20.615,20.134,17.658,17.396,18.816,17.674,20.312,20.025,19.291,19.219,19.473,22.404,20.231,19.708,20.387,19.024,21.296,18.360,19.856,18.477,18.739,17.521,19.786,17.585,18.639,17.231,18.265,18.116,18.281,17.645,19.410,19.224,17.560,19.454,18.593,19.165,18.087,19.424,17.104,20.982,19.505,21.313,18.911,18.132,17.525,21.517,19.289,21.354,17.737,20.112,19.252,19.723,17.801,18.950,18.168,20.190,18.952,19.424,18.160,18.683,20.027,21.593,21.161,18.014,18.463,18.668,19.547,21.238,20.811,21.401,22.008,21.766,22.155,22.632,22.602,21.779
SM(d18:1/26:1),19.737,22.513,20.740,19.856,19.270,18.262,19.657,18.070,23.029,24.780,25.353,21.328,21.771,19.308,18.972,21.493,19.967,23.210,22.828,20.007,20.340,22.420,25.265,23.391,22.922,23.495,20.411,24.318,19.818,22.792,21.007,20.566,19.152,21.145,19.196,21.102,19.335,21.019,20.799,19.820,19.796,22.479,20.801,19.689,20.196,21.207,22.074,21.021,22.806,19.656,24.241,22.816,24.736,20.499,19.466,20.290,23.914,22.007,24.500,18.871,23.228,22.212,22.904,20.054,21.724,20.679,23.379,21.037,20.909,19.629,20.901,20.413,24.776,24.007,20.156,19.558,21.400,22.651,24.267,24.068,24.712,25.587,25.153,25.663,26.114,25.956,25.485
SM(d18:2/14:0),15.101,15.881,15.875,15.640,15.352,15.018,14.585,13.065,15.682,15.260,16.486,16.509,16.576,15.136,16.260,15.256,15.474,15.285,15.107,15.345,15.855,14.298,16.253,15.484,15.880,15.919,16.770,18.009,15.307,15.165,15.905,14.927,14.780,15.527,15.130,16.120,15.342,16.022,16.503,15.866,15.558,15.577,14.567,15.048,15.812,15.564,15.559,14.713,15.277,17.434,16.203,15.262,16.030,15.837,13.853,15.390,17.287,15.922,15.779,14.854,14.929,15.083,16.114,14.200,15.544,16.247,16.418,15.271,16.094,15.597,14.577,16.924,17.446,15.068,16.302,17.324,15.153,14.179,17.681,16.025,15.233,16.307,16.048,16.424,16.136,15.596,15.806
SM(d18:2/16:0)_A,20.663,21.188,20.767,20.497,21.053,20.316,20.876,18.799,20.936,19.846,21.022,21.631,21.863,20.642,21.442,20.800,21.606,20.972,20.559,20.519,21.219,19.740,22.019,20.973,21.117,21.120,21.984,22.619,21.042,21.192,20.954,20.239,20.383,21.601,20.589,21.281,20.935,21.268,21.758,21.351,21.040,21.049,20.351,20.763,21.885,21.405,22.176,20.660,20.663,22.385,21.428,20.939,20.627,21.287,20.205,21.139,23.108,21.133,20.968,21.060,21.180,20.877,21.294,20.052,21.167,21.795,21.886,21.562,21.266,21.650,20.556,22.061,22.535,21.141,21.980,22.393,20.803,20.497,22.544,21.172,19.253,19.574,19.454,19.407,20.045,NA,19.315
SM(d18:2/16:0)_B,17.643,18.061,17.740,17.604,17.498,17.159,17.721,15.132,17.830,17.257,18.073,18.460,18.853,17.612,18.195,17.761,18.778,17.608,17.381,17.165,18.356,16.615,19.121,17.356,17.839,17.969,18.831,19.747,17.702,17.606,17.717,16.838,16.941,18.369,17.493,18.070,17.447,18.030,18.528,17.975,17.855,17.639,17.189,17.382,18.383,17.795,18.556,16.698,17.348,19.579,18.292,17.655,18.696,18.561,16.917,17.297,19.356,17.568,17.944,17.400,17.539,17.510,18.347,16.626,17.661,18.400,18.494,17.989,17.998,18.135,17.019,18.558,19.625,17.473,18.917,18.955,17.075,16.994,19.215,17.875,16.809,17.678,18.496,17.318,17.760,NA,17.926
SM(d18:2/18:0)_A,23.737,23.319,24.166,22.889,22.828,23.734,21.868,20.837,24.290,23.842,24.833,23.077,24.350,23.486,23.140,24.293,24.603,23.101,24.288,21.070,23.826,22.901,24.006,22.983,24.027,23.773,24.803,24.569,23.471,21.559,24.284,23.230,22.706,23.259,23.192,23.540,22.999,23.879,21.980,23.287,24.217,21.843,22.313,22.408,24.304,23.569,24.189,23.715,22.661,24.307,24.138,24.351,25.002,24.703,22.115,22.848,23.848,23.824,23.524,23.542,23.269,24.001,25.046,22.846,23.741,24.306,24.447,22.894,23.912,23.016,23.215,24.081,24.792,23.261,22.418,23.573,23.188,23.514,24.935,24.411,23.908,24.603,24.881,24.762,24.748,24.571,25.177
SM(d18:2/18:0)_B,20.282,19.759,20.764,NA,19.267,20.033,18.330,17.588,20.704,21.581,22.489,19.529,21.031,19.852,19.369,21.323,21.200,20.210,21.005,17.742,20.866,19.629,22.118,20.048,21.238,20.535,21.464,21.618,20.126,NA,20.786,19.668,19.066,19.877,NA,20.088,19.086,20.536,18.668,19.929,20.853,18.727,18.940,18.926,20.652,20.077,20.606,20.153,19.873,21.058,21.118,21.206,22.757,21.221,18.838,18.906,NA,NA,21.042,19.808,20.043,NA,21.976,19.361,20.502,20.359,21.088,NA,20.413,19.533,19.756,20.427,21.177,20.468,18.837,19.641,19.517,20.087,21.678,21.263,21.591,22.355,22.513,23.040,22.608,NA,23.086
SM(d18:2/22:0),21.152,20.863,22.078,21.260,21.353,21.092,21.113,19.621,20.433,20.488,21.152,22.481,21.994,21.296,21.325,20.740,21.222,20.931,20.670,21.041,21.807,20.482,20.944,20.308,19.817,20.956,22.220,21.953,21.747,20.440,20.899,20.921,20.851,22.051,21.108,21.349,20.803,21.145,20.922,21.756,20.759,20.552,21.038,20.350,22.169,21.069,21.046,20.750,19.810,22.144,20.874,20.649,20.765,21.715,20.662,21.186,21.342,20.904,20.349,21.229,20.647,20.474,21.253,21.134,21.160,21.989,21.982,20.467,21.528,21.823,20.651,22.849,20.973,19.916,22.113,21.874,20.575,21.016,21.544,20.820,20.284,20.163,20.538,20.756,20.916,20.727,20.748
SM(d18:2/23:0),19.577,20.331,20.571,19.808,19.471,18.317,19.444,17.714,19.857,20.736,21.172,20.594,20.060,20.192,20.239,19.797,19.104,20.445,19.475,19.419,19.534,19.413,21.416,19.616,20.345,19.911,20.165,21.237,20.176,20.736,19.546,19.381,19.802,20.351,19.757,19.806,19.062,19.491,18.716,20.511,19.239,20.457,20.246,18.590,19.860,19.848,20.123,20.313,20.044,20.347,20.766,19.441,20.954,19.625,18.669,20.148,21.342,20.316,20.711,19.301,20.364,19.700,20.282,19.768,19.857,19.961,20.944,19.442,20.034,19.879,19.429,21.321,21.266,20.420,20.695,21.310,19.442,19.830,20.791,20.315,20.496,21.382,20.809,21.546,22.139,21.266,21.304
SM(d34:0),22.912,21.576,21.260,22.215,21.517,22.231,21.358,21.284,21.223,21.725,23.104,23.813,23.439,22.971,22.880,22.144,23.063,22.624,22.257,22.511,24.077,21.662,25.016,22.047,21.180,22.894,22.752,22.615,23.027,22.349,21.377,22.130,21.793,23.304,21.878,22.496,22.593,22.217,24.002,21.953,23.587,21.345,22.531,22.515,22.705,22.688,22.995,21.158,20.559,22.583,21.766,22.897,22.763,22.711,22.708,22.033,23.867,22.206,21.800,22.615,22.025,22.473,22.324,22.199,22.271,21.766,24.049,22.612,22.540,22.629,21.796,23.590,23.207,21.568,21.624,22.250,22.421,21.517,22.901,22.493,21.207,22.006,21.901,22.239,21.985,22.257,22.432
SM(d42:0),19.438,19.553,18.556,19.540,19.150,18.657,18.863,19.168,19.451,20.751,21.605,21.140,19.704,20.242,19.382,18.917,18.555,20.359,19.178,19.945,21.442,19.660,21.792,20.266,19.679,20.719,18.748,21.195,20.531,20.313,18.480,19.268,19.146,20.095,19.626,19.706,19.194,19.292,19.541,19.898,20.000,19.260,19.857,20.492,19.056,19.330,18.630,19.193,19.317,18.931,20.500,20.118,20.830,19.081,18.799,19.373,21.515,19.228,21.314,20.764,20.260,19.390,19.030,19.422,19.546,18.728,20.119,21.244,19.524,19.454,20.326,19.871,21.032,20.941,18.345,22.167,18.673,19.420,20.587,20.439,20.476,21.403,20.882,21.122,22.556,22.350,21.340
SM(d43:3);SM(d18:2/25:1),17.179,19.181,18.015,17.019,16.453,15.339,16.992,14.748,19.083,20.948,21.807,17.571,17.790,17.615,16.867,18.943,16.302,19.084,18.579,16.346,16.839,18.203,21.268,18.576,18.998,18.451,16.862,20.321,17.586,18.944,17.801,17.310,16.412,17.648,16.314,17.745,16.067,17.873,16.647,18.031,16.863,18.486,17.547,16.400,17.461,17.784,18.856,18.606,18.741,16.995,21.070,20.036,20.960,17.210,15.923,17.379,20.306,18.982,20.522,16.161,19.498,19.185,19.457,17.076,18.705,17.250,19.771,17.231,18.090,16.722,17.656,17.869,21.262,20.141,17.472,17.800,18.219,19.261,20.703,20.933,21.057,21.780,21.450,22.040,22.561,21.756,22.055
TG(10:0/16:0/20:4),14.704,16.345,13.683,17.082,16.543,16.424,16.213,15.659,14.469,13.406,12.788,15.905,13.683,16.486,14.991,14.167,16.955,13.799,11.913,16.472,14.861,16.159,12.874,16.145,14.803,15.158,15.075,13.046,16.662,14.055,15.111,16.113,17.482,16.141,17.202,15.026,16.398,16.466,15.736,15.218,16.245,16.773,17.574,17.411,13.887,14.450,14.249,14.075,15.683,14.620,12.566,13.387,12.974,15.192,17.393,17.852,13.932,15.968,15.255,14.928,15.690,15.596,12.315,16.985,16.634,16.102,15.894,14.219,16.101,16.124,17.444,13.404,13.284,16.420,16.886,18.717,13.714,16.054,12.577,14.635,13.628,13.038,12.916,12.963,12.989,13.512,13.454
TG(12:0/18:2/22:6),13.891,15.303,13.888,15.439,15.420,16.014,15.386,13.784,13.173,12.455,NA,14.682,13.354,14.680,13.493,13.922,15.467,13.638,11.948,15.125,14.550,15.335,NA,14.426,14.311,14.072,13.599,11.575,15.356,12.641,14.564,15.491,15.967,14.542,16.784,14.369,15.193,15.664,14.010,13.883,14.746,15.827,16.324,17.016,13.344,14.130,13.128,11.815,14.628,14.208,NA,12.103,12.775,14.389,17.046,16.400,NA,14.157,13.759,14.350,14.447,13.752,11.306,16.471,15.549,13.788,13.835,13.537,14.983,16.904,16.636,13.900,NA,15.395,15.844,14.901,12.735,15.369,NA,13.319,14.230,NA,NA,NA,NA,NA,NA
TG(14:0/16:0/16:0),20.334,19.229,18.794,19.379,20.215,20.146,18.740,20.951,18.679,18.889,18.215,20.334,18.445,21.068,20.390,19.244,19.632,19.743,19.501,20.424,19.509,19.366,18.484,19.713,18.397,18.654,19.822,18.093,20.012,17.674,19.572,19.999,19.868,19.615,19.229,19.529,19.414,20.070,19.544,19.732,19.508,19.595,19.802,19.137,19.080,19.359,18.435,19.742,19.122,19.229,18.248,18.623,18.057,20.122,19.791,20.198,18.237,19.690,19.113,19.601,19.239,20.728,18.368,19.845,20.174,19.670,18.474,19.324,19.841,19.006,19.117,18.419,16.541,18.702,19.027,23.098,19.442,19.124,18.012,20.097,16.700,17.837,16.214,16.611,16.727,16.523,16.020
TG(14:0/16:0/20:4),20.170,20.388,19.179,20.076,20.320,21.148,20.234,20.583,18.473,17.818,16.387,20.528,18.820,20.732,19.949,19.270,20.609,18.425,17.847,21.069,19.836,20.352,17.306,19.548,18.506,18.920,19.572,17.361,20.249,18.350,20.283,20.490,20.381,20.052,20.560,19.299,20.117,20.534,18.397,19.356,19.644,20.097,20.889,20.206,18.226,19.627,17.603,19.273,19.306,18.529,17.099,18.037,17.349,19.583,21.537,21.172,16.866,20.126,18.901,19.274,19.271,19.709,17.452,20.831,20.328,18.994,17.811,18.826,20.087,20.437,21.086,18.459,16.116,19.425,19.591,22.011,18.896,19.555,17.250,18.064,17.659,16.792,15.200,16.887,15.244,16.623,15.445
TG(14:0/18:1/18:1);TG(16:0/16:1/18:1),23.087,22.407,22.354,22.820,22.991,23.171,23.156,23.051,22.043,21.658,20.708,22.679,22.911,22.492,22.324,22.046,22.865,22.541,22.251,23.420,22.361,22.225,21.842,22.124,21.733,22.359,22.805,20.793,22.501,22.028,22.608,23.319,22.814,22.973,22.950,22.468,22.945,22.921,22.792,22.758,22.638,22.628,22.252,23.457,23.304,22.436,22.110,22.353,22.312,22.995,21.143,22.104,20.683,22.935,23.475,23.754,21.428,22.106,21.952,22.996,22.612,22.926,21.342,23.103,22.283,22.790,21.701,22.857,22.723,23.073,23.136,22.788,20.360,21.695,22.999,22.192,22.915,22.580,20.785,22.497,21.347,20.660,19.128,19.312,19.698,20.107,18.866
TG(14:0/20:4/20:4);TG(14:0/18:2/22:6),17.747,18.705,17.342,18.227,18.326,19.553,18.435,17.506,16.004,15.606,14.205,17.999,17.669,17.886,16.841,17.216,18.483,16.540,16.064,18.870,17.624,18.297,16.304,17.599,16.838,17.226,16.949,14.886,18.353,15.801,17.928,18.831,18.205,17.998,19.298,17.276,18.095,18.611,16.775,17.510,17.666,18.225,18.849,19.316,16.749,17.702,16.044,16.371,17.253,17.519,15.289,15.818,15.617,17.722,20.240,19.029,14.488,17.711,16.836,17.357,17.370,17.520,15.587,19.039,18.295,16.580,16.639,17.500,17.585,19.221,19.523,17.258,14.214,18.128,17.666,17.108,16.827,18.659,14.897,17.673,17.609,14.907,14.313,14.529,11.822,NA,13.600
TG(14:0/20:4/22:6),16.469,17.391,15.529,17.005,17.113,18.607,16.956,16.370,14.781,14.752,NA,16.030,14.949,16.621,15.694,15.994,17.150,15.026,13.734,17.186,15.679,17.336,13.251,16.746,15.745,15.534,15.530,12.760,17.460,13.557,16.672,17.570,17.430,16.539,18.404,16.156,17.122,17.372,14.754,16.354,16.519,17.054,17.895,18.211,14.133,16.119,14.160,14.662,15.881,15.152,14.131,14.259,14.525,16.355,18.954,17.170,NA,16.732,15.699,16.095,15.843,15.901,13.971,18.034,17.198,15.128,15.197,14.501,16.839,17.864,18.145,15.193,11.772,16.771,15.919,16.372,15.252,16.961,14.001,14.633,15.633,14.555,13.627,NA,NA,NA,NA
TG(16:0/16:0/16:0),21.345,20.309,20.454,21.108,21.624,21.086,19.637,22.756,19.829,20.506,20.406,21.530,20.186,22.292,21.925,20.805,20.741,21.802,21.620,21.003,20.898,19.913,20.340,21.033,19.661,20.016,22.013,19.982,21.267,19.862,20.168,20.438,20.016,21.198,19.357,20.752,20.116,20.601,21.291,20.428,20.599,19.385,20.456,19.651,21.777,21.041,20.767,21.205,20.374,20.557,20.640,20.803,20.310,21.565,21.279,21.785,20.646,21.027,20.560,21.953,20.835,22.227,20.357,20.961,21.532,21.224,20.504,21.026,20.979,19.991,19.581,20.146,19.333,19.782,20.855,22.804,21.450,20.789,20.170,21.630,18.238,19.225,17.908,18.058,18.336,18.064,17.972
TG(16:0/16:0/17:0),18.159,17.540,16.604,18.320,17.924,18.614,16.902,18.457,16.675,17.614,16.637,17.122,16.926,18.740,18.190,16.953,17.571,18.902,17.754,17.317,16.421,16.939,15.828,18.093,16.937,16.987,17.827,16.688,18.204,17.905,16.867,16.992,17.396,17.865,16.564,16.805,17.625,16.644,17.925,17.006,18.014,16.815,17.247,16.908,18.074,17.151,17.974,17.792,17.510,17.349,17.106,17.301,16.564,18.081,17.646,18.196,17.527,18.242,17.842,18.270,17.971,18.247,17.209,17.531,18.224,17.740,16.407,18.720,16.841,16.834,16.306,16.478,15.835,16.938,17.660,18.196,18.015,17.326,16.345,16.235,14.520,14.902,14.232,14.608,14.797,14.486,14.681
TG(16:0/16:0/18:0),20.413,20.246,20.640,21.440,21.874,21.085,19.195,22.509,20.032,20.684,20.653,20.950,20.521,22.024,21.564,20.267,20.276,21.858,21.344,20.279,20.349,19.121,18.869,21.131,19.706,20.118,21.826,20.100,21.544,20.153,19.460,19.671,19.377,21.376,18.791,20.696,19.662,19.887,21.207,19.987,20.670,18.966,19.919,19.073,21.859,20.819,21.305,20.837,20.091,20.618,20.145,20.946,20.773,21.632,21.253,21.580,20.443,21.369,20.223,22.287,21.051,22.121,20.693,20.543,21.953,21.731,20.124,21.730,20.692,19.359,18.804,20.127,19.249,20.117,21.056,21.741,21.516,20.970,20.552,20.560,17.869,18.710,17.929,17.808,18.101,17.792,18.273
TG(16:0/16:0/18:1),23.812,22.951,22.511,23.287,23.232,23.760,23.143,23.957,22.611,22.507,22.017,23.145,22.771,23.335,23.107,22.807,23.722,23.249,22.946,23.731,22.480,23.041,22.335,22.900,22.535,22.695,23.547,21.723,23.254,22.431,23.135,23.845,23.417,23.389,23.109,23.028,23.719,23.395,23.276,23.314,23.165,23.076,22.925,23.573,23.620,23.105,23.033,23.266,23.178,23.384,22.027,22.891,21.790,23.529,23.992,23.931,22.155,22.880,22.672,23.542,22.841,23.576,22.162,23.492,22.741,23.296,22.424,23.101,23.266,23.101,23.240,22.504,21.292,22.491,23.109,22.864,23.527,22.879,21.560,22.524,21.251,21.249,20.161,20.296,20.385,20.633,19.998
TG(16:0/18:0/18:1),23.283,22.525,21.926,22.790,22.966,23.785,23.143,23.442,22.599,22.174,21.407,21.726,22.345,22.825,22.207,22.111,23.526,22.979,22.160,22.827,21.342,22.693,20.305,22.621,22.578,22.695,22.670,21.228,23.125,22.250,22.672,23.203,23.377,23.130,23.174,22.531,23.568,22.876,22.852,22.927,23.152,23.113,22.835,23.680,23.091,22.355,22.673,22.931,22.613,23.306,21.081,22.471,21.782,22.942,23.768,23.609,21.442,22.809,22.181,23.477,22.649,22.871,21.676,23.478,22.605,23.299,21.559,23.262,22.905,22.915,23.053,21.695,20.752,22.603,22.687,22.082,22.898,22.481,21.028,20.951,19.920,20.206,19.375,19.123,19.444,19.366,19.679
TG(16:0/18:0/18:2);TG(16:0/18:1/18:1),23.616,22.959,22.970,23.813,23.263,23.969,23.634,23.858,22.979,22.930,22.514,23.122,23.925,23.116,22.946,22.730,23.884,23.261,22.916,23.828,22.694,22.854,22.598,22.840,22.975,23.110,23.776,21.935,23.450,23.438,23.165,24.061,23.457,24.302,23.531,23.420,24.111,23.673,23.860,23.446,23.474,23.653,22.910,24.102,24.329,23.645,23.768,22.905,23.265,23.860,21.948,23.178,22.058,23.643,24.424,24.204,22.306,23.188,22.810,23.556,23.018,23.421,22.708,23.561,22.894,23.846,22.820,23.373,23.451,23.695,23.513,24.264,21.747,22.958,23.736,22.192,23.603,23.185,22.064,21.961,22.391,21.735,21.042,20.869,21.348,21.767,21.040
TG(16:0/18:0/20:4),22.550,22.039,21.481,22.086,22.234,23.227,22.691,22.479,21.375,20.601,19.204,21.594,20.577,22.767,22.127,21.120,22.622,21.427,20.707,22.651,20.887,22.090,19.120,22.002,21.183,21.262,21.862,19.676,22.389,20.484,22.198,22.602,22.317,21.956,22.685,21.185,22.270,22.144,20.455,21.629,21.819,22.233,22.668,22.553,21.384,21.680,20.859,21.748,21.578,21.220,19.944,20.772,20.594,21.921,23.248,22.951,20.234,22.061,21.226,22.188,21.682,21.902,20.231,22.992,22.166,21.665,20.575,21.532,22.176,22.661,22.805,20.192,19.369,21.844,21.702,22.179,21.810,21.653,20.053,19.594,19.126,18.695,19.035,18.919,18.159,18.647,19.180
TG(16:0/18:0/22:6),21.240,20.744,20.020,20.674,21.132,22.243,21.078,21.695,20.520,20.280,19.179,19.301,19.802,20.994,20.466,20.311,21.104,20.293,19.687,20.641,19.204,20.963,18.090,21.024,21.289,20.354,20.382,18.758,21.355,18.184,20.811,21.525,21.498,20.138,22.096,20.517,21.579,21.279,19.468,20.701,21.095,21.254,21.246,22.204,19.933,20.950,20.400,20.539,20.880,20.932,19.573,20.244,20.502,21.455,21.624,21.105,19.241,20.893,20.423,20.999,20.832,20.860,20.103,22.354,20.634,20.774,19.416,20.718,21.193,21.651,21.049,18.869,18.629,21.267,20.053,20.160,20.637,21.404,19.156,19.823,18.348,17.684,18.854,18.371,17.495,18.111,18.933
TG(16:0/18:1/20:4),23.513,22.782,22.735,23.287,23.091,24.124,23.101,23.241,22.057,21.814,20.075,22.601,22.562,23.233,22.481,22.191,23.964,22.148,21.292,23.461,22.225,22.854,20.797,22.728,22.042,22.580,23.066,20.732,23.152,21.736,23.062,23.591,22.967,23.453,23.303,22.441,23.386,23.320,22.203,22.538,22.848,23.113,23.183,23.429,22.457,23.128,21.722,22.248,22.107,22.463,21.121,22.028,21.489,22.917,24.417,23.804,21.167,22.907,22.051,22.810,22.371,22.766,21.107,23.574,22.501,22.496,21.782,22.241,22.801,23.315,23.427,22.038,20.692,22.491,22.965,21.902,22.711,22.782,21.241,20.729,22.007,21.172,20.844,21.099,19.718,21.408,20.912
TG(16:0/18:1/22:4),22.186,21.567,21.549,21.736,21.545,22.787,22.396,22.194,21.168,20.212,18.600,21.170,21.349,22.355,21.748,21.271,22.422,20.923,20.254,22.711,21.501,21.585,19.763,21.359,21.714,20.857,21.528,19.807,22.197,21.686,21.717,21.859,22.007,22.437,22.552,21.385,22.155,22.113,21.521,21.864,21.440,22.423,22.164,22.414,21.531,21.986,21.117,21.888,21.260,22.031,19.942,21.052,19.820,21.318,23.370,23.021,20.453,21.667,21.047,22.069,21.760,22.219,20.012,22.656,21.479,21.452,20.714,22.307,21.212,22.571,22.955,21.132,19.649,22.185,22.475,20.990,21.387,21.470,19.207,20.088,19.411,18.555,17.408,18.248,17.626,18.592,17.856
TG(16:0/18:1/22:5);TG(18:1/18:1/20:4),21.934,21.602,21.672,22.035,22.191,22.684,22.887,21.844,20.935,20.223,18.822,21.493,21.759,21.697,21.325,20.818,22.611,21.159,20.294,22.603,21.321,21.343,19.611,21.303,21.416,21.452,21.591,19.776,21.936,21.283,21.556,22.363,21.832,22.564,22.552,21.488,22.211,22.242,22.104,21.563,21.639,22.372,21.954,22.830,22.055,21.938,21.306,21.073,21.028,22.118,19.838,20.909,19.987,21.488,23.475,23.107,20.417,21.482,20.823,22.174,21.620,21.985,20.086,22.539,21.723,21.722,20.840,21.743,21.325,23.101,22.724,21.760,19.671,21.716,22.819,20.686,21.363,21.791,19.814,19.813,21.249,19.935,19.302,19.605,18.608,19.910,19.237
TG(16:0/18:1/23:0),16.425,19.240,14.343,15.276,16.737,15.907,16.431,15.159,17.553,18.614,15.062,13.807,13.105,17.970,15.932,16.879,16.010,18.402,14.132,16.063,14.051,16.908,13.609,17.905,18.682,17.016,13.930,13.856,17.656,18.504,16.004,15.416,17.036,16.129,16.933,15.740,15.992,16.245,14.765,18.264,17.658,19.235,18.252,16.308,14.552,14.935,15.875,18.045,19.454,13.931,17.426,14.624,16.960,14.393,15.608,17.284,15.815,18.426,18.882,15.899,18.466,17.554,14.960,17.648,17.462,16.707,14.683,16.963,16.290,15.209,16.669,13.526,15.475,19.803,14.958,17.755,14.794,17.147,14.658,14.383,12.580,14.795,13.029,13.740,13.528,13.721,15.129
TG(16:0/18:1/23:1),16.817,18.947,14.147,15.422,16.078,16.584,16.933,14.652,17.219,18.167,14.473,13.264,13.358,16.803,15.115,16.362,16.982,17.791,12.958,15.803,13.655,16.789,13.661,17.539,18.759,16.499,13.706,14.202,17.300,19.409,16.000,15.599,16.706,16.024,16.990,15.885,17.006,16.139,15.516,17.621,17.388,19.366,17.736,16.723,14.512,14.686,15.704,17.586,18.947,14.984,16.625,14.653,16.637,14.415,16.314,17.407,15.119,17.947,18.219,15.525,18.012,16.373,13.952,17.176,16.782,16.156,14.419,16.963,15.931,15.744,16.942,13.364,15.204,19.267,15.446,16.910,14.729,16.868,13.991,13.551,11.978,14.723,12.473,13.341,12.841,12.982,13.449
TG(16:0/18:2/18:2),21.698,21.484,21.818,23.777,22.753,22.296,23.235,22.701,21.139,21.146,20.824,21.562,22.396,21.016,21.285,21.176,21.079,21.956,21.435,22.829,21.272,21.252,20.513,20.808,21.102,22.463,22.266,19.297,21.429,22.387,21.355,22.398,21.165,21.924,22.312,21.364,21.165,21.604,21.938,21.293,21.008,22.004,21.233,23.042,23.874,22.667,22.811,21.550,21.594,22.660,21.489,22.258,20.249,21.093,22.251,23.792,21.545,22.273,21.069,22.385,22.505,20.863,19.843,22.989,21.905,23.390,21.219,22.421,22.481,23.154,23.375,24.892,20.344,21.393,23.151,21.328,23.362,23.066,21.603,22.012,21.061,18.267,18.312,17.147,18.731,18.388,18.271
TG(16:0/18:2/20:4);TG(16:1/18:1/20:4),21.918,21.969,21.602,NA,22.378,22.680,22.915,21.718,20.649,19.679,18.290,21.254,21.225,21.264,20.863,20.706,22.113,21.067,20.027,22.718,20.752,21.313,18.878,20.844,20.331,21.334,21.398,19.366,21.552,NA,21.678,22.374,21.549,22.163,NA,21.034,21.686,22.079,20.765,21.100,21.311,22.291,21.793,22.787,21.942,21.752,20.891,20.520,20.924,21.380,19.709,20.529,19.132,21.370,23.503,23.333,NA,NA,20.485,22.052,21.670,NA,19.126,22.596,21.551,21.312,20.380,NA,21.159,23.243,23.180,21.716,19.264,20.974,22.468,20.555,21.404,22.033,19.644,19.714,21.072,19.243,18.375,18.273,17.792,NA,18.169
TG(16:0/20:1/22:6);TG(18:0/18:1/22:6),20.996,20.577,20.171,20.577,20.895,22.318,21.202,21.451,20.430,19.823,18.406,19.589,20.293,20.651,20.449,20.128,21.180,19.969,19.401,21.011,19.421,20.594,17.966,20.787,21.528,20.236,20.227,18.806,21.371,19.026,20.564,21.607,21.160,20.410,21.992,20.766,21.773,21.165,19.883,20.746,21.209,21.368,21.102,22.136,19.922,21.066,20.522,20.114,20.733,21.222,19.039,20.071,19.605,21.146,21.922,21.084,19.284,20.833,20.250,20.704,20.692,20.623,19.422,22.096,20.472,20.960,19.421,20.766,20.875,21.854,21.044,18.592,18.493,21.533,20.868,19.377,20.355,21.335,18.351,18.463,18.680,17.697,18.700,18.347,16.824,17.941,18.476
TG(16:0/20:4/22:6),21.435,21.476,20.180,21.334,21.484,22.724,21.615,20.865,19.939,19.857,17.265,19.549,19.358,20.893,19.599,20.409,21.956,19.722,18.814,21.169,19.399,21.626,17.534,21.135,20.328,20.868,20.594,18.007,21.419,17.817,21.199,22.049,21.215,20.764,22.150,20.269,21.324,21.481,18.789,20.186,20.991,21.191,21.768,22.173,19.646,20.860,19.284,19.105,20.259,20.065,18.944,19.289,19.366,21.090,22.783,21.237,17.916,21.338,19.994,21.080,20.544,20.168,18.616,22.513,20.733,20.108,19.431,20.197,21.113,22.192,21.888,17.986,18.044,20.799,20.625,19.241,20.475,21.421,19.289,18.498,19.849,18.650,19.124,19.036,17.086,19.095,19.366
TG(16:0/20:5/22:6);TG(16:1/20:4/22:6),16.942,17.983,16.805,18.140,17.445,19.093,17.797,16.255,15.430,15.366,NA,16.410,16.847,16.322,15.759,16.622,18.183,15.724,15.105,17.778,16.522,17.987,14.689,16.978,16.388,17.222,16.459,13.572,17.849,14.622,17.400,18.071,17.707,17.178,19.010,16.689,17.909,17.851,15.470,16.771,17.214,17.344,18.442,19.681,16.021,16.994,14.929,14.949,16.199,15.950,15.384,15.586,15.229,16.934,19.934,17.641,13.911,17.211,15.917,16.803,16.349,16.580,14.952,18.622,17.296,15.540,16.045,16.443,17.233,18.516,18.389,15.924,NA,16.940,16.723,15.181,16.476,17.660,14.873,14.914,17.752,17.021,15.041,14.427,NA,15.636,14.735
TG(16:0/22:6/22:6),19.279,19.234,18.632,18.798,19.323,21.081,19.452,19.154,18.367,18.817,17.105,17.317,18.451,17.629,17.260,18.936,19.256,18.318,17.969,18.404,17.766,19.704,17.794,19.767,19.379,19.040,18.777,16.767,19.581,14.781,19.127,20.492,19.420,17.988,21.086,18.788,19.309,20.006,17.759,19.019,19.587,19.451,19.952,21.300,17.994,18.820,18.431,17.589,18.938,19.443,17.801,18.115,18.686,20.267,20.521,18.572,17.028,19.504,18.960,18.798,18.889,18.748,18.334,20.775,18.630,18.554,18.564,19.025,19.366,20.699,19.140,17.536,16.948,19.882,18.373,16.583,18.690,20.464,17.526,18.575,18.670,17.566,17.549,17.672,16.135,17.228,17.441
TG(16:1/18:1/18:1);TG(16:0/18:1/18:2),23.304,22.536,22.933,24.000,23.709,23.821,23.850,23.696,22.745,22.602,22.231,22.710,23.741,22.634,22.603,22.424,22.826,22.968,22.906,23.838,22.382,22.275,22.047,22.355,22.426,23.235,23.537,21.203,22.724,23.381,22.685,23.828,22.916,23.860,23.367,22.806,23.047,23.320,23.544,22.951,22.797,23.347,22.509,24.216,24.680,23.470,23.658,22.467,22.741,23.779,22.275,23.017,21.527,22.967,23.921,24.440,22.417,23.011,22.286,23.514,23.269,22.618,21.894,23.828,22.781,24.090,22.344,23.291,23.486,23.980,23.742,25.183,21.624,22.522,24.015,22.078,23.777,23.712,22.379,22.604,22.388,20.476,20.275,19.418,20.871,20.618,20.108
TG(16:1/18:2/18:2),18.846,19.152,19.468,21.065,18.918,19.703,20.193,19.461,17.998,18.709,17.682,19.383,19.624,18.665,18.465,18.207,18.300,19.495,18.498,20.376,19.133,18.949,17.751,18.407,18.358,20.374,19.088,16.513,19.125,19.166,18.946,20.478,18.799,19.864,20.014,18.897,18.392,18.702,19.083,18.642,18.133,19.203,19.110,19.997,21.126,19.680,20.111,18.987,19.030,19.605,18.881,19.712,17.758,18.597,19.881,21.122,18.791,19.933,18.543,19.359,19.825,18.919,17.153,20.523,19.189,20.930,18.278,19.474,19.958,20.446,21.037,22.808,17.689,19.107,20.468,19.066,21.314,20.634,18.575,19.547,19.006,15.551,15.102,14.655,15.191,15.654,15.501
TG(16:1/18:2/20:4),18.256,19.351,18.671,19.533,19.085,19.429,19.770,17.869,16.824,16.628,14.926,18.747,18.152,18.105,17.504,17.382,18.638,18.264,16.858,19.861,18.250,18.662,16.379,17.954,17.330,18.684,18.087,15.845,18.714,17.620,18.274,19.846,18.804,19.103,19.968,18.223,18.534,19.003,17.811,18.426,17.956,19.184,19.053,20.776,18.862,18.238,17.948,17.175,17.768,18.097,16.814,17.889,16.260,18.128,20.779,20.360,16.783,18.299,17.331,18.593,18.445,17.831,15.878,19.506,18.642,18.790,17.962,17.982,18.190,20.261,20.572,20.320,16.232,17.986,19.494,17.718,19.092,19.238,16.757,17.110,18.576,16.055,15.118,15.088,14.194,15.631,14.565
TG(16:1/20:5/22:6),12.611,14.518,12.915,13.648,14.327,14.728,14.606,12.331,11.344,13.618,NA,12.817,13.130,12.464,11.584,12.866,13.538,12.187,11.181,14.215,13.324,14.045,NA,13.085,12.316,13.104,12.172,NA,13.292,NA,13.090,14.489,14.044,13.608,15.627,12.719,13.196,14.220,12.091,13.234,13.038,14.051,14.852,16.193,12.471,12.900,NA,NA,12.563,12.480,NA,NA,NA,14.152,15.487,14.121,NA,13.236,12.315,12.971,12.551,12.449,11.450,14.907,13.817,11.891,13.625,12.704,13.820,15.796,15.444,13.289,NA,13.786,13.947,NA,11.596,14.400,NA,11.394,14.239,NA,NA,NA,NA,NA,NA
TG(17:1/18:1/18:2),17.575,17.262,16.806,18.532,16.966,18.036,18.334,16.976,16.464,16.785,15.777,16.710,17.568,16.837,16.808,16.851,16.414,17.432,16.467,18.112,16.680,16.592,15.990,16.723,17.039,17.440,16.851,15.445,17.178,19.202,16.737,17.272,17.030,17.336,18.123,16.572,17.570,16.821,17.338,17.247,17.156,18.402,17.425,17.982,18.475,17.226,17.922,17.067,17.329,17.664,16.394,17.457,15.485,16.718,17.471,18.241,16.896,17.233,16.955,17.016,17.559,16.304,15.537,17.702,16.920,17.881,16.035,17.946,17.148,18.149,17.774,19.657,15.753,17.269,18.216,16.041,18.046,17.297,16.261,16.110,16.136,14.045,14.144,13.498,13.460,13.674,13.311
TG(18:0/18:1/18:1);TG(16:0/18:1/20:1),21.995,21.551,21.162,21.900,21.809,22.694,22.736,22.184,21.611,21.071,20.152,20.755,21.927,21.413,21.253,20.869,22.810,21.895,20.783,22.045,20.539,21.396,19.658,21.500,22.204,21.681,21.405,20.356,22.209,22.617,21.660,22.259,22.320,22.701,22.633,22.027,23.118,22.204,22.353,22.028,22.305,22.694,21.829,23.138,22.620,21.870,21.922,21.427,21.873,22.816,20.023,21.469,20.584,21.704,23.194,22.741,20.650,21.825,21.431,22.412,21.830,21.941,20.652,22.412,21.426,22.554,21.002,22.516,21.717,22.568,22.406,21.920,19.900,22.236,22.663,20.710,21.713,21.670,19.675,19.268,19.535,19.379,18.510,18.508,18.695,19.088,18.735
TG(18:0/18:1/22:4),20.823,20.631,19.919,20.427,20.011,21.827,21.508,21.946,20.321,18.999,17.308,19.320,19.601,21.282,20.993,19.959,21.491,20.084,19.132,21.479,20.006,20.402,17.252,20.515,21.071,19.685,20.103,18.240,21.323,20.838,20.687,20.724,21.263,21.055,21.640,20.314,21.480,20.588,20.212,20.562,20.576,21.532,21.012,21.595,20.084,20.753,20.394,20.862,20.618,21.029,18.582,19.522,18.666,19.955,22.316,21.688,19.404,20.533,19.917,21.028,20.806,21.140,18.837,21.889,20.402,20.606,19.344,21.163,20.510,21.384,21.894,18.711,18.154,21.568,21.406,19.679,20.474,20.477,17.692,17.842,16.879,16.535,16.814,17.108,15.953,16.998,16.843
TG(18:0/18:1/22:5);TG(18:0/18:0/22:6),19.252,18.577,17.906,18.690,18.713,20.302,19.335,20.511,18.890,17.622,16.675,16.811,17.709,19.059,18.503,17.900,19.019,18.146,17.631,18.784,16.923,18.821,15.353,19.037,19.637,18.521,18.140,16.585,19.554,17.289,18.509,19.541,19.363,18.103,20.016,18.340,19.700,18.856,17.403,18.758,19.090,19.477,19.580,20.405,18.042,18.883,18.579,18.563,19.073,18.472,17.148,18.307,17.718,19.151,19.954,18.838,17.570,19.085,18.187,18.724,18.822,18.364,17.796,20.850,18.763,19.340,17.300,19.160,19.346,19.714,19.089,15.768,15.986,19.555,18.626,18.031,18.753,19.351,16.195,16.580,15.586,15.059,17.221,16.185,15.124,16.232,17.062
TG(18:0/20:4/22:4),20.306,19.814,19.364,20.066,19.723,21.364,21.196,21.216,19.740,18.471,16.887,19.350,18.685,21.062,20.798,19.281,20.804,18.595,17.997,21.118,19.124,19.961,16.459,19.513,20.054,19.043,19.542,17.542,20.679,19.204,19.959,20.132,20.293,20.696,20.585,19.357,20.457,19.999,18.980,19.613,19.773,20.377,20.742,20.237,19.080,20.443,19.188,19.891,19.374,20.084,18.263,18.716,18.155,19.219,21.702,21.173,18.313,20.184,18.942,20.066,19.882,19.862,18.063,20.976,20.096,19.366,18.394,19.734,19.669,21.219,20.996,18.575,17.517,20.702,20.780,20.005,19.207,19.722,17.753,17.103,18.120,17.439,18.741,18.809,16.338,18.111,19.117
TG(18:0/20:4/22:6),20.287,20.105,19.797,20.533,20.921,22.032,21.278,20.992,19.590,19.107,17.686,19.142,19.401,20.333,19.767,19.405,20.941,18.894,18.539,20.346,18.362,20.510,17.136,20.387,20.268,19.224,19.990,17.692,20.921,17.047,20.044,21.208,20.700,19.896,21.468,19.729,21.008,20.448,18.831,19.879,20.443,20.641,21.351,21.385,19.143,20.213,19.286,19.075,19.655,19.351,18.795,19.076,19.674,20.233,21.945,20.194,17.731,20.742,19.216,20.207,19.955,19.619,18.959,21.622,20.232,20.135,19.090,19.826,20.406,21.756,20.540,17.160,17.573,20.476,20.361,18.628,19.551,20.676,18.894,18.476,19.973,18.892,20.629,20.134,16.978,19.647,20.427
TG(18:0/22:4/22:6),18.785,18.185,17.832,18.471,18.287,20.084,19.536,20.066,18.331,17.317,16.049,17.150,16.901,19.363,19.005,18.003,18.701,17.381,16.941,19.124,17.450,18.358,15.055,18.502,19.215,17.255,18.015,15.859,19.236,16.572,18.159,18.831,19.328,18.357,19.783,17.651,19.220,18.530,17.167,18.429,18.099,19.173,19.366,19.389,17.540,18.947,18.094,18.026,18.170,18.285,16.298,17.552,17.541,18.061,20.272,18.839,16.747,18.665,17.598,18.495,18.481,18.173,17.420,19.944,18.808,18.119,17.016,18.733,18.680,19.980,19.176,15.634,16.087,19.775,18.893,18.027,18.151,18.731,16.473,16.711,15.838,15.852,16.852,16.885,15.004,16.176,17.169
TG(18:0/22:6/22:6),17.598,17.375,17.118,17.464,18.548,19.893,18.712,18.406,17.357,17.482,16.065,15.542,16.790,16.953,16.383,17.115,17.326,16.864,16.563,17.031,15.909,18.030,14.764,18.469,18.960,17.139,16.757,15.369,18.698,13.710,17.686,19.398,18.518,16.530,20.124,17.495,18.492,18.358,15.997,17.794,18.145,18.723,18.954,19.954,16.990,18.027,17.648,16.269,17.829,17.493,16.682,17.208,17.493,18.817,19.571,16.943,15.895,18.308,17.466,17.533,17.803,17.153,17.201,20.021,17.598,17.854,16.942,17.897,18.335,19.815,17.643,14.958,15.487,19.132,17.573,15.386,17.448,19.351,15.741,16.536,17.647,16.426,18.681,18.058,15.157,17.574,18.304
TG(18:1/18:1/22:4),20.882,20.453,19.969,18.321,20.446,21.848,21.895,20.872,20.065,NA,17.070,19.883,20.095,20.857,20.517,19.890,21.273,NA,19.492,21.758,20.098,20.192,NA,19.876,20.746,19.943,20.221,18.462,20.702,NA,20.465,21.102,20.856,21.241,21.133,20.443,21.359,20.885,20.652,20.696,20.399,21.590,21.225,22.064,NA,20.926,20.495,20.582,20.225,21.488,18.509,19.792,18.571,20.271,22.357,22.026,NA,18.511,19.785,20.763,20.936,NA,18.694,21.658,NA,NA,19.429,NA,20.283,21.944,22.000,19.679,NA,21.269,21.884,19.993,20.470,20.842,NA,19.053,NA,17.078,16.458,16.054,15.627,NA,16.344
TG(18:1/18:1/25:0),14.700,17.178,12.800,13.256,14.837,13.597,14.750,13.614,16.139,17.107,15.190,12.387,12.522,15.664,14.111,15.121,14.236,16.695,12.947,13.582,12.481,15.149,12.850,15.939,17.613,15.300,12.120,13.332,15.932,17.147,14.229,13.201,14.677,14.318,15.520,14.226,14.448,15.351,14.054,16.792,16.142,18.070,16.522,15.117,12.719,13.200,14.634,16.213,17.865,12.254,15.977,13.772,15.596,13.000,14.113,15.594,14.146,16.372,17.085,14.344,16.449,15.535,13.504,15.543,15.558,14.755,13.449,15.293,14.348,13.824,15.169,12.382,14.992,18.650,13.741,15.452,13.049,15.650,13.902,14.521,12.271,14.746,13.562,13.871,12.975,13.396,14.698
TG(18:1/18:1/26:1),16.021,17.389,14.691,14.805,16.175,15.992,17.164,15.131,16.951,16.911,15.675,14.676,15.025,16.113,14.748,15.916,16.780,16.808,13.817,16.315,14.571,15.640,15.215,16.264,18.150,16.331,14.843,14.631,17.079,18.101,15.837,15.262,16.337,17.229,18.296,16.905,17.131,17.857,16.942,17.305,17.308,18.545,16.959,17.820,15.628,15.669,15.769,16.384,18.181,15.962,15.953,15.190,15.982,14.880,17.472,17.770,15.557,16.317,17.456,17.401,17.122,16.130,14.966,16.588,15.886,16.565,15.786,17.731,15.481,17.135,18.039,14.472,15.777,18.948,17.361,16.660,14.287,16.602,14.341,14.919,13.574,14.883,14.235,14.833,12.798,15.332,14.779
TG(18:1/18:2/18:2),20.279,20.340,20.619,23.181,21.393,21.243,22.426,21.605,19.590,19.299,19.532,20.416,21.170,NA,20.015,19.506,19.877,21.418,19.767,21.393,19.745,20.424,18.767,20.033,20.436,21.835,20.494,18.358,20.657,21.537,20.517,21.513,19.771,20.934,21.471,20.194,19.732,20.322,21.161,19.941,19.775,21.267,20.493,22.386,22.878,21.451,21.941,20.900,20.478,21.893,20.885,21.288,19.590,19.606,21.339,22.581,20.484,21.690,20.009,21.343,21.508,19.416,18.150,21.874,20.701,22.661,20.417,21.497,21.273,22.379,22.336,24.371,19.806,20.538,22.769,20.297,22.661,22.142,20.798,20.388,20.272,17.486,16.628,15.678,16.790,16.942,17.315
TG(18:1/18:2/24:1),17.772,18.885,15.831,17.661,17.887,18.431,19.329,17.799,17.464,16.861,14.733,16.190,16.250,18.029,17.178,17.486,18.031,17.981,15.696,18.923,16.726,17.354,14.976,17.575,19.039,17.129,16.638,15.456,19.145,18.743,17.674,17.431,17.955,18.131,19.908,18.575,18.720,18.973,17.919,18.472,18.560,19.273,19.057,19.609,18.255,17.541,17.252,17.997,18.644,17.669,16.000,16.957,15.711,17.101,18.847,19.768,16.520,17.539,18.099,19.169,18.680,17.803,15.090,18.863,18.139,18.352,16.923,19.427,17.886,19.391,19.982,15.749,16.086,19.158,19.421,18.226,17.036,17.824,14.900,15.023,13.771,13.817,13.100,13.298,12.431,13.763,13.748
TG(18:1/19:1/22:2),15.276,17.482,12.590,15.155,14.534,15.597,15.468,13.880,15.534,15.291,12.101,11.928,12.270,15.237,14.423,14.826,15.120,15.968,11.777,14.489,12.765,14.912,11.901,15.365,16.596,14.801,12.635,12.832,16.175,17.867,14.030,14.291,15.328,13.812,16.158,14.579,16.078,14.409,14.437,15.800,15.766,17.574,16.458,15.219,13.710,13.647,15.169,16.043,16.952,14.134,14.059,13.469,14.120,13.791,15.111,16.255,14.058,15.782,16.029,14.871,16.465,14.521,12.408,15.999,15.485,14.512,NA,16.022,14.590,14.964,16.196,12.290,13.115,17.349,14.744,15.121,14.010,15.144,11.833,11.805,NA,11.818,NA,NA,NA,NA,NA
TG(18:1/28:2/23:0),15.390,18.707,12.828,14.728,15.689,14.992,16.287,13.664,16.960,17.034,13.745,12.405,12.439,16.024,14.179,15.879,15.051,17.214,12.477,14.919,13.078,15.618,13.193,16.463,18.149,15.758,12.372,13.213,16.655,19.148,14.570,14.719,15.688,14.825,16.473,14.908,15.382,15.552,14.706,17.140,16.528,19.135,17.313,16.526,14.010,13.593,15.750,16.674,18.789,13.694,15.589,13.746,15.494,13.482,15.113,16.910,14.904,16.803,17.821,15.276,17.919,15.038,13.197,16.705,16.238,15.314,13.788,16.097,14.956,15.581,16.525,13.135,14.994,18.960,15.327,16.103,14.084,16.546,13.749,13.466,11.569,13.528,11.676,12.312,11.274,12.295,12.695
TG(18:2/18:2/18:2),18.293,18.776,18.912,23.192,20.070,20.478,21.228,21.196,16.982,18.317,17.898,18.485,19.063,17.750,18.397,17.631,18.479,21.047,17.866,20.160,18.197,20.277,16.421,18.922,19.155,21.723,18.394,16.183,19.155,19.663,20.513,21.168,17.936,19.326,20.767,18.283,NA,18.270,18.776,18.584,17.851,19.157,19.106,20.484,21.634,20.552,20.885,20.053,19.727,20.414,20.641,20.705,19.384,18.336,19.540,21.322,19.172,21.086,19.101,19.662,20.393,17.590,16.243,20.981,19.635,22.136,19.528,20.165,20.984,21.269,21.348,23.484,18.465,19.418,21.351,19.472,22.373,21.547,19.874,19.798,18.575,15.498,14.231,14.188,14.581,14.741,15.487
TG(18:2/18:2/18:3),15.641,16.388,16.133,21.961,17.174,18.712,18.509,19.305,13.978,16.503,15.840,16.010,16.036,15.594,16.341,14.854,16.522,19.487,15.326,17.508,14.997,18.541,14.178,17.100,17.636,20.241,15.863,12.965,16.800,16.702,18.846,19.909,15.751,17.126,19.197,15.572,14.346,15.321,16.124,16.373,15.791,16.447,16.624,17.374,19.567,18.594,19.151,18.164,18.142,18.109,18.901,19.155,17.765,16.181,NA,18.968,17.083,19.165,17.642,16.906,18.487,14.641,13.914,19.091,17.310,20.638,17.696,18.049,19.371,18.504,18.923,22.181,16.191,17.792,18.850,17.715,21.079,20.203,18.242,18.298,15.882,13.338,NA,NA,NA,12.795,12.279
TG(18:2/18:2/20:4);TG(16:0/18:2/22:6),22.271,22.005,21.247,22.487,22.626,23.348,22.603,21.886,20.575,20.239,18.147,21.129,20.904,21.880,20.827,21.022,23.028,20.564,19.834,22.397,20.628,22.020,19.312,21.463,20.825,21.086,21.632,19.308,22.063,19.815,21.904,22.506,21.677,22.217,22.447,20.797,21.936,21.955,20.365,21.001,21.297,21.949,22.385,22.900,21.267,21.634,20.516,20.440,20.853,21.743,20.082,20.276,20.338,21.651,23.709,22.812,19.655,22.071,20.465,21.970,21.385,20.839,19.172,22.969,21.836,20.817,20.532,21.377,21.604,23.114,22.794,20.548,19.164,21.261,21.885,20.599,21.161,22.036,20.559,20.848,20.738,19.222,19.258,19.366,17.426,19.246,19.293
TG(18:2/20:4/20:4);TG(18:2/18:2/22:6),18.617,19.806,18.574,19.813,19.688,20.018,20.573,18.173,17.123,16.291,15.019,18.002,18.274,17.931,17.355,17.653,19.085,18.355,16.686,19.718,17.817,18.760,15.719,18.262,17.794,18.259,17.783,16.100,18.961,17.269,18.436,19.652,18.653,19.366,20.503,18.016,18.812,19.275,17.587,18.095,18.400,19.730,19.377,20.891,19.239,18.355,17.767,16.745,17.860,18.768,17.374,17.097,16.362,18.184,21.440,20.916,17.011,18.322,17.547,19.452,18.758,17.500,16.492,20.182,18.942,18.153,17.841,18.271,18.145,21.429,21.339,18.548,16.087,18.405,20.022,17.184,18.074,19.752,16.328,17.051,19.029,16.619,15.981,15.300,14.155,16.003,15.436
TG(18:2/20:4/22:4),20.160,19.758,19.250,20.110,19.578,21.460,20.380,20.344,19.260,18.251,16.445,18.661,18.469,20.453,19.334,19.372,20.304,18.587,17.642,20.260,19.023,20.298,17.236,19.676,19.947,18.617,19.360,17.041,20.484,18.024,19.543,20.027,20.125,19.889,20.817,19.131,20.427,19.905,18.701,19.366,19.500,20.347,20.680,20.565,18.636,20.536,18.632,19.065,19.297,19.304,17.601,18.822,18.137,19.413,21.763,20.358,17.759,20.041,18.857,19.688,19.683,19.716,18.058,21.022,19.726,18.689,18.514,19.722,19.615,20.903,20.587,17.744,16.851,20.594,19.715,19.116,19.353,19.813,17.427,17.478,17.720,16.787,16.368,17.294,15.351,16.906,17.091
TG(18:2/22:6/22:6);TG(20:4/20:4/22:6),17.980,18.825,16.875,19.378,18.781,20.201,19.076,17.059,16.446,16.653,13.746,15.411,16.225,17.957,15.837,17.249,19.443,16.563,15.305,18.034,15.676,19.217,13.824,18.296,17.136,16.892,16.602,14.567,18.961,14.951,18.029,18.987,18.324,18.009,20.219,17.003,18.801,18.504,15.516,16.659,18.197,18.572,19.357,19.835,16.806,17.881,15.763,15.339,16.967,16.172,16.799,15.537,16.623,17.685,21.156,18.609,14.366,18.510,16.685,18.107,17.422,16.461,14.405,19.860,18.480,16.523,16.454,16.204,18.181,20.497,19.639,14.436,14.576,18.297,17.978,15.278,16.881,18.568,16.621,15.792,18.214,16.460,16.431,16.238,13.402,16.117,16.394
TG(20:4/20:5/22:6),12.717,14.516,12.561,14.354,14.571,15.285,14.772,11.630,11.455,NA,NA,11.568,NA,NA,NA,12.489,13.532,NA,10.823,13.426,11.408,14.556,NA,13.803,12.469,12.773,NA,NA,13.390,NA,13.044,15.458,14.610,13.905,16.603,12.570,13.929,14.291,NA,13.209,13.566,14.498,14.870,17.287,12.569,12.449,NA,NA,12.267,NA,NA,NA,NA,13.168,15.932,13.660,NA,13.552,12.766,13.649,12.308,NA,NA,14.520,13.163,11.813,14.020,11.575,12.967,16.374,14.655,NA,NA,13.153,14.081,NA,11.188,14.515,NA,NA,14.116,NA,NA,NA,NA,NA,NA
TG(20:4/22:5/22:6),14.509,15.535,14.634,15.133,15.614,16.556,16.177,13.643,13.373,13.008,NA,13.381,13.422,14.061,12.512,14.694,14.582,13.908,12.713,14.976,13.468,15.878,NA,15.269,14.997,14.351,13.647,NA,15.539,11.441,14.035,16.265,15.502,15.200,18.100,14.413,15.264,15.537,13.279,14.634,14.734,15.894,16.604,17.875,13.712,14.558,13.415,12.985,14.538,14.471,14.301,13.658,13.349,15.018,17.780,15.292,12.483,15.269,14.624,15.207,14.804,14.178,12.274,16.979,14.655,13.784,13.648,14.975,14.362,18.097,15.683,NA,12.230,15.507,15.705,12.965,13.964,15.955,12.535,13.139,14.110,NA,12.496,NA,NA,NA,12.437
TG(20:4/22:6/22:6),15.203,16.628,14.934,17.085,16.798,18.398,16.915,15.546,14.567,14.868,NA,12.702,13.553,14.677,13.094,15.382,16.167,14.151,13.249,14.970,13.564,17.418,NA,16.564,16.077,15.034,14.693,NA,16.739,10.719,15.636,17.163,16.516,15.066,18.912,14.976,16.468,16.702,13.516,15.056,16.196,16.467,17.432,18.551,14.243,15.798,14.488,12.300,15.196,14.288,14.867,13.624,14.709,16.000,18.677,15.718,12.855,16.571,14.950,15.944,15.694,14.258,13.262,17.870,15.849,14.635,14.886,14.555,15.798,18.679,16.650,NA,12.225,16.831,15.370,12.452,14.995,16.927,13.748,12.217,16.123,13.755,15.004,14.388,12.742,14.519,14.862
TG(44:1),17.685,18.395,16.375,18.840,17.970,18.455,17.587,17.728,16.906,16.393,13.927,18.194,16.512,17.971,17.344,16.823,18.644,17.180,15.647,19.162,17.223,18.133,15.319,18.168,17.772,17.497,16.954,15.844,18.536,16.751,17.905,19.123,19.253,18.408,19.001,18.034,18.621,18.916,18.233,18.038,18.411,19.288,18.629,19.375,16.366,17.032,16.351,16.805,18.486,17.567,15.182,15.655,14.438,18.421,19.249,19.359,16.261,17.832,18.111,16.723,17.833,18.127,15.160,18.524,17.764,18.836,17.828,16.963,18.185,17.913,18.716,16.105,15.042,18.651,18.833,20.040,16.656,17.848,14.257,17.166,15.484,15.413,13.026,15.116,14.219,14.799,14.409
TG(46:1),19.977,19.689,18.830,19.728,19.657,20.537,19.476,20.148,19.003,18.608,16.956,20.409,18.597,20.094,19.671,19.188,20.328,19.341,18.497,20.806,19.535,20.097,18.137,19.717,19.081,19.115,19.496,18.086,20.080,18.548,20.193,20.766,20.653,20.098,20.351,19.669,20.448,20.678,19.596,20.087,19.939,20.590,20.206,20.467,18.550,19.021,18.128,19.390,20.052,19.416,17.512,18.309,17.271,20.397,20.602,20.325,17.263,19.455,19.527,18.917,19.324,20.391,17.818,20.101,19.650,19.597,18.330,19.266,20.132,19.495,20.084,18.559,16.390,19.794,19.351,21.487,19.048,19.334,16.556,19.109,17.966,17.322,14.977,16.791,16.396,16.818,15.046
TG(46:2),18.286,18.783,17.456,18.952,18.535,18.976,18.961,18.270,17.589,16.694,14.987,18.652,17.168,18.360,17.747,17.304,18.412,17.788,16.370,19.633,18.266,18.206,16.532,18.227,17.803,17.790,17.465,16.427,18.594,17.324,18.142,19.351,19.332,18.909,19.523,18.335,18.600,19.358,18.236,18.361,18.343,19.588,18.766,20.088,17.669,17.639,17.243,17.061,18.893,18.168,15.266,16.553,14.868,18.443,19.744,20.130,16.014,17.800,18.146,18.081,18.605,17.960,15.493,19.270,18.494,18.364,17.448,18.193,18.450,19.535,20.102,17.898,15.022,18.712,19.183,20.309,17.382,18.350,14.988,17.736,16.545,15.307,12.580,14.603,14.526,15.171,13.537
TG(48:1),22.224,21.446,21.030,21.484,21.634,22.116,21.205,22.218,20.646,20.692,19.730,22.016,20.977,21.879,21.556,21.195,22.165,21.493,21.202,22.357,21.541,21.667,20.855,21.213,20.666,21.085,21.817,19.826,21.614,20.441,21.813,22.310,22.081,21.652,21.608,21.521,21.987,22.027,21.670,21.784,21.711,21.766,21.625,21.883,21.470,21.158,20.397,21.583,21.283,21.477,20.011,20.739,19.770,22.105,22.219,21.975,20.117,21.274,21.030,21.339,20.930,22.456,20.292,21.673,21.316,21.584,20.412,21.312,21.703,21.151,21.637,20.967,18.684,20.699,21.253,22.211,21.550,21.010,19.385,21.107,19.693,19.838,17.873,18.807,18.411,18.930,17.695
TG(48:2),20.764,20.555,20.072,21.081,20.597,21.124,20.812,20.884,19.598,19.382,17.770,21.130,20.273,20.273,20.405,20.088,20.659,20.310,19.642,21.651,20.600,20.311,19.846,19.860,19.603,20.240,20.457,18.558,20.388,19.657,20.716,21.394,20.839,20.912,21.175,20.698,20.912,21.090,20.659,20.715,20.360,20.985,20.390,21.439,20.515,20.167,19.401,19.903,20.556,20.665,18.397,19.609,17.794,21.059,21.574,21.661,18.551,20.034,19.834,20.248,20.283,20.774,18.672,20.890,20.181,20.623,19.021,20.682,20.787,21.189,21.539,20.898,17.384,19.971,20.675,21.318,20.691,20.336,17.889,20.648,19.354,18.340,16.124,17.185,16.735,NA,15.790
TG(48:4),17.812,18.534,16.943,18.273,18.609,19.156,18.370,18.150,16.832,16.150,14.739,18.724,16.403,18.900,17.880,17.263,19.128,16.366,15.211,19.028,17.963,18.819,15.523,18.067,16.842,17.429,17.408,15.687,18.973,16.695,18.029,18.651,19.505,18.430,19.147,17.537,18.462,18.873,16.851,17.609,17.986,18.645,19.692,19.100,16.174,17.428,15.847,17.204,17.852,16.872,14.765,15.935,14.949,17.680,19.799,19.659,15.634,18.356,17.437,17.606,17.945,17.846,14.911,19.434,18.730,17.776,16.612,16.806,18.582,19.033,19.688,16.179,15.001,18.398,18.295,20.845,16.528,18.128,15.522,16.369,15.366,14.768,14.040,14.993,15.363,15.418,14.614
TG(49:1),19.984,18.970,17.962,19.353,18.869,20.031,19.099,18.729,18.132,18.586,17.207,18.269,18.380,18.879,18.854,18.502,19.109,19.333,18.338,19.366,17.529,18.737,17.750,18.749,18.550,18.482,18.705,17.519,18.968,19.427,19.161,19.401,19.435,19.102,19.347,18.281,19.818,18.917,19.037,19.087,19.439,19.703,18.661,19.282,18.812,18.028,18.361,18.792,19.342,18.693,17.960,18.093,17.187,19.200,19.166,19.366,17.938,18.810,18.830,18.127,18.653,18.680,17.980,18.750,18.174,18.676,17.454,18.950,18.593,18.342,18.212,17.941,16.947,18.338,18.430,17.536,18.976,18.091,16.531,17.508,16.472,16.427,15.157,15.684,15.610,15.422,15.230
TG(49:2),18.453,18.083,16.709,18.707,18.027,18.653,18.931,17.757,16.970,17.033,15.557,17.324,17.564,17.483,17.363,17.305,17.513,18.049,17.101,18.708,17.058,17.476,16.874,17.335,17.333,17.542,17.318,16.067,17.552,18.410,17.949,18.127,18.082,17.827,18.408,17.121,18.557,17.608,18.122,17.814,17.738,18.710,17.822,18.736,18.092,17.189,17.203,17.409,18.160,17.708,16.266,16.936,15.677,17.749,18.278,18.915,16.738,17.411,17.532,16.959,17.607,17.090,16.298,17.707,17.263,17.665,15.847,17.778,17.503,17.962,18.234,17.571,15.264,17.314,18.116,16.503,17.762,17.059,15.617,17.007,16.322,15.480,14.353,14.758,14.166,14.529,14.004
TG(50:3),21.076,20.849,21.198,22.071,21.261,21.590,21.907,21.113,20.012,20.240,19.064,21.271,21.362,20.588,20.627,20.467,20.889,20.747,20.370,22.118,20.872,20.565,20.225,20.133,20.220,21.218,21.211,18.709,20.745,20.939,20.928,21.629,20.965,21.447,21.664,20.972,21.006,21.420,21.354,20.927,20.587,21.339,21.014,22.299,22.123,20.821,20.873,20.367,20.866,21.554,19.136,20.568,18.547,21.123,22.008,22.351,19.840,20.730,20.141,21.079,20.953,20.674,19.238,21.550,20.831,21.754,19.967,21.361,21.395,21.865,22.061,22.995,18.631,20.270,21.761,20.927,21.454,21.202,19.311,20.987,20.541,18.465,17.191,16.946,17.618,18.122,16.817
TG(51:1),20.394,19.982,18.062,19.701,19.092,20.646,20.023,18.984,19.072,19.214,17.564,17.919,18.540,19.340,19.118,18.609,19.830,20.097,18.644,19.698,17.665,19.246,17.231,19.449,19.814,19.205,18.996,17.897,19.595,20.377,19.508,19.844,19.966,19.473,20.059,18.824,20.660,19.066,19.782,19.609,20.127,20.442,19.522,20.189,19.202,18.596,19.383,19.471,20.140,19.753,18.427,18.786,17.873,19.383,19.960,19.944,18.861,19.826,19.624,19.205,19.658,18.985,18.326,19.633,18.950,19.435,17.526,20.232,19.202,19.420,19.236,17.786,17.606,19.629,19.372,17.963,19.498,18.947,17.095,17.111,16.299,16.563,15.717,15.901,15.810,15.402,15.439
TG(51:2),19.706,19.379,18.325,19.859,18.906,20.112,20.046,18.721,18.612,19.246,17.728,18.215,19.306,18.754,18.605,18.551,19.204,19.733,18.400,19.516,17.951,18.597,18.144,18.881,19.128,19.094,18.813,17.781,18.892,20.719,19.078,19.619,19.249,19.689,19.703,18.566,20.093,19.022,19.533,19.266,19.419,20.297,18.861,19.820,19.643,18.344,19.148,18.875,19.909,19.294,18.123,18.439,17.532,19.195,19.475,19.990,18.311,19.058,19.168,18.596,19.369,18.425,18.261,19.041,18.473,19.348,17.388,19.538,18.792,19.543,18.910,19.413,17.640,18.987,19.360,17.325,19.247,18.762,17.117,17.375,17.526,17.117,16.093,16.496,16.102,16.277,15.921
TG(51:3),18.353,18.288,17.298,19.461,18.084,18.947,19.043,17.915,17.453,17.735,16.652,17.370,18.298,17.381,17.406,17.186,17.236,18.279,17.532,18.778,16.952,17.177,17.018,17.324,17.837,18.455,17.909,16.148,17.533,19.476,17.745,18.535,17.752,18.324,18.506,17.249,18.192,17.614,18.284,17.733,17.721,19.174,17.669,19.165,19.240,17.590,18.489,17.174,18.405,18.064,16.824,17.811,16.083,17.506,18.363,19.372,17.442,17.804,17.730,17.429,18.410,16.770,16.657,18.083,17.304,18.625,16.603,18.136,18.097,18.578,18.455,19.673,16.083,18.048,18.903,16.558,18.445,18.002,16.603,16.975,16.965,15.643,14.606,14.347,14.498,14.566,14.259
TG(52:0),17.860,18.455,18.743,20.359,20.333,19.430,17.269,21.195,18.644,19.322,19.041,18.460,19.306,20.648,19.525,18.145,18.325,20.228,19.374,17.556,18.300,16.964,16.913,20.030,18.787,18.288,19.856,18.297,20.712,18.229,17.167,17.182,17.230,20.023,17.217,18.701,17.224,17.714,19.335,18.165,19.643,17.126,17.710,17.459,20.145,19.106,19.948,19.005,17.939,18.698,18.504,19.582,19.965,19.993,20.155,19.754,18.536,20.232,18.592,21.080,19.658,20.302,19.316,18.558,21.064,20.936,17.975,20.847,18.737,17.147,16.952,18.587,17.951,19.159,19.360,20.058,19.813,19.788,19.196,18.777,16.453,17.144,17.126,16.781,17.284,17.158,17.646
TG(52:4),22.877,22.124,21.604,22.313,22.320,23.163,22.275,22.525,20.859,20.580,18.846,21.896,20.701,22.875,21.918,21.515,22.870,21.296,20.402,22.841,21.475,22.200,19.420,21.942,20.776,21.526,22.036,19.361,22.298,20.305,22.277,22.795,22.189,22.214,22.378,21.455,22.252,22.570,20.681,21.599,21.818,21.977,22.680,22.481,21.321,21.996,20.207,21.604,21.374,21.337,19.912,20.878,20.157,21.977,23.120,23.338,20.157,22.054,21.175,22.168,21.601,21.868,19.864,22.990,21.942,21.421,20.590,21.359,21.954,22.453,22.903,20.961,19.084,21.446,21.799,22.622,21.921,21.782,20.132,19.781,19.452,19.186,18.765,19.366,18.126,18.869,18.499
TG(52:5),21.172,21.007,20.728,21.437,21.062,21.943,21.110,21.061,19.473,18.805,17.103,21.181,20.393,21.048,20.351,20.201,21.838,19.761,19.056,21.970,20.720,21.018,18.694,20.307,19.447,20.383,20.792,18.448,21.074,19.733,21.276,21.247,21.056,21.191,21.385,20.409,21.078,21.202,19.627,20.443,20.522,20.863,21.321,21.559,19.980,20.853,18.908,20.084,19.923,19.621,18.317,19.431,18.385,20.647,22.788,21.757,18.557,20.731,19.622,20.312,20.102,20.849,18.634,21.417,20.741,20.243,19.366,20.216,20.811,21.157,21.721,21.375,17.725,20.133,20.646,20.713,20.515,20.638,18.437,18.772,19.769,18.971,17.599,18.070,16.586,18.724,17.429
TG(52:6),19.249,19.145,18.174,18.354,19.279,20.499,18.877,19.407,17.652,17.502,15.757,19.294,17.899,19.166,18.653,18.381,19.307,17.973,17.480,19.514,18.829,19.545,17.042,19.107,18.619,18.164,18.525,16.618,19.543,16.050,19.160,19.606,19.757,18.150,20.272,18.640,19.425,19.906,18.285,19.307,19.071,19.462,19.839,19.929,17.031,18.683,17.159,18.290,18.713,18.662,16.718,17.518,17.310,19.452,20.389,19.497,16.417,18.972,18.365,18.497,18.522,19.096,16.984,19.983,18.963,17.902,17.404,18.579,19.218,19.851,19.701,17.066,15.611,18.882,18.131,20.162,18.223,19.375,16.319,18.792,16.871,15.638,14.927,15.827,15.219,16.056,15.162
TG(53:2),19.265,19.255,17.654,19.255,18.343,19.963,19.679,18.254,18.519,18.745,17.299,17.385,18.865,18.287,18.278,18.078,19.261,19.422,17.828,18.962,17.172,18.273,16.896,18.791,19.572,18.784,18.183,17.000,18.889,20.896,18.818,19.157,19.191,19.309,19.742,18.549,20.288,18.451,19.397,19.016,19.482,20.196,18.689,19.892,19.178,18.310,19.210,18.455,19.763,19.355,17.748,18.173,17.573,18.492,19.442,19.311,18.250,19.176,19.041,18.517,19.242,18.029,17.650,18.959,17.949,18.918,17.418,19.746,18.356,19.274,18.919,18.354,17.338,19.418,19.244,17.013,18.758,18.408,16.614,15.833,16.281,16.455,15.609,15.710,15.726,15.723,15.629
TG(53:3),18.840,18.558,17.784,19.501,18.456,19.459,19.757,18.035,17.896,18.187,16.932,17.502,18.822,17.935,17.939,17.827,18.134,18.754,17.476,19.074,17.272,17.707,17.228,18.100,18.546,18.600,17.843,16.844,18.198,20.598,17.928,18.925,18.194,18.730,19.218,17.994,19.356,17.912,18.746,18.272,18.535,19.867,18.333,19.369,19.566,18.155,18.938,17.995,19.143,18.937,17.332,18.193,16.693,17.759,18.683,19.374,17.856,18.544,18.367,18.266,18.910,17.122,17.100,18.593,17.867,18.912,16.929,19.036,18.174,19.366,18.586,19.788,17.182,18.666,19.275,17.187,18.949,18.362,17.062,16.675,16.753,15.903,15.149,15.253,15.231,15.251,15.124
TG(54:1),20.933,20.360,19.384,20.635,20.500,22.004,21.738,21.117,20.717,19.903,18.789,19.208,19.772,20.650,20.026,19.721,21.526,20.631,19.358,20.725,18.812,20.483,17.172,20.869,21.317,20.023,20.021,19.021,21.573,19.886,20.435,21.119,21.202,20.773,21.729,20.249,21.501,21.041,20.486,21.341,21.772,21.371,20.966,21.922,20.521,19.891,20.272,20.725,20.623,21.039,18.963,19.957,19.339,20.546,21.906,21.226,18.647,20.923,20.343,21.347,20.655,20.682,19.237,21.669,20.903,21.495,18.807,21.625,20.824,21.040,21.114,18.474,18.220,21.334,20.770,20.229,20.340,20.483,18.318,17.579,16.441,17.151,16.699,16.210,16.722,16.467,17.172
TG(54:3),22.064,21.849,21.678,22.405,22.145,22.683,23.235,22.345,21.412,21.062,20.776,21.312,22.600,21.677,21.407,21.138,22.267,22.031,21.233,22.487,21.332,21.412,21.033,21.457,22.104,21.751,21.862,20.352,22.302,22.857,21.682,22.659,22.047,22.694,22.734,22.110,22.687,22.371,22.645,22.097,21.899,22.932,22.148,23.401,23.311,22.385,22.518,21.976,22.207,23.203,20.500,21.862,20.407,21.912,23.288,23.362,21.202,21.761,21.508,22.585,22.249,21.956,20.775,22.665,21.759,22.659,21.693,22.641,21.957,23.291,22.861,23.492,20.579,22.171,23.430,21.186,22.272,22.108,20.733,20.451,21.014,19.941,18.962,18.811,19.332,19.972,19.341
TG(54:4),22.570,22.040,22.073,NA,22.539,23.078,23.285,22.309,21.629,20.632,20.813,21.988,22.629,21.954,21.847,21.834,22.315,22.052,21.538,23.191,21.964,22.086,NA,21.973,21.777,22.207,22.381,20.632,22.629,NA,22.227,22.888,22.101,22.595,NA,22.373,22.619,22.185,22.529,22.315,21.886,22.509,22.613,23.371,23.416,22.519,22.564,22.112,21.609,22.971,21.316,22.461,20.493,22.237,23.403,23.493,NA,NA,21.565,22.887,22.433,NA,20.217,23.130,NA,NA,21.615,NA,22.083,23.481,23.289,24.205,NA,21.647,23.389,21.233,22.955,22.494,NA,21.124,NA,19.147,18.589,18.435,18.624,NA,18.905
TG(54:6),21.779,21.336,20.557,20.950,21.328,22.481,21.223,21.870,20.230,20.219,18.912,20.688,20.284,21.363,20.626,20.900,21.883,20.847,20.314,21.137,20.332,21.522,19.592,21.218,21.032,20.829,21.203,19.054,21.226,18.265,21.168,21.895,21.640,20.649,21.974,20.847,21.480,21.999,20.613,21.087,21.358,21.524,21.696,22.299,20.451,20.991,20.184,20.605,21.198,21.283,19.763,20.528,20.434,21.719,21.919,21.548,19.643,21.068,20.656,21.255,21.108,21.578,20.084,22.420,20.589,20.794,20.320,20.977,21.185,22.087,21.460,19.549,18.696,21.189,20.435,20.822,21.231,21.499,19.367,21.034,18.758,18.087,18.010,18.106,17.336,17.768,17.954
TG(54:7),20.086,20.195,19.960,19.636,19.972,21.331,19.952,19.936,18.611,18.405,16.483,19.823,20.048,19.308,19.135,19.508,20.510,19.064,18.664,20.506,19.770,20.202,18.855,19.714,19.544,19.895,19.867,17.389,20.205,17.480,20.064,20.532,20.402,19.484,21.127,19.907,20.457,20.647,19.208,20.135,20.032,20.097,20.378,21.371,18.881,19.729,18.563,18.895,19.579,19.953,17.835,19.063,18.180,20.576,21.622,20.358,17.471,19.567,19.244,19.393,19.516,20.220,18.469,20.749,19.517,19.051,18.834,19.907,20.012,20.544,20.386,19.670,16.844,19.775,19.383,18.187,19.747,20.429,17.293,19.368,19.327,17.688,16.267,16.842,15.616,17.278,15.905
TG(56:1),19.041,19.411,17.352,18.302,19.316,19.629,19.407,18.884,18.380,18.866,16.960,17.456,16.864,19.772,18.303,18.399,19.317,19.172,16.762,19.201,17.304,18.382,16.020,18.853,19.088,18.240,17.900,16.884,19.922,18.999,18.777,18.614,19.336,19.505,19.709,18.896,19.162,19.543,18.286,19.588,19.491,19.440,19.321,19.596,18.527,18.280,17.925,19.151,19.488,17.997,17.876,18.034,17.728,18.466,19.767,20.050,17.365,19.366,19.261,19.653,19.296,19.339,16.984,19.718,19.241,19.404,17.747,19.645,19.069,18.671,19.512,16.240,16.495,19.801,18.925,19.419,17.936,18.814,16.355,15.730,14.201,16.260,14.771,14.707,14.445,15.105,15.722
TG(56:3),19.801,19.567,18.577,19.670,19.610,20.435,21.250,19.283,19.612,18.318,17.533,18.561,19.465,19.578,19.280,18.870,20.572,19.365,18.410,20.286,19.106,19.362,17.595,19.730,20.344,19.119,19.083,18.018,20.524,20.882,19.179,19.675,19.778,20.040,21.056,20.234,20.858,20.104,20.692,20.163,20.088,20.464,20.340,21.087,20.073,19.938,19.993,19.882,19.839,21.439,17.554,19.659,18.068,19.859,20.943,20.890,18.519,19.745,19.289,20.630,19.993,20.122,17.816,20.831,19.902,20.624,19.034,21.377,19.496,20.856,20.898,19.587,17.870,20.293,21.433,19.485,19.563,19.268,17.375,17.269,17.066,16.503,15.600,15.468,15.183,16.021,15.270
TG(56:5),22.443,21.930,21.791,22.279,22.190,23.330,22.764,22.748,21.647,20.685,19.619,21.796,21.706,22.378,22.272,21.175,22.858,21.531,20.819,22.744,21.257,21.952,19.628,21.788,21.839,21.543,22.080,20.054,22.486,21.614,22.151,22.582,22.425,22.554,22.794,21.648,22.631,22.421,21.529,21.802,22.028,22.553,22.545,23.030,21.775,22.042,21.600,21.885,21.683,21.989,20.346,21.044,20.711,22.039,23.813,22.873,20.700,22.218,21.507,22.298,21.959,22.383,20.598,22.891,21.930,22.011,20.937,21.838,22.072,22.906,22.805,20.993,19.955,22.392,22.432,21.465,21.872,21.917,19.938,19.681,20.802,19.731,19.807,19.846,19.048,19.986,19.811
TG(56:7),22.328,21.848,21.764,21.935,22.220,23.522,22.005,22.418,21.229,21.197,19.743,21.107,21.902,21.625,21.067,21.470,22.811,21.475,20.893,21.886,21.098,22.063,20.505,22.075,22.090,21.792,22.018,19.984,22.153,19.892,21.986,22.931,22.274,21.895,22.874,21.974,22.610,22.600,21.726,21.999,22.203,22.482,22.319,23.194,21.410,22.125,21.490,20.987,21.883,22.682,20.614,21.549,21.294,22.606,23.194,22.167,20.353,21.972,21.466,21.985,21.706,22.043,20.797,23.019,21.424,21.944,21.397,22.070,22.055,22.990,22.113,20.575,19.956,22.211,21.804,20.137,22.060,22.609,20.107,20.931,21.302,20.095,19.750,19.753,18.712,20.055,19.854
TG(56:9),18.083,19.000,18.393,19.339,18.924,19.688,19.123,17.898,16.477,16.171,14.286,18.420,18.062,17.908,16.984,17.613,19.353,17.243,16.612,19.324,18.092,18.671,16.728,17.868,17.283,18.077,17.894,15.803,18.724,16.546,18.308,19.621,18.710,18.620,19.800,17.571,18.694,18.696,17.121,18.172,17.908,18.749,19.067,20.216,17.777,18.152,16.855,16.741,17.341,18.319,16.556,16.656,16.349,17.978,20.860,19.263,15.837,18.293,17.026,17.911,17.723,17.603,15.903,19.347,18.245,17.136,17.084,17.991,17.970,19.756,19.818,18.740,15.439,17.787,18.479,17.061,17.740,18.974,16.062,17.583,18.830,16.870,15.900,15.939,13.566,16.236,15.718
TG(58:1),18.695,19.326,17.256,17.740,19.367,18.762,18.931,18.310,18.300,18.893,17.627,17.269,16.368,19.366,17.911,18.335,18.594,19.256,16.500,19.233,17.085,17.883,16.550,18.722,19.097,17.978,17.636,16.477,19.670,18.249,18.520,18.150,19.197,19.364,19.989,18.311,18.210,19.630,17.892,19.745,19.146,19.593,19.263,19.551,18.181,17.947,17.474,18.817,19.680,17.026,17.787,17.819,17.782,17.796,19.119,19.944,17.598,19.369,19.330,19.611,19.284,18.830,16.847,19.389,19.000,18.837,17.746,19.636,18.771,18.536,19.618,15.974,17.130,20.069,18.329,19.355,17.418,18.534,16.647,16.641,14.223,16.665,15.529,15.365,14.937,15.657,16.785
TG(58:2),19.529,20.033,17.126,18.279,19.424,19.503,19.871,18.422,19.287,19.484,17.513,17.486,17.290,19.456,18.147,18.715,20.227,19.507,16.750,19.703,17.562,18.690,16.980,19.372,20.274,19.188,18.104,17.469,20.085,20.277,19.258,19.096,19.867,20.042,20.735,19.863,20.065,20.661,19.133,20.087,20.173,20.630,19.854,20.430,18.771,18.754,18.383,19.262,20.551,18.772,18.353,18.395,18.246,18.579,20.216,20.414,17.968,19.452,19.965,19.685,19.862,19.366,16.924,19.806,19.018,19.641,18.479,20.204,19.097,19.376,20.315,16.435,17.513,20.831,19.814,19.103,18.077,19.095,16.523,16.784,14.926,16.957,15.406,15.616,14.338,16.339,16.044
TG(58:8),21.523,21.272,20.822,NA,21.174,22.582,22.145,21.249,20.456,19.629,17.765,20.450,20.773,21.825,20.783,20.495,22.137,20.304,19.375,21.838,20.606,21.307,NA,20.896,21.300,20.478,20.685,18.862,21.550,NA,21.037,21.675,21.418,21.816,NA,20.818,21.759,21.698,20.647,20.895,21.038,21.863,21.973,22.454,20.606,21.585,20.600,20.403,20.727,21.693,19.239,20.349,19.604,20.775,23.114,22.342,NA,NA,20.306,21.403,20.990,NA,19.079,22.200,NA,NA,20.376,NA,20.794,22.459,22.257,19.966,NA,21.605,21.714,20.538,20.719,21.417,18.909,18.962,NA,18.755,18.541,18.632,17.226,NA,18.693
TG(58:9),21.128,21.141,20.689,21.554,21.547,22.241,21.670,20.433,19.831,19.294,17.609,20.395,20.450,20.929,19.958,20.349,22.041,20.140,19.351,21.660,20.225,21.360,18.410,20.750,20.422,20.595,20.782,18.809,21.446,19.324,20.938,21.862,21.076,21.673,22.133,20.557,21.389,21.458,20.117,20.609,20.739,21.446,21.821,22.308,20.312,20.993,19.674,19.840,20.013,21.034,19.421,19.991,19.390,20.978,23.134,21.847,19.055,21.010,20.033,21.168,20.666,20.458,18.593,22.305,20.894,20.245,19.956,20.905,20.594,22.450,21.816,20.052,18.586,20.714,21.617,19.739,20.393,21.326,19.081,19.409,20.551,19.057,19.115,18.944,16.987,19.175,19.077
TG(59:1),15.897,18.024,13.980,14.619,16.147,15.104,15.852,14.937,16.803,17.647,15.095,13.335,13.564,16.911,15.254,16.116,14.635,17.722,13.982,14.954,13.732,16.335,13.801,17.018,17.967,16.009,13.626,14.281,17.029,17.215,15.298,14.549,16.183,15.236,16.319,15.066,14.684,16.243,14.739,17.570,16.949,18.584,17.589,15.638,14.114,14.846,15.330,17.398,18.612,13.208,16.566,14.362,16.385,14.268,14.944,16.754,15.626,17.517,18.093,15.512,17.539,16.847,14.785,16.588,16.618,15.778,14.231,16.566,15.909,14.440,15.883,13.428,15.312,19.322,14.484,17.079,14.281,16.510,14.826,14.632,12.630,14.876,13.373,13.960,13.993,14.221,15.727
TG(60:1),17.000,17.437,16.276,16.002,17.661,17.005,17.040,16.831,16.599,17.317,16.182,15.838,15.443,17.467,16.291,16.942,16.701,17.663,15.301,17.103,15.692,16.142,15.148,17.057,17.479,16.481,16.179,15.349,18.239,16.480,16.637,16.344,17.526,17.682,18.495,16.806,16.597,17.899,16.579,18.311,17.582,17.896,17.445,17.812,16.137,16.306,15.960,17.516,17.925,15.313,16.543,16.342,16.450,16.024,17.180,18.102,16.291,17.268,17.537,18.051,17.643,17.113,16.257,17.554,17.381,17.071,16.204,18.356,17.187,16.670,18.109,14.990,16.021,18.912,16.327,17.945,15.714,16.880,15.781,15.430,14.248,15.556,14.489,14.804,14.443,14.919,15.891
TG(60:11),20.055,20.129,19.467,20.374,20.346,21.717,20.504,19.506,18.819,18.481,16.124,18.696,19.263,19.467,18.371,19.259,20.949,18.745,17.814,20.110,18.708,20.265,16.981,19.967,19.846,19.613,19.378,17.244,20.436,17.455,19.931,21.078,20.105,20.109,21.294,19.501,20.518,20.458,18.967,19.517,19.963,20.465,20.539,21.482,18.839,20.139,18.581,18.134,19.158,19.669,18.051,18.480,18.307,19.876,22.399,20.201,17.140,20.053,18.906,19.776,19.558,19.487,17.875,21.273,19.585,19.089,18.848,19.300,19.760,21.357,20.653,17.502,17.173,20.174,20.161,17.808,19.221,20.527,17.466,17.425,20.392,18.765,18.697,18.580,16.210,18.834,18.688
TG(60:12),18.061,19.009,17.628,19.518,18.970,19.851,19.656,17.276,16.531,16.784,14.628,16.613,16.887,17.675,15.897,17.186,19.473,16.988,16.026,18.394,16.157,18.738,14.724,18.188,17.309,17.404,17.158,15.229,18.477,15.622,17.958,19.221,18.282,18.259,20.099,17.060,18.327,18.642,16.277,17.089,17.962,19.094,18.959,20.353,17.598,17.806,16.571,15.673,17.224,17.354,16.922,15.985,16.317,17.490,21.029,19.568,15.484,18.244,16.815,18.605,17.798,16.480,14.843,19.724,18.157,16.942,17.065,17.066,17.631,20.784,19.973,16.016,14.876,18.061,18.768,15.445,16.832,18.941,15.921,16.067,18.583,16.948,16.183,16.009,14.406,16.176,16.352
TG(60:13),14.917,15.681,15.572,15.763,15.339,17.304,15.728,14.622,13.350,14.173,12.886,13.889,16.279,13.428,13.036,15.618,15.406,14.043,14.076,15.006,15.356,15.801,15.128,15.673,15.098,15.249,14.656,12.344,15.670,11.526,15.091,16.119,15.592,14.651,17.652,14.947,15.561,16.020,13.803,15.276,15.747,15.659,16.152,17.911,14.282,15.021,14.111,13.053,14.656,15.597,13.833,14.563,14.163,16.172,17.243,15.195,12.523,14.983,14.454,14.669,14.862,15.175,14.597,16.675,14.969,13.354,15.078,15.368,15.281,17.275,15.687,14.020,12.535,15.381,15.237,12.120,14.691,16.602,13.342,14.460,17.138,15.325,13.498,13.874,NA,14.009,13.646
TG(60:2),18.361,19.129,16.623,16.936,18.367,18.206,18.596,17.299,18.571,19.029,18.028,16.564,16.269,18.563,17.281,17.928,18.648,18.914,16.283,18.424,16.682,17.757,17.029,18.473,19.761,18.295,17.067,16.860,19.256,19.173,18.148,17.748,18.686,19.099,19.880,18.774,18.918,19.663,18.184,19.344,19.241,19.917,19.032,19.614,17.565,17.527,17.401,18.571,19.855,17.198,17.971,17.536,18.148,17.178,19.013,19.295,17.372,18.594,19.311,18.936,18.797,18.473,16.441,18.861,18.039,18.521,17.663,19.465,18.110,18.450,19.366,15.502,17.728,20.382,18.410,18.151,16.575,18.255,16.541,17.289,14.923,17.188,16.520,16.647,15.074,16.689,17.049
TG(60:3),17.925,19.118,16.030,17.254,18.515,18.067,19.531,16.579,18.411,18.040,16.670,16.047,16.451,18.137,16.757,17.745,18.670,18.458,15.799,18.624,16.349,17.166,16.133,17.963,19.527,18.182,16.724,16.632,18.923,20.066,17.828,17.700,18.404,19.204,19.952,18.706,19.098,19.718,18.559,18.935,19.016,20.005,18.722,19.870,18.251,17.657,17.794,17.951,19.839,18.066,17.286,17.178,17.152,17.142,19.316,19.963,17.238,17.776,19.031,19.205,19.070,17.619,16.005,18.535,17.832,18.610,17.824,19.446,17.611,19.366,19.997,15.725,17.042,20.120,19.564,18.018,16.572,18.268,15.863,16.411,14.604,15.745,14.507,14.809,13.517,15.085,15.165
TG(60:4),17.606,18.376,16.207,16.988,18.644,18.432,18.563,17.292,16.538,16.469,14.399,16.874,14.658,18.459,16.975,17.238,17.740,16.835,14.719,18.573,15.996,17.266,12.943,17.403,16.827,16.698,15.829,13.867,18.475,15.456,17.763,17.242,17.949,18.134,18.832,17.051,17.280,18.376,15.426,16.954,17.746,17.981,19.108,18.391,15.652,16.514,15.003,17.607,17.523,15.117,15.148,15.685,15.076,16.332,18.179,19.230,14.794,18.130,17.418,18.152,17.412,16.979,15.307,18.705,18.039,16.653,16.095,17.494,17.613,17.980,19.300,14.680,13.897,18.102,17.278,19.257,15.950,17.147,13.984,13.238,13.060,13.899,13.080,13.892,13.220,13.377,14.440
TG(60:9),19.867,19.366,19.131,20.009,19.552,21.002,20.552,19.918,18.929,17.691,16.094,18.999,19.042,20.219,19.536,19.043,20.087,18.405,18.088,20.320,18.828,19.705,16.773,19.458,19.609,18.713,19.276,17.359,20.322,18.165,19.400,20.381,19.782,20.078,20.919,19.397,20.165,19.470,18.793,19.608,19.167,19.814,20.657,20.559,18.628,20.156,18.844,18.988,18.739,19.585,17.665,19.288,17.663,19.536,21.580,20.160,17.902,19.886,18.659,19.877,19.363,19.280,17.872,21.007,19.588,19.561,18.406,19.997,19.541,20.949,20.491,18.283,17.045,19.527,20.588,19.295,19.131,19.553,17.315,17.686,17.844,16.364,17.139,16.377,14.974,16.582,16.858
TG(62:13),17.893,18.177,17.754,18.844,18.005,19.968,18.050,17.845,16.812,16.925,14.963,15.361,17.041,17.263,15.845,17.489,18.347,16.651,16.298,17.379,16.349,18.543,15.316,18.566,18.632,17.273,17.109,14.771,18.895,15.143,17.797,19.546,17.885,17.223,20.032,17.870,18.859,18.569,16.775,17.514,18.193,18.422,18.775,20.066,16.637,18.488,17.007,15.953,17.457,18.392,16.118,16.696,16.858,18.435,20.486,17.894,15.155,18.316,17.386,17.710,17.376,16.776,15.819,19.500,17.887,17.334,16.882,17.802,18.146,19.644,18.717,14.903,15.496,18.871,17.431,14.751,17.548,19.266,15.611,15.738,18.996,17.054,16.512,16.868,14.204,16.591,16.637
TG(62:2),15.859,16.668,14.852,14.193,16.128,15.662,16.146,15.180,16.298,16.774,15.842,14.213,14.380,16.359,14.734,15.829,15.816,16.589,14.283,15.874,14.248,15.459,14.810,15.991,17.547,15.706,14.706,14.629,16.936,16.571,15.559,14.652,16.116,16.694,17.652,16.347,16.598,17.146,15.813,17.101,16.974,17.681,16.523,17.020,14.702,15.134,14.974,16.088,17.417,14.602,15.792,15.059,15.777,14.714,16.546,16.862,15.194,16.328,16.827,16.698,16.432,16.154,14.749,16.305,15.822,15.895,15.276,17.156,15.568,15.713,17.159,13.744,15.251,18.517,15.697,16.029,14.046,15.791,14.617,14.728,13.135,14.946,14.598,14.760,13.429,14.778,15.359
PE(14:1/17:0)_IS,21.420,19.610,21.106,20.455,21.602,21.076,20.633,22.183,19.947,20.298,21.806,21.221,21.989,21.735,21.059,20.332,20.902,20.585,20.966,21.103,21.511,19.926,20.863,20.459,20.111,20.198,21.448,20.726,20.557,19.931,20.263,20.955,20.888,21.211,19.884,20.528,21.226,20.839,21.449,20.835,20.713,20.606,20.584,20.500,21.554,21.536,21.485,21.267,19.727,21.041,20.417,21.159,20.566,20.834,21.161,21.331,20.707,20.685,19.441,21.182,20.208,21.107,21.549,21.346,21.161,20.911,22.093,19.986,21.221,20.643,20.152,22.858,19.728,19.366,21.127,21.876,20.388,20.235,20.769,20.766,20.804,21.232,20.927,20.855,20.997,20.692,21.328