Lipid,C3L-00365,C3L-00674,C3L-00677,C3L-01043,C3L-01045,C3L-01048,C3L-01049,C3L-01149,C3L-01157,C3L-01839,C3L-01887,C3L-02041,C3L-02465,C3L-02504,C3L-02542,C3L-02642,C3L-02704,C3L-02705,C3L-02707,C3L-02708,C3L-02900,C3L-02970,C3L-02984,C3L-03266,C3L-03407,C3L-03681,C3L-03727,C3L-03728,C3L-03748,C3L-04084,C3N-00661,C3N-00662,C3N-00663,C3N-00665,C3N-01192,C3N-01196,C3N-01334,C3N-01364,C3N-01366,C3N-01368,C3N-01369,C3N-01370,C3N-01505,C3N-01515,C3N-01517,C3N-01518,C3N-01798,C3N-01814,C3N-01815,C3N-01816,C3N-01817,C3N-01818,C3N-01850,C3N-01852,C3N-01856,C3N-02181,C3N-02183,C3N-02185,C3N-02186,C3N-02188,C3N-02190,C3N-02255,C3N-02256,C3N-02769,C3N-02770,C3N-02782,C3N-02783,C3N-02784,C3N-02785,C3N-02786,C3N-02788,C3N-03070,C3N-03088,C3N-03180,C3N-03182,C3N-03183,C3N-03184,C3N-03186,C3N-03187,C3N-03188,PT-NPJ7,PT-P44H,PT-Q2AG,PT-R55F,PT-RN5K,PT-UTHO,PT-WVLH
Cer(d16:1/18:0);Cer(d18:1/16:0),22.355,21.645,21.219,22.238,21.983,23.158,21.707,21.029,20.263,19.080,19.491,21.238,21.072,21.759,21.753,20.598,21.578,20.588,20.275,21.893,20.872,22.072,20.191,22.075,20.596,20.915,21.299,20.700,21.958,21.916,23.892,21.885,23.454,22.435,21.414,22.938,21.236,21.463,21.163,20.847,22.929,18.215,22.287,21.985,21.453,21.447,21.010,21.017,20.962,20.710,18.997,20.576,19.488,21.054,24.321,22.573,20.787,22.258,20.258,21.117,21.281,20.133,20.332,24.476,21.017,21.803,19.494,21.535,21.535,23.532,21.774,20.805,20.051,21.544,21.675,20.866,21.414,22.335,19.680,19.828,18.951,18.926,18.701,18.657,19.087,18.800,18.468
Cer(d18:0/16:0),19.205,17.293,16.145,19.333,18.739,20.017,17.779,18.517,16.577,14.656,16.006,18.206,18.733,18.340,18.016,16.603,17.977,16.290,16.107,19.270,18.075,18.927,16.997,17.657,15.687,18.118,17.683,16.686,18.795,17.907,20.863,17.989,20.199,18.863,17.628,19.745,17.714,20.326,17.427,18.407,18.622,13.405,19.432,19.038,18.164,18.685,17.172,16.766,16.361,18.428,14.512,17.746,15.147,17.650,21.442,19.688,17.082,18.219,15.699,17.769,17.376,15.779,16.505,21.461,17.208,17.183,16.781,18.595,18.028,20.483,18.175,16.913,15.637,16.835,17.594,17.700,18.880,18.956,15.414,15.728,15.690,13.338,14.117,14.785,15.142,14.637,14.461
Cer(d18:0/18:0),19.437,18.217,16.914,18.822,17.561,19.408,16.608,19.872,18.017,17.336,18.414,17.241,19.044,18.826,17.842,18.247,18.060,17.851,17.461,18.196,18.245,20.049,18.571,19.319,17.567,19.564,17.353,17.087,19.066,18.165,20.860,17.927,19.713,18.320,17.983,19.079,17.721,18.076,16.446,18.270,18.358,17.595,18.222,17.705,17.568,18.697,17.405,17.631,17.388,17.896,17.091,18.363,17.128,17.861,20.726,18.437,16.863,18.492,17.833,17.545,18.436,17.671,18.151,21.131,18.153,16.614,17.274,17.970,18.835,19.168,18.058,17.547,16.531,18.655,15.723,16.438,18.781,19.634,17.920,17.616,18.350,16.174,17.456,17.389,17.706,17.618,17.587
Cer(d18:0/22:0),18.223,16.749,15.842,18.306,16.624,17.792,16.719,18.741,15.612,15.736,16.694,17.042,17.286,17.347,15.889,16.021,16.281,16.836,15.075,18.035,16.933,18.070,16.964,17.457,15.932,17.638,16.400,14.978,17.596,16.840,18.922,16.705,18.841,17.523,16.938,17.406,16.840,16.608,16.859,17.096,17.227,16.006,17.789,17.896,16.279,17.116,15.173,16.287,15.944,16.391,15.114,16.648,14.649,16.651,19.105,17.896,15.656,17.226,15.564,17.076,16.933,15.432,15.345,19.847,16.875,16.394,15.780,17.346,17.406,18.227,17.909,16.046,15.478,17.143,16.161,17.975,16.992,17.559,16.159,15.826,14.838,13.300,14.590,14.987,15.313,15.505,14.915
Cer(d18:0/24:0),19.098,17.955,16.793,18.731,17.877,18.597,17.880,18.416,16.328,16.563,17.511,18.106,17.970,18.429,16.708,17.426,16.994,17.769,15.950,19.125,17.818,18.087,18.192,17.950,16.949,18.351,17.164,16.010,18.723,17.768,19.326,17.664,19.743,18.692,17.800,18.472,17.872,17.884,18.234,17.681,17.988,16.975,18.510,19.324,17.003,18.187,15.930,17.391,17.504,16.760,15.661,17.896,15.237,16.973,19.658,18.699,17.248,17.873,16.377,18.542,17.946,16.069,16.067,20.416,17.456,16.986,16.631,18.937,18.443,19.289,19.378,17.382,16.280,18.563,17.221,19.134,17.283,18.054,16.813,16.543,14.555,13.839,14.510,15.363,16.078,15.828,14.946
Cer(d18:0/24:1),19.649,18.840,16.750,18.993,17.951,18.299,18.106,19.742,18.128,19.053,19.904,18.322,18.828,18.619,17.126,17.968,18.429,18.826,17.109,19.500,18.269,19.221,19.925,19.644,19.056,20.184,17.679,17.544,19.286,18.077,20.523,18.188,20.339,19.144,19.415,19.552,19.147,19.734,18.286,18.871,19.323,20.183,19.175,19.935,16.759,19.521,17.322,17.931,19.110,18.812,17.914,19.162,17.881,17.811,20.453,19.616,18.041,18.452,19.461,18.657,19.329,17.236,17.272,20.547,18.124,18.079,18.450,19.766,18.630,19.756,19.214,17.028,18.151,20.728,17.929,17.943,18.542,19.059,18.267,18.857,17.361,16.618,17.553,18.593,19.074,19.162,18.177
Cer(d18:1/18:0)_A,23.145,22.720,22.034,22.640,22.034,23.728,20.820,22.434,22.492,22.559,22.474,20.779,21.946,21.957,21.750,22.123,22.414,22.368,21.950,21.367,21.672,23.092,22.508,23.106,22.374,22.232,21.965,22.062,22.478,22.861,24.332,22.125,23.025,22.327,22.228,22.960,22.302,20.063,21.401,21.690,22.751,22.392,22.130,21.249,21.731,22.029,21.767,22.205,22.505,21.198,22.076,21.997,22.337,22.290,24.581,22.057,22.316,22.979,22.452,21.370,22.411,21.943,22.065,24.836,22.190,22.464,21.356,21.603,22.598,23.132,22.209,21.095,22.078,23.632,20.143,20.085,22.061,23.399,22.615,22.157,22.722,22.000,22.516,22.442,22.572,22.603,22.405
Cer(d18:1/18:0)_B,16.788,17.839,16.778,16.256,15.409,17.073,14.609,15.777,18.423,18.276,17.498,15.072,15.979,15.912,15.549,17.260,17.216,18.244,17.177,14.787,16.386,18.147,17.520,18.209,17.903,17.397,15.794,17.296,16.959,17.885,18.768,15.992,17.047,16.819,16.297,16.589,16.770,13.700,16.335,17.201,18.230,17.494,18.037,15.675,15.623,16.368,17.681,16.400,18.929,14.526,18.011,16.991,18.641,17.467,18.639,15.548,17.995,18.401,18.029,15.359,17.957,17.489,17.910,19.229,17.727,16.271,15.386,16.244,17.262,16.844,17.031,14.645,17.013,18.760,13.809,13.095,16.438,18.595,17.635,17.741,18.877,18.182,18.480,18.194,17.996,18.669,18.565
Cer(d18:1/20:0),19.437,20.394,19.875,19.391,19.294,20.603,18.447,19.349,20.486,19.946,20.555,18.744,19.782,18.929,19.044,19.811,19.439,19.855,19.320,19.452,18.890,20.971,19.074,20.606,19.240,18.842,18.850,19.092,19.828,20.309,21.296,19.563,20.617,19.878,19.708,20.092,19.860,17.441,18.609,18.376,20.818,19.978,20.052,19.006,18.680,18.524,19.703,19.568,19.450,18.273,20.147,20.033,20.880,19.091,21.404,19.069,18.969,20.609,19.404,18.489,19.382,20.534,21.039,22.222,20.605,19.355,19.165,18.616,20.824,20.396,20.044,19.459,19.230,21.225,18.506,17.584,19.304,21.244,20.697,20.100,21.686,20.989,21.570,21.233,20.943,21.119,21.398
Cer(d18:1/22:0),20.497,20.387,19.959,20.514,20.235,21.203,20.266,20.670,19.468,19.413,19.477,20.207,19.960,19.900,19.488,19.560,19.428,19.965,19.126,20.877,19.589,20.633,19.814,20.328,19.317,19.683,19.575,19.271,20.444,20.287,21.563,19.980,21.355,20.867,19.746,20.300,19.944,18.803,20.263,19.363,20.572,19.494,20.513,19.787,20.062,19.411,19.228,19.650,20.041,18.947,19.441,19.757,19.264,19.571,21.945,20.117,19.669,20.796,19.438,19.863,20.079,19.094,19.149,22.284,19.915,20.058,19.003,19.629,20.260,21.379,20.437,19.658,19.182,20.919,20.115,19.182,19.639,20.784,19.926,19.455,18.923,18.214,18.941,18.951,19.220,19.108,18.744
Cer(d18:1/23:0),19.371,21.167,19.252,19.278,18.899,18.975,19.220,18.077,19.502,20.303,19.572,18.760,17.931,19.357,18.954,19.373,17.913,20.380,18.434,19.643,17.809,20.242,20.673,20.657,20.281,19.907,17.913,19.235,19.716,19.418,20.627,19.444,20.322,20.001,19.146,18.827,19.268,17.097,19.761,18.287,21.275,20.318,20.221,18.728,18.282,19.005,19.054,19.922,20.733,17.860,19.914,19.245,19.792,17.884,20.615,19.486,20.511,20.913,20.054,18.218,20.528,18.637,19.199,21.456,19.553,18.951,18.728,19.134,19.442,20.266,19.455,18.814,19.885,21.889,19.423,18.630,18.877,20.401,20.002,19.844,19.028,19.078,18.887,19.330,20.023,19.421,18.838
Cer(d18:1/24:0),21.342,21.506,21.069,21.326,21.201,21.804,21.275,20.492,20.323,20.551,20.411,21.537,20.835,20.945,20.383,20.677,20.139,21.286,20.212,21.950,20.929,20.966,21.892,21.412,20.882,21.207,20.684,20.335,21.502,21.106,22.101,21.205,22.493,21.651,20.810,21.194,20.946,20.344,21.545,20.348,21.518,20.825,21.379,21.057,21.047,20.715,20.072,20.572,21.549,20.141,20.367,21.006,20.005,20.471,22.732,21.072,21.288,21.562,20.946,20.906,21.554,19.866,20.012,22.859,20.831,20.712,20.334,21.042,21.084,22.539,21.343,20.941,20.937,22.141,21.456,20.493,20.176,21.210,21.032,20.840,18.967,19.375,19.066,19.862,20.500,19.871,19.266
Cer(d18:1/24:1),22.104,22.772,21.432,22.139,21.568,22.018,21.733,21.566,21.839,23.281,23.001,21.714,21.959,21.399,21.078,21.432,21.412,22.538,21.391,22.450,21.540,22.183,23.345,23.232,22.894,22.571,21.438,21.960,22.199,21.700,23.558,21.593,23.207,22.416,22.305,22.445,22.259,21.622,22.031,21.364,23.309,23.490,22.179,21.840,21.338,22.103,21.596,21.316,23.068,21.568,22.505,22.252,22.193,21.382,23.865,21.965,22.562,22.271,23.302,21.175,22.789,21.112,21.580,23.514,21.780,22.190,22.329,21.990,21.886,23.141,21.851,21.271,22.489,23.932,22.248,20.684,21.351,22.678,22.333,22.608,21.745,22.358,22.189,22.670,22.814,22.764,22.433
Cer(d18:1/25:0),17.057,19.340,17.480,16.914,16.314,16.283,16.610,15.079,17.943,19.047,18.301,16.427,15.597,16.683,16.279,17.438,15.394,18.996,16.765,17.135,15.524,18.400,20.025,19.351,18.766,18.311,15.032,17.345,17.388,17.342,17.974,16.798,18.051,17.297,16.865,16.259,17.033,15.428,17.790,15.920,19.495,19.254,17.830,16.488,15.734,16.746,17.451,17.817,19.317,14.991,18.672,18.043,18.272,15.909,17.444,17.168,19.167,19.005,18.825,15.479,18.978,16.837,17.031,18.883,17.830,16.388,17.579,17.385,17.243,17.353,17.368,17.101,18.923,20.359,15.911,16.772,16.549,18.818,18.728,19.089,17.329,18.101,17.300,18.304,18.768,18.032,17.519
Cer(d18:1/26:0),16.532,17.486,17.114,16.875,16.441,16.796,16.372,16.015,16.523,16.795,16.618,17.605,16.767,16.014,15.312,16.250,15.302,17.513,16.105,17.714,16.186,17.168,18.269,17.556,16.933,17.247,16.450,16.121,16.790,16.484,17.691,16.101,18.342,16.842,16.058,15.455,16.484,15.768,16.770,15.698,17.587,16.967,17.159,16.229,16.443,16.167,15.554,15.813,17.257,14.973,16.588,16.486,16.132,15.891,17.873,16.285,17.909,17.572,16.478,16.052,17.526,15.677,15.691,18.014,16.382,15.611,16.005,16.660,17.176,17.405,16.991,17.267,17.535,18.371,16.008,16.099,15.065,17.591,17.240,17.120,15.182,15.898,15.514,16.042,16.241,15.682,15.435
Cer(d18:1/26:1),17.407,19.645,17.946,17.551,17.180,16.304,17.443,16.479,19.137,20.113,20.036,16.995,18.125,16.590,16.182,18.128,17.234,19.732,18.182,18.240,16.985,19.109,21.465,19.970,19.896,19.871,17.291,18.711,17.313,17.533,19.108,16.436,19.146,17.778,18.059,17.743,18.478,17.756,17.441,16.987,19.871,20.749,18.232,17.296,16.245,18.269,17.938,17.442,20.120,15.705,19.461,18.791,19.572,17.285,19.223,18.021,19.601,18.952,20.060,15.872,19.468,17.783,18.441,19.392,18.465,17.700,18.876,18.051,17.833,18.479,17.884,17.030,20.103,21.090,17.148,15.964,16.965,19.276,19.579,20.187,18.758,19.810,19.188,20.039,20.083,19.973,19.592
CL(70:4),NA,13.121,12.663,13.228,11.506,12.533,NA,12.144,16.211,14.952,15.864,13.284,11.488,11.153,NA,15.940,16.992,15.054,16.141,NA,12.463,15.511,17.138,14.243,13.697,15.549,12.446,13.840,11.233,14.088,NA,11.329,NA,11.856,13.808,NA,14.277,10.368,NA,14.362,NA,15.656,NA,NA,10.740,NA,12.838,10.618,12.806,11.978,14.725,16.401,16.323,13.609,NA,NA,13.284,16.409,12.763,10.447,14.327,16.749,17.023,NA,13.630,11.779,12.397,NA,11.018,NA,11.866,NA,14.130,13.201,NA,NA,12.653,14.955,16.901,15.297,16.054,17.450,15.562,15.795,15.713,15.745,15.709
CL(72:5),9.995,13.210,12.415,13.236,10.369,13.350,NA,12.436,16.634,15.537,16.231,13.108,11.458,11.176,12.063,15.488,17.563,15.388,16.344,NA,10.740,15.255,15.756,14.521,14.857,15.461,12.809,14.292,11.525,14.260,NA,12.430,11.865,11.330,13.697,NA,14.757,10.174,NA,14.571,10.615,15.707,NA,10.707,9.941,NA,13.784,10.388,12.657,12.223,15.395,16.719,16.631,14.236,10.492,NA,14.228,17.125,13.541,10.941,14.593,16.623,17.088,NA,14.007,12.968,12.512,NA,10.956,NA,12.062,NA,14.788,13.651,9.998,NA,12.169,15.279,17.694,16.193,16.923,16.925,16.381,15.373,16.353,15.902,16.226
PA(16:0/18:1),15.009,17.273,15.846,15.655,16.068,17.195,15.680,14.455,17.420,18.551,19.267,15.442,13.921,16.983,15.398,15.933,15.724,17.448,16.886,13.147,15.124,17.021,17.892,18.050,18.098,16.378,15.387,17.952,14.927,16.473,15.458,16.089,13.996,13.767,15.967,15.517,16.848,14.611,15.079,15.080,16.680,19.616,15.155,15.661,15.315,15.369,16.835,15.927,18.492,16.412,17.878,17.134,18.216,15.541,13.263,15.301,17.838,16.440,19.121,14.481,17.363,16.647,17.237,13.792,16.316,16.057,17.065,14.912,15.261,15.256,16.089,14.793,18.019,18.457,15.108,15.116,16.091,16.602,18.029,18.264,16.982,17.249,17.295,17.904,17.984,17.875,17.273
PA(16:0/18:2),13.177,16.262,14.183,14.319,15.114,14.774,14.356,12.674,16.014,15.420,16.151,13.780,13.015,14.292,13.196,13.829,13.218,15.288,14.162,12.868,13.487,14.552,15.002,15.590,15.593,14.639,13.435,16.880,13.345,14.379,13.424,13.637,12.546,12.311,14.427,12.960,14.508,13.153,13.575,12.857,14.899,15.920,13.938,12.980,14.743,13.679,15.537,13.884,16.617,15.402,16.266,14.790,15.272,13.538,10.922,13.574,17.123,13.996,16.634,12.899,15.669,13.512,14.042,12.127,14.623,14.190,14.446,13.986,13.571,14.694,14.394,13.648,16.966,16.815,14.529,13.845,14.597,14.970,16.570,16.496,14.284,14.189,13.671,13.241,13.979,14.153,13.048
PA(16:0/20:4),14.309,16.209,15.178,14.516,14.127,15.580,14.772,13.558,15.587,15.810,16.790,15.481,12.514,16.241,14.474,15.724,14.774,15.710,15.364,13.079,15.263,15.136,15.909,15.631,15.363,14.720,14.050,15.937,14.257,15.046,13.597,14.452,13.155,12.047,14.035,13.195,15.214,13.065,12.661,13.540,13.681,16.706,14.357,12.780,14.463,14.314,14.906,14.992,16.279,14.111,15.870,14.990,16.535,14.149,12.317,13.924,16.228,14.874,16.535,13.778,15.091,14.489,15.498,12.966,14.919,13.617,15.014,13.516,14.064,14.066,14.717,14.090,16.500,15.953,13.826,14.982,14.329,14.191,16.564,16.525,13.574,13.945,14.734,14.734,14.335,14.805,14.181
PA(18:1/18:1),12.479,14.753,13.138,12.800,13.265,14.303,14.210,12.119,15.315,16.576,17.775,12.971,12.812,14.176,12.726,13.293,13.618,15.013,14.258,11.937,12.817,13.572,15.984,15.895,16.045,14.377,12.749,15.463,13.118,13.952,12.558,13.697,12.137,11.791,13.671,13.536,14.705,13.553,13.341,12.903,13.345,18.133,13.047,12.363,13.215,13.433,14.744,12.890,16.112,14.723,15.540,14.774,16.166,12.731,14.595,13.089,15.435,13.523,17.272,12.354,14.921,14.305,15.012,11.816,13.487,14.153,14.776,13.137,12.496,14.017,13.443,NA,15.767,16.506,13.846,12.579,13.634,13.892,15.287,15.809,14.836,15.801,15.256,15.722,15.822,15.655,14.992
PA(18:1/20:4),13.122,14.083,13.586,14.155,12.577,13.572,13.660,12.019,14.212,14.860,15.864,13.823,12.051,14.722,13.114,14.029,13.492,14.082,13.849,12.811,14.160,12.923,15.083,14.442,14.490,13.536,13.011,14.835,13.377,13.635,11.918,13.407,12.573,11.124,13.057,12.180,14.166,12.366,11.999,12.719,12.564,16.132,13.197,11.881,13.111,12.738,13.728,13.744,14.704,13.363,14.448,13.527,15.037,12.619,14.953,12.690,14.462,12.667,15.453,12.388,13.727,13.542,13.952,11.315,13.326,13.173,13.926,12.589,12.608,12.976,12.801,12.927,14.938,15.008,12.994,12.924,13.337,13.094,14.610,14.637,12.666,13.316,13.406,13.514,13.698,13.922,12.947
PE(14:0/22:6),15.431,15.210,15.655,15.549,14.997,15.601,14.712,15.452,14.868,15.696,16.017,18.052,16.839,15.076,15.902,16.960,15.012,14.422,15.858,16.812,17.477,16.007,15.625,14.674,14.460,16.298,15.425,15.734,15.714,15.954,15.510,15.302,15.273,15.017,16.211,14.045,16.200,15.798,15.098,16.291,13.214,16.569,15.910,14.341,14.901,15.155,15.679,15.569,14.505,15.367,16.539,15.955,16.250,16.279,14.271,14.108,14.910,15.339,15.265,14.459,14.524,16.130,16.157,14.115,16.019,14.411,15.635,14.597,16.084,13.392,14.788,15.896,15.444,13.208,14.646,15.942,15.726,15.808,16.073,16.280,16.990,17.456,17.570,17.313,16.822,17.085,16.977
PE(16:0/0:0)_A,19.606,18.899,19.349,16.940,17.896,16.698,17.527,17.942,16.749,15.564,15.224,18.707,19.021,19.290,19.533,17.780,18.137,18.942,18.270,20.350,18.663,18.152,17.122,19.251,18.142,18.710,18.021,16.987,18.699,18.195,19.130,19.060,20.341,18.122,18.636,19.248,17.355,18.995,18.619,18.552,20.312,15.279,18.673,19.042,18.284,19.799,17.681,19.588,18.004,17.914,16.872,15.944,14.774,18.487,20.254,20.235,15.934,15.655,16.675,18.587,19.130,18.805,18.405,18.834,18.944,18.650,20.145,16.939,19.380,19.505,18.083,20.040,15.119,16.994,19.982,18.223,18.957,18.268,14.792,16.126,17.222,16.979,17.581,17.120,17.755,17.707,17.507
PE(16:0/0:0)_B,17.333,17.484,17.172,17.002,17.926,17.806,16.569,17.174,17.176,16.587,16.251,18.050,17.372,16.612,17.317,17.583,16.435,16.364,16.268,17.734,17.875,17.294,17.228,16.600,16.985,16.852,17.346,16.875,16.673,16.850,17.957,16.278,17.688,15.805,17.035,16.385,16.090,16.873,16.344,16.562,16.600,16.623,16.887,16.347,16.116,17.331,16.883,16.903,16.740,16.854,16.688,16.789,16.909,17.266,18.539,17.538,16.497,17.611,16.491,17.364,16.418,16.485,16.827,17.357,16.987,16.031,16.966,16.523,17.708,16.371,16.861,17.643,16.778,18.939,16.967,17.150,16.193,17.757,16.894,16.445,17.567,18.009,18.808,18.055,18.167,17.406,18.760
PE(16:0/16:0),19.292,17.760,18.291,19.502,18.720,19.034,19.005,18.417,17.036,16.240,17.508,20.226,18.233,19.291,19.314,17.394,18.998,17.482,18.066,19.783,19.340,17.774,18.015,17.032,17.560,17.209,18.992,17.850,18.907,17.971,19.286,18.187,20.176,18.781,18.889,18.292,18.250,19.554,18.388,17.429,18.323,16.807,18.708,18.197,18.668,19.213,17.577,18.390,17.215,18.594,16.606,17.980,16.704,17.816,19.981,19.275,18.528,17.977,16.842,18.977,17.897,18.141,17.689,18.738,17.897,18.041,18.085,18.916,17.967,19.171,18.273,19.659,16.652,17.121,20.166,18.638,18.405,17.506,16.985,17.034,17.349,17.294,17.011,17.470,17.415,17.086,17.270
PE(16:0/16:1);PE(14:0/18:1),21.881,19.210,21.346,21.002,21.785,20.976,19.604,20.738,19.127,18.697,18.958,22.748,21.439,20.292,20.986,20.938,19.548,20.268,20.666,23.016,22.237,20.450,19.910,17.596,18.442,19.873,20.667,18.535,21.012,21.127,21.225,20.838,22.249,20.763,21.781,21.149,20.314,21.666,19.568,21.356,19.905,18.756,20.708,21.121,20.555,21.237,19.546,20.904,18.821,19.374,19.041,20.306,19.385,21.051,21.355,20.282,18.320,21.754,19.605,21.326,18.920,21.204,19.534,20.299,20.834,20.414,20.518,19.761,21.884,20.288,20.204,21.465,18.205,16.545,21.008,21.344,20.322,20.164,19.409,19.178,21.077,20.446,19.739,19.409,19.281,19.399,19.491
PE(16:0/18:0),19.499,18.607,19.588,19.821,19.309,19.575,19.986,20.224,19.534,18.564,19.474,19.940,20.235,19.874,20.150,18.537,19.420,18.556,19.367,19.958,19.543,18.662,17.897,18.367,18.426,17.578,19.876,18.800,20.108,19.405,19.611,19.832,20.783,19.587,19.484,19.342,19.604,20.118,19.178,18.662,19.002,19.123,19.377,19.263,19.764,19.318,19.713,19.606,17.782,19.416,18.866,19.534,19.455,18.864,20.180,19.991,18.708,19.685,17.572,19.564,18.419,19.803,20.179,20.027,19.978,19.342,19.188,19.388,19.817,19.772,19.551,21.368,17.956,18.668,20.917,18.686,19.499,19.382,19.311,18.883,20.460,20.001,20.248,20.059,19.918,19.528,20.428
PE(16:0/18:1),23.685,22.903,23.538,23.375,23.260,23.495,23.166,23.288,22.912,22.830,23.207,24.201,24.000,23.422,23.452,23.435,23.169,22.808,23.239,23.700,23.906,23.104,23.499,22.475,22.526,23.366,23.198,22.776,23.180,23.231,23.904,23.271,24.429,22.956,23.418,23.495,23.201,23.612,22.799,23.621,22.429,23.135,23.151,22.701,23.289,23.340,23.397,23.170,22.729,23.719,22.754,23.578,23.202,23.562,23.386,22.819,22.666,23.694,22.937,23.581,22.980,23.521,23.171,22.921,23.258,23.376,23.455,23.065,23.520,22.903,22.924,24.289,22.310,21.986,23.877,22.728,22.944,23.330,23.303,23.218,23.585,23.446,23.215,23.269,23.230,22.815,23.300
PE(16:0/18:2);PE(16:1/18:1),21.250,20.713,21.151,21.118,21.679,20.700,21.321,20.331,20.407,19.436,20.064,21.345,21.267,20.392,20.656,20.548,19.628,20.383,20.463,21.936,21.295,20.129,21.074,19.769,19.614,20.507,20.650,20.432,20.544,20.365,21.407,20.456,21.927,20.168,20.626,20.489,20.455,21.585,20.271,20.494,20.586,19.193,20.542,20.267,21.835,20.696,20.715,20.281,20.469,21.666,20.473,20.711,19.318,20.569,20.278,20.718,20.845,20.749,20.195,20.947,21.154,20.045,19.484,21.050,20.374,20.866,20.365,21.355,21.190,21.634,20.379,22.240,19.953,19.695,22.374,21.353,20.904,21.165,20.090,20.673,21.028,19.964,19.774,19.341,19.938,19.352,19.465
PE(16:0/20:4),24.695,23.330,23.631,23.191,24.040,23.454,23.094,23.313,23.215,22.985,22.993,24.748,24.210,23.724,23.431,23.620,23.131,23.182,23.048,24.449,24.536,23.020,22.790,21.952,21.792,22.882,23.792,22.507,23.338,23.747,24.196,23.124,25.303,23.497,23.183,23.395,23.190,23.347,21.479,23.589,23.256,23.135,23.381,23.717,23.285,23.781,22.969,23.080,22.785,22.228,22.668,23.413,23.528,23.616,23.935,23.520,22.609,24.763,23.475,24.199,22.452,23.139,23.094,24.706,23.756,23.113,22.957,22.510,24.726,22.961,23.681,25.186,23.049,22.207,23.247,23.629,22.510,23.114,24.099,22.445,23.259,23.742,24.018,23.493,23.586,23.118,23.663
PE(16:0/20:5),16.582,17.200,17.190,16.557,16.439,16.475,16.153,15.971,15.525,15.490,15.376,19.572,17.214,15.763,15.921,17.249,16.432,17.213,16.561,17.348,17.948,16.403,16.209,15.735,14.334,17.875,17.171,15.594,15.865,16.723,18.088,16.543,18.105,16.704,16.931,15.897,17.065,18.076,16.653,17.452,16.322,16.089,15.875,16.755,15.995,16.069,15.636,16.134,15.820,15.615,15.466,16.450,17.397,16.938,15.310,15.227,16.451,16.566,16.647,16.571,16.073,17.570,17.565,15.145,15.684,15.926,17.350,15.727,17.533,16.071,15.753,19.047,15.165,14.418,16.978,17.931,15.220,16.807,15.248,15.892,16.413,16.371,16.823,16.016,15.783,15.697,16.022
PE(16:0/22:4),22.380,21.266,22.586,21.777,20.297,21.833,21.568,22.653,21.697,21.453,22.129,23.441,21.740,22.669,22.592,22.134,20.284,21.343,21.703,21.989,23.068,21.354,21.198,20.445,20.441,20.160,21.626,21.099,20.678,21.116,20.786,21.752,22.868,19.500,20.584,20.677,21.257,21.423,20.652,20.440,20.364,21.736,21.469,19.007,20.514,21.924,21.781,22.239,21.041,20.043,21.459,21.941,22.022,20.017,20.503,21.210,20.811,21.523,21.161,21.211,21.148,22.202,22.169,20.891,22.217,20.212,21.212,21.232,22.283,20.612,21.698,22.441,20.874,20.798,21.602,21.111,20.533,21.027,22.290,21.838,22.072,22.092,21.982,22.055,22.251,22.030,22.245
PE(16:0/22:5),21.315,19.810,21.205,21.346,19.043,21.031,19.769,21.555,21.032,20.794,21.770,21.213,20.972,21.609,21.602,21.252,19.095,19.936,20.770,20.120,21.433,20.698,20.799,20.071,20.247,18.691,20.636,19.679,20.482,20.244,19.373,19.827,20.341,19.160,19.985,21.425,19.561,19.556,18.848,19.456,18.199,20.209,20.186,18.859,20.029,21.805,21.698,20.078,20.337,18.669,19.698,20.997,20.676,20.451,19.536,19.526,19.496,21.245,19.737,20.525,19.320,19.953,20.230,20.464,20.951,20.120,19.385,20.063,21.447,19.657,20.788,20.299,20.409,18.673,19.899,21.005,21.052,19.000,21.649,20.103,20.509,21.331,20.232,21.630,20.755,21.316,21.329
PE(16:0/22:6),23.353,22.827,23.566,22.525,22.461,23.024,22.774,22.700,22.880,23.565,23.193,23.833,23.488,22.797,22.866,23.435,22.839,22.823,23.239,23.035,23.589,22.746,22.867,22.269,22.146,23.229,22.882,22.737,22.639,23.071,23.104,23.046,23.388,22.483,22.955,22.336,23.492,22.689,21.788,23.335,21.438,23.473,22.911,22.274,23.007,22.887,23.403,22.827,22.722,22.715,23.111,23.227,23.573,23.270,21.533,21.918,22.621,23.360,22.986,23.225,22.612,23.594,23.432,22.991,23.620,22.699,23.144,22.617,23.732,22.151,22.912,23.710,22.766,21.729,22.627,22.547,22.605,23.564,23.330,23.345,23.919,23.724,23.747,23.619,23.832,23.461,23.631
PE(16:1/0:0),17.290,16.213,16.421,14.871,16.456,16.537,15.053,15.393,14.134,11.826,12.164,16.000,15.901,15.514,15.905,15.956,15.790,16.863,16.223,17.790,16.037,16.382,14.122,16.252,14.386,16.059,15.598,12.994,15.603,15.665,16.287,16.090,17.003,15.724,16.032,NA,14.079,16.491,15.743,17.737,17.236,12.349,15.538,17.184,15.969,17.412,15.190,16.417,15.133,15.638,13.584,12.318,12.250,16.294,17.603,16.924,12.955,11.738,13.923,15.534,16.092,15.786,15.479,15.709,15.800,15.454,16.725,14.070,16.562,16.740,16.493,16.309,11.472,11.989,15.861,15.738,16.429,15.225,10.939,13.019,14.421,15.039,13.897,13.560,14.478,14.604,13.749
PE(16:1/18:1),21.358,19.773,20.799,19.937,21.077,20.002,18.985,19.705,19.598,20.803,20.591,21.140,22.142,19.241,19.754,21.942,19.206,20.429,20.422,22.477,22.344,20.170,22.504,18.512,19.448,21.644,19.972,19.124,20.086,20.679,21.358,20.599,21.845,20.654,22.439,21.763,20.377,22.133,18.976,21.536,19.443,21.461,20.095,21.467,20.141,21.773,19.622,20.633,19.897,19.227,20.062,21.266,20.937,20.655,20.821,20.546,18.846,20.988,21.796,20.899,19.846,21.017,19.790,20.324,20.287,20.087,20.818,19.502,21.350,19.866,20.071,20.785,20.070,18.822,21.081,18.564,20.316,20.469,20.188,19.970,21.643,22.523,21.081,21.108,21.224,21.357,21.010
PE(16:1/18:2),16.427,15.882,16.743,15.826,17.226,15.342,15.982,14.686,15.345,15.305,15.745,15.737,16.313,14.309,15.482,17.049,15.100,15.815,16.797,17.280,16.207,15.616,17.561,14.729,14.796,17.470,16.102,16.120,15.475,16.345,16.668,15.932,15.901,15.255,16.239,16.021,16.276,18.520,14.968,16.404,14.765,15.334,14.932,15.894,17.896,15.935,15.976,15.744,16.448,16.948,16.192,16.719,15.916,16.346,14.596,15.825,16.017,15.731,16.290,16.344,16.954,15.380,14.397,14.596,15.477,15.970,16.456,16.548,16.310,16.179,15.851,16.530,15.863,14.755,17.682,15.422,16.968,16.813,15.748,16.756,17.607,17.086,15.104,14.546,15.610,15.567,14.702
PE(16:1/20:4),18.786,18.018,19.251,18.926,18.098,18.282,16.843,16.067,17.769,18.222,18.007,19.062,18.457,17.905,18.443,20.819,18.632,18.201,18.957,18.415,20.146,17.950,20.301,17.166,16.751,19.604,18.854,17.497,17.849,18.709,18.419,17.592,18.328,17.314,18.793,17.807,17.970,19.234,15.567,19.476,15.275,18.210,17.209,17.938,18.730,18.867,17.735,18.592,17.416,17.061,17.511,19.225,18.909,18.844,16.316,18.345,16.876,18.168,18.173,19.215,17.451,17.975,17.882,16.721,17.516,17.373,18.619,17.459,18.868,16.257,18.758,18.977,17.217,14.789,16.646,17.461,18.420,17.699,18.411,18.081,18.498,19.040,18.320,18.519,18.069,18.797,18.226
PE(16:1/22:6),17.994,16.881,19.232,18.070,16.694,17.698,16.237,16.500,15.921,16.775,16.581,17.887,18.415,16.457,16.746,19.277,16.851,17.000,18.667,17.582,19.643,16.881,18.525,16.381,16.652,19.434,17.576,17.039,16.862,17.558,18.334,17.435,16.929,16.779,18.529,16.744,17.810,17.829,15.434,18.887,14.308,16.191,17.197,17.015,18.287,18.022,17.190,17.571,17.268,16.668,16.721,18.152,15.948,17.923,15.498,16.851,16.612,16.850,17.173,18.306,16.961,17.521,16.745,15.919,16.860,16.531,17.620,17.370,17.819,15.779,16.532,17.620,17.027,14.625,16.640,15.711,17.953,17.343,17.146,17.153,18.358,17.787,16.648,17.189,16.606,17.836,16.184
PE(17:0/0:0),15.270,14.475,14.632,13.956,14.959,15.467,14.735,14.644,13.441,12.515,13.011,14.465,14.977,15.099,14.850,14.345,13.855,13.883,13.524,15.478,14.559,13.773,12.783,14.313,14.266,13.602,14.490,13.561,14.242,14.061,14.905,14.485,15.507,14.095,13.728,14.951,13.960,14.893,13.752,14.692,15.116,12.864,14.747,14.409,14.628,15.271,14.878,15.033,13.717,14.445,13.021,13.133,13.222,14.277,16.225,15.284,13.421,13.541,12.899,14.405,13.736,13.963,14.586,15.470,14.535,14.264,14.820,13.641,14.808,14.870,14.369,15.916,13.173,14.900,15.149,14.644,13.971,14.226,13.500,12.884,14.079,13.549,14.885,14.084,14.344,13.494,14.516
PE(17:0/20:4),19.490,19.043,19.264,18.760,17.917,18.727,18.873,17.470,18.556,18.302,18.670,18.810,18.869,18.608,19.031,19.506,18.670,18.799,18.399,18.955,18.450,17.667,17.669,18.059,18.347,18.361,18.327,18.791,18.232,18.470,18.668,18.745,19.071,18.098,18.306,18.727,18.147,19.036,17.267,19.086,18.645,18.603,18.860,17.539,18.231,18.652,19.395,18.840,18.821,18.481,18.426,18.697,18.794,18.051,17.309,18.627,18.528,19.012,18.354,18.653,18.235,18.287,18.911,18.624,19.217,17.363,18.177,18.731,19.401,18.060,18.939,19.991,18.243,17.895,18.418,18.373,17.427,18.207,19.258,17.737,18.983,18.802,19.362,18.952,18.974,18.337,19.223
PE(17:0/22:6),17.617,18.054,18.536,16.705,16.374,17.141,17.639,15.988,17.924,19.009,18.578,17.413,18.337,16.578,17.737,18.514,16.200,17.537,17.204,17.120,16.924,16.733,16.992,17.322,17.971,17.276,16.736,17.754,17.124,18.051,17.315,18.062,17.728,16.798,17.766,17.121,17.833,17.233,15.907,17.473,17.512,19.124,18.138,16.960,16.759,17.377,19.237,17.869,18.086,17.475,18.997,18.166,18.764,17.022,15.989,16.591,17.349,18.462,18.016,17.200,17.316,18.734,18.874,17.978,19.178,16.275,17.715,17.572,18.585,16.735,17.837,18.978,17.979,17.905,17.237,16.260,16.639,18.753,18.490,17.825,19.697,19.455,19.973,19.589,19.372,19.294,19.755
PE(18:0/0:0)_A,13.995,15.660,12.952,13.906,14.340,14.235,14.811,13.961,14.586,13.797,13.426,12.870,13.099,13.565,13.854,13.316,13.138,14.106,12.472,15.112,13.453,14.866,13.016,15.301,14.872,13.213,12.255,13.170,14.151,14.219,16.103,13.525,15.057,14.536,13.703,15.163,12.904,13.303,13.736,14.063,16.426,14.390,15.261,15.304,13.535,14.419,13.494,14.258,14.354,13.726,13.435,12.641,14.111,13.709,19.238,15.193,13.676,15.293,13.645,13.896,14.170,12.777,13.684,17.004,14.296,13.503,14.162,12.908,15.197,15.487,14.547,14.153,14.046,18.455,15.245,13.652,12.941,16.077,13.668,12.900,14.750,13.985,15.213,14.474,14.320,14.583,15.346
PE(18:0/0:0)_B,18.419,19.524,19.075,19.035,20.111,19.360,19.155,20.011,19.316,18.569,18.837,19.420,19.393,19.233,19.580,19.060,18.358,18.837,18.634,19.349,19.355,19.158,17.537,19.531,18.942,18.119,19.181,18.952,18.663,19.075,19.972,18.977,19.775,18.761,19.201,18.821,18.699,18.992,18.719,18.698,19.543,19.161,19.111,19.001,18.916,19.050,19.245,19.362,18.902,18.902,18.457,18.573,19.059,18.746,22.037,19.021,18.682,19.487,18.605,19.004,18.775,19.068,19.597,20.457,19.431,18.905,18.799,18.569,20.021,19.498,19.203,19.867,18.317,20.893,19.789,19.384,18.540,19.768,18.946,18.505,19.994,20.212,20.456,19.771,20.332,19.830,20.312
PE(18:0/18:1),23.668,23.606,24.055,23.845,23.473,23.976,23.863,24.300,23.834,23.603,24.204,24.108,24.401,23.801,23.930,23.222,23.483,23.652,23.708,23.862,23.656,23.289,23.355,23.604,23.431,23.218,23.581,23.666,23.634,23.627,24.421,24.067,24.821,23.564,23.670,24.324,23.773,23.760,23.599,23.397,24.012,23.803,23.378,23.655,23.796,23.433,23.884,23.591,23.606,24.097,23.499,23.617,24.064,23.757,24.652,23.961,23.568,24.058,23.727,23.530,23.484,23.921,23.963,24.164,23.673,23.850,23.448,23.250,24.062,24.571,23.464,24.776,23.211,23.708,24.587,23.281,23.184,23.865,23.915,23.534,24.142,24.419,24.173,24.082,24.336,23.856,24.016
PE(18:0/18:2);PE(16:0/20:2),22.145,22.035,22.159,22.195,22.944,21.851,22.926,22.268,22.328,21.153,21.797,22.219,22.561,21.465,22.105,21.564,20.982,21.601,21.976,22.398,21.051,21.120,20.579,21.087,21.259,21.537,22.074,22.173,21.663,21.876,22.453,21.959,22.886,21.818,21.862,22.104,21.941,23.084,21.977,21.380,22.107,20.950,21.692,21.798,23.403,21.636,22.432,21.514,22.005,22.695,21.957,22.123,21.093,21.690,21.998,22.326,22.085,21.831,21.565,22.403,22.138,21.238,21.073,22.398,22.041,22.486,21.410,22.346,22.314,23.441,21.850,22.796,21.217,21.388,23.664,22.165,22.376,22.303,21.893,21.996,22.512,21.830,21.630,20.952,21.785,21.223,21.376
PE(18:0/20:1),19.336,18.635,19.771,19.572,18.557,19.477,19.652,19.754,19.090,19.710,20.677,18.873,19.848,19.423,19.129,17.499,19.009,19.070,18.340,19.374,18.717,17.994,19.264,20.036,19.685,19.091,18.883,19.596,19.467,18.461,19.046,19.314,20.177,19.181,18.626,19.419,19.177,18.987,19.695,18.874,19.571,20.126,18.637,18.668,18.890,18.715,19.300,18.673,19.375,19.472,19.524,19.354,19.531,19.048,19.897,19.118,19.002,19.075,19.867,19.497,19.399,19.965,19.563,19.446,19.176,19.189,19.481,19.266,18.928,19.517,18.099,19.670,18.931,19.844,20.270,18.399,18.820,19.186,18.856,19.065,20.388,20.305,20.189,20.417,20.519,20.564,20.431
PE(18:0/20:2),18.852,18.466,19.440,19.172,18.798,18.523,19.189,17.845,19.251,19.380,20.153,19.809,21.008,19.226,19.176,19.107,18.194,18.936,18.734,18.829,20.233,19.097,20.431,18.898,19.312,18.689,18.544,18.964,19.000,18.843,18.566,18.735,20.108,18.991,19.643,19.624,18.734,18.932,19.156,18.764,18.237,19.562,19.269,18.333,18.596,19.298,18.802,19.230,18.759,18.780,18.742,19.901,19.581,19.081,18.499,19.006,18.611,19.102,19.177,18.708,18.806,19.781,19.695,18.709,18.939,19.041,18.727,19.220,18.839,18.890,18.187,19.612,18.769,18.549,20.829,18.322,18.921,18.223,19.856,18.467,19.448,20.019,19.548,20.124,19.367,19.522,19.522
PE(18:0/20:3)_A,22.065,21.175,22.573,21.610,22.322,21.652,22.014,20.798,21.705,20.913,21.528,22.834,22.873,21.465,21.780,21.389,20.282,21.020,21.807,22.168,21.420,21.112,19.798,20.392,20.993,20.697,21.972,22.089,21.678,21.393,21.671,21.739,22.300,21.750,22.342,22.261,21.762,21.597,21.605,20.705,20.190,20.813,22.310,21.281,22.199,21.393,21.378,21.308,21.144,21.582,21.767,22.505,22.056,21.607,20.971,21.222,21.518,22.187,21.448,21.756,21.359,22.045,21.536,21.677,22.148,22.636,21.491,22.033,22.318,21.554,21.079,22.843,20.709,19.653,22.602,21.294,21.825,21.417,22.433,21.811,22.222,21.650,22.333,20.735,21.112,20.705,21.427
PE(18:0/20:3)_B,20.404,18.355,19.482,20.323,19.285,19.860,19.527,19.988,20.392,18.929,20.145,20.243,21.158,19.774,20.598,19.988,20.370,19.223,19.257,19.261,21.385,20.259,20.798,18.965,19.274,19.181,18.769,18.684,19.637,19.621,18.544,20.096,20.500,18.971,20.160,20.985,19.689,19.361,19.651,21.145,18.725,19.393,18.454,19.270,17.106,19.984,19.175,19.655,18.288,16.962,17.831,20.289,21.035,20.835,18.343,19.429,17.824,20.263,19.475,18.893,18.356,21.104,21.248,19.426,19.176,19.598,18.870,19.035,19.795,18.332,18.664,19.940,18.536,18.284,17.384,20.078,19.484,18.141,20.459,18.299,18.525,19.802,19.336,19.980,19.273,19.273,19.589
PE(18:0/20:4),24.336,24.324,24.747,24.078,24.389,24.894,24.303,24.774,24.646,23.952,24.691,25.262,24.511,24.928,24.794,24.375,24.373,24.072,24.451,24.460,24.773,23.898,23.561,23.566,23.339,23.803,24.757,24.418,24.132,24.364,24.430,24.311,25.248,23.819,24.299,24.144,24.304,24.429,23.252,24.335,23.791,24.174,23.827,23.993,24.588,24.141,24.457,24.502,23.875,24.131,24.135,24.047,24.768,24.068,23.964,23.821,23.938,24.984,23.749,24.435,23.492,24.594,24.821,24.983,24.963,24.486,24.279,23.741,25.231,24.122,24.558,25.604,23.744,23.654,24.122,24.163,23.909,24.103,25.148,24.156,24.624,24.611,24.800,24.467,24.624,24.315,24.728
PE(18:0/22:3),17.879,17.324,18.478,18.955,17.379,17.671,17.673,18.930,19.010,17.901,18.968,19.151,19.012,18.797,19.530,18.317,17.018,18.222,17.860,17.896,21.132,18.857,19.429,17.257,17.874,16.908,17.799,18.126,17.814,17.921,17.143,19.148,19.606,17.346,18.426,19.125,17.127,16.609,18.672,17.541,18.467,18.201,18.059,16.737,16.981,18.945,18.135,19.150,17.733,15.613,16.850,18.465,19.863,17.015,17.872,17.850,16.912,18.745,17.655,17.223,17.682,20.041,20.231,17.958,17.973,17.176,17.545,17.912,18.880,16.907,17.656,19.172,17.171,17.396,16.514,18.319,17.881,16.467,19.672,17.588,17.480,19.203,17.919,18.924,18.471,18.126,18.999
PE(18:0/22:4),22.490,22.810,23.734,21.848,21.704,22.259,22.471,23.752,23.607,23.301,23.865,23.821,22.756,23.065,23.464,23.313,20.987,22.525,23.007,22.403,23.789,22.422,22.151,21.921,21.987,20.860,22.681,22.959,21.777,22.975,21.734,23.012,23.789,20.690,22.165,22.208,22.864,22.100,21.655,20.268,21.844,23.632,22.560,20.908,21.822,22.219,23.131,23.087,22.040,21.285,23.103,23.396,23.925,21.537,22.212,21.968,22.111,23.344,22.504,21.708,21.778,23.570,23.858,22.954,23.707,21.273,22.240,21.645,23.810,22.150,23.093,24.224,22.446,22.503,22.666,22.262,21.711,22.941,23.885,23.489,24.067,24.164,24.000,23.697,23.916,23.731,24.140
PE(18:0/22:5),21.044,20.830,22.393,21.203,19.732,21.334,19.852,22.753,22.207,22.212,22.915,20.602,21.917,21.759,22.037,22.295,19.031,21.027,21.440,19.982,21.204,21.118,20.887,20.636,21.009,18.676,21.128,21.032,21.069,21.479,19.788,20.721,20.789,19.744,20.868,22.295,20.960,19.317,18.881,19.367,19.595,21.488,20.775,19.064,20.847,21.892,22.599,20.765,20.721,19.301,21.507,22.101,22.410,20.786,20.440,19.952,20.087,22.730,20.633,20.355,19.801,21.400,21.656,21.630,22.368,21.274,20.713,19.707,22.783,20.465,21.833,21.617,21.383,19.905,20.419,21.274,21.342,20.579,22.873,21.322,22.806,23.356,22.193,23.499,22.465,23.228,23.140
PE(18:0/22:6),22.565,23.464,24.000,22.334,22.945,22.822,22.972,23.822,24.080,24.529,24.352,23.083,24.172,22.690,23.467,23.864,22.191,23.391,23.615,22.667,23.225,23.319,23.443,23.052,22.968,22.840,22.944,23.799,22.702,24.193,23.403,23.588,23.608,22.905,23.395,22.688,24.087,22.529,21.838,22.729,22.561,24.571,23.020,22.924,23.348,23.068,24.175,23.553,22.975,22.668,24.268,24.053,24.642,23.447,21.880,21.676,22.992,24.445,23.823,22.772,22.923,24.809,24.629,24.081,24.776,23.167,23.784,22.076,24.549,22.541,23.827,24.654,23.653,23.417,22.839,22.286,22.902,24.571,24.383,24.043,25.182,25.180,25.060,24.799,24.864,24.755,24.950
PE(18:0/24:4),18.078,18.312,17.595,17.482,17.936,18.214,17.150,19.273,17.861,18.393,18.651,17.016,17.155,17.680,18.150,17.591,17.076,18.307,18.121,18.824,16.889,17.229,17.654,18.100,17.431,16.398,18.130,18.171,18.084,17.838,17.723,17.976,17.355,17.301,17.809,18.159,17.597,16.690,16.818,16.330,18.519,18.467,16.988,16.510,18.723,17.872,19.094,17.902,18.292,15.878,17.516,18.168,18.124,16.781,16.162,16.920,17.891,17.220,17.539,18.246,18.168,17.597,17.665,17.226,18.430,17.575,17.681,18.314,18.957,16.872,18.426,17.326,17.850,18.946,16.526,16.476,18.461,18.164,18.997,18.198,18.850,18.483,18.642,18.366,19.239,17.967,18.475
PE(18:1/0:0)_A,21.713,21.377,20.842,19.978,21.222,21.889,20.721,20.566,19.377,18.518,18.426,20.506,21.611,21.476,20.384,20.709,20.822,21.677,21.205,21.598,20.423,20.590,19.532,21.974,20.722,21.441,20.729,19.348,20.638,20.456,21.642,21.545,22.221,21.271,20.345,22.027,19.710,21.402,20.841,22.190,22.683,18.546,21.094,21.830,21.491,22.018,20.732,21.275,21.083,21.672,19.103,18.014,18.018,21.459,22.888,22.372,19.030,18.263,19.808,20.785,21.317,20.656,20.548,21.443,20.778,21.409,22.200,19.403,21.183,21.687,20.814,21.653,17.845,19.211,21.605,20.727,21.298,20.471,17.047,18.634,19.735,19.829,20.423,19.688,20.091,19.870,19.850
PE(18:1/0:0)_B,19.566,20.582,19.312,18.495,19.638,19.401,18.730,18.561,18.580,19.872,18.327,18.114,19.834,18.442,18.898,19.509,19.359,19.693,18.317,18.970,19.310,19.285,19.541,20.055,19.906,19.659,18.814,18.434,18.861,18.351,19.980,18.859,19.673,18.960,19.369,18.770,18.122,19.685,18.863,19.947,20.103,18.569,18.638,19.867,18.948,19.306,19.047,19.451,20.747,19.811,19.123,18.803,18.279,20.025,20.979,19.565,19.173,18.976,19.918,19.023,19.441,17.954,18.256,19.354,18.707,19.052,19.615,17.852,18.833,19.516,18.799,19.104,18.891,20.698,19.068,18.526,19.076,19.668,17.747,18.055,19.814,20.378,20.671,20.319,20.813,19.872,20.587
PE(18:1/18:1),22.443,21.478,22.360,22.228,22.324,22.606,22.177,21.024,22.155,22.793,23.212,22.184,24.237,22.047,22.064,23.010,22.674,21.922,22.825,22.439,22.780,21.829,23.570,21.987,22.468,23.207,21.889,21.799,22.174,22.410,23.535,22.653,23.491,22.469,22.604,23.491,22.710,23.720,21.910,23.456,21.537,23.473,22.150,22.084,22.505,22.659,22.698,22.404,22.381,23.592,22.152,22.880,22.568,23.283,22.531,22.206,21.668,22.408,22.824,22.815,22.377,22.653,22.344,21.615,21.979,22.835,22.850,22.543,22.226,22.462,21.626,22.869,21.920,21.854,23.427,20.798,22.211,22.556,21.937,22.073,23.206,23.542,22.885,23.139,23.494,23.036,23.206
PE(18:1/18:2),21.314,20.846,21.152,20.898,22.122,20.350,21.610,20.228,20.853,20.241,20.764,20.538,21.829,20.011,20.354,20.653,20.237,20.649,21.063,21.644,20.074,19.696,21.165,20.150,20.496,21.612,20.843,20.927,20.456,20.820,21.975,20.827,21.961,20.419,21.147,21.342,20.963,23.051,20.338,20.776,20.447,20.279,20.419,20.650,22.336,20.884,21.310,20.430,21.267,22.386,20.687,21.240,20.248,20.805,20.368,20.865,20.694,20.883,20.970,21.541,21.591,19.985,19.396,20.973,20.772,21.801,20.783,22.096,21.169,21.635,20.551,22.091,20.550,20.583,22.962,20.091,21.505,21.606,20.320,20.842,21.841,20.961,19.966,19.319,20.686,20.063,19.959
PE(18:1/18:2);PE(16:0/20:3),20.674,19.633,20.902,20.343,20.169,20.328,20.074,18.987,20.173,19.738,20.260,21.592,21.109,20.021,20.400,20.798,19.133,19.651,20.508,20.774,20.877,20.380,20.305,19.466,19.207,19.708,19.974,20.062,20.138,19.888,20.237,19.549,20.835,19.813,20.460,20.010,19.477,20.037,19.442,19.736,18.451,19.799,20.594,19.508,19.724,19.962,19.653,20.351,20.003,19.735,20.154,20.771,19.766,20.472,18.834,19.685,20.183,20.705,19.909,20.140,20.145,20.038,19.248,19.909,20.046,19.950,20.012,20.866,20.553,19.347,19.627,20.465,19.888,18.621,20.747,20.205,19.795,19.547,20.688,20.054,20.390,19.803,20.265,19.448,19.792,19.388,19.745
PE(18:1/20:1),19.780,18.850,19.448,19.567,19.052,19.038,19.479,18.240,19.674,21.006,21.316,18.210,20.570,19.185,18.814,18.328,20.725,19.558,19.103,19.486,19.245,18.575,20.223,20.394,21.021,20.106,19.066,19.769,19.189,19.142,20.091,19.609,20.699,19.479,20.230,20.607,20.103,20.755,19.214,20.513,19.624,21.147,18.885,19.149,18.396,19.918,19.575,19.076,19.562,21.612,19.704,NA,19.460,19.966,19.700,19.406,19.289,18.881,20.714,19.101,19.557,20.234,19.175,19.156,18.676,20.513,20.334,19.995,18.991,19.528,18.251,19.742,19.707,20.457,21.591,17.878,19.530,19.662,18.685,19.081,20.519,20.886,19.829,20.773,20.773,21.220,20.303
PE(18:1/20:2),18.230,17.577,18.182,18.531,18.404,17.708,19.002,17.316,18.504,18.698,19.084,17.694,21.039,17.896,17.438,19.178,17.879,17.766,17.896,18.509,19.486,17.994,20.316,18.103,19.228,18.449,17.943,19.068,18.117,17.689,18.364,17.856,19.282,18.406,18.989,19.069,18.337,20.750,17.497,19.593,18.219,18.686,18.268,18.371,18.903,19.126,18.584,18.702,18.336,20.746,18.387,19.059,17.248,18.742,18.018,18.988,18.649,17.896,19.018,18.612,18.748,18.026,17.705,17.834,17.462,19.411,18.667,19.417,17.687,19.141,17.201,18.567,18.573,19.024,21.767,16.902,18.628,18.743,17.715,18.158,18.983,18.988,17.635,18.695,18.665,18.231,18.093
PE(18:1/20:3),20.457,19.705,20.592,19.970,20.211,19.705,19.797,18.245,20.193,19.843,20.182,19.943,21.888,19.512,19.723,21.182,19.172,19.903,20.612,20.070,20.523,19.826,19.644,19.375,19.897,21.048,19.835,20.196,19.936,19.799,20.808,19.956,20.479,19.927,20.852,20.443,19.720,20.903,19.248,20.443,18.113,19.897,20.597,19.847,19.963,20.259,19.808,20.562,20.228,20.168,20.019,21.346,19.711,20.620,18.709,20.022,19.910,20.321,20.649,20.990,20.451,19.965,18.885,19.632,20.178,20.794,20.100,21.265,20.352,19.368,19.295,20.770,20.023,18.544,20.891,18.995,20.252,19.789,20.406,19.933,20.222,20.311,20.134,19.517,19.944,19.370,19.845
PE(18:1/20:4),23.079,22.676,23.194,22.873,22.766,22.833,22.553,21.900,23.163,22.830,22.961,23.478,23.620,22.938,23.231,24.050,23.503,22.299,23.293,22.749,23.590,22.037,23.261,21.741,22.171,23.218,23.413,22.501,22.329,23.112,23.213,22.652,23.753,22.299,22.674,22.651,23.074,23.677,21.074,23.769,21.359,22.760,22.392,22.228,23.014,22.914,22.762,22.782,22.237,22.823,22.307,22.966,23.179,23.283,21.882,22.575,21.878,23.123,22.733,23.462,22.170,22.586,22.622,22.182,22.766,22.730,22.897,22.607,22.884,21.780,22.820,24.066,22.380,21.399,22.770,21.952,22.540,22.595,22.873,22.425,22.905,23.531,22.988,23.139,22.779,23.012,23.059
PE(18:2/0:0),18.724,17.393,17.679,17.436,18.863,18.615,18.788,17.443,14.948,13.777,12.916,16.891,18.332,17.269,17.025,16.514,16.662,17.016,17.015,19.507,16.439,16.468,13.954,16.685,14.894,16.458,18.702,14.582,17.480,16.808,18.956,18.008,19.073,18.404,16.777,18.558,15.945,19.022,18.010,18.572,19.563,13.060,17.260,19.426,19.729,18.318,17.088,17.285,16.455,19.487,14.348,13.917,12.420,17.870,20.428,20.842,13.854,13.795,14.072,18.348,17.635,15.313,15.169,19.376,17.057,18.574,17.588,16.981,18.442,20.498,17.064,18.816,13.998,15.515,19.492,17.608,18.062,17.012,13.064,14.133,16.424,15.176,15.121,14.120,15.442,14.315,14.741
PE(18:2/20:4),18.712,19.132,19.154,18.960,19.228,18.103,18.942,18.134,18.542,18.078,18.344,18.911,19.078,18.548,18.775,19.316,18.358,18.570,18.656,19.078,19.939,17.682,20.307,17.771,17.383,18.841,19.027,18.424,18.325,18.444,18.672,17.866,19.324,17.615,18.009,17.777,18.453,19.647,16.716,18.585,17.303,17.805,18.228,17.300,19.931,18.156,18.286,18.325,18.802,18.512,18.507,18.439,18.191,18.130,17.314,18.379,18.577,18.878,18.397,19.256,18.773,17.301,17.311,18.114,18.845,18.823,18.281,19.022,19.227,18.724,18.953,20.548,18.733,18.190,19.295,18.111,18.755,18.969,18.541,18.786,18.868,18.550,18.052,17.320,18.387,17.843,17.939
PE(20:0/0:0),13.779,14.240,13.371,13.413,13.736,14.033,12.952,11.474,12.713,12.503,11.323,12.413,12.659,13.429,12.294,12.129,13.145,12.780,11.617,13.742,12.695,13.358,12.911,13.742,13.066,12.876,12.946,12.310,14.200,13.437,14.703,12.571,13.462,13.706,12.680,12.921,12.012,11.655,13.887,13.116,13.317,10.944,13.612,12.941,13.275,12.888,12.389,12.854,13.147,12.026,12.072,11.438,11.565,12.986,17.783,12.927,12.930,14.122,12.393,13.805,13.001,11.743,11.883,15.506,12.998,13.273,12.589,13.171,13.534,13.587,13.296,12.798,11.934,15.546,13.945,12.600,12.605,14.674,11.196,10.949,10.829,11.433,12.318,11.461,11.398,11.640,11.936
PE(20:0/20:4),20.135,18.397,20.306,19.562,18.895,20.554,18.793,18.284,18.623,17.639,17.920,19.702,19.172,20.270,19.290,18.622,19.617,18.146,18.428,19.912,19.751,19.146,16.048,18.813,16.957,19.435,20.176,18.399,19.614,19.450,18.998,18.805,20.050,19.100,18.339,18.264,18.700,18.317,18.677,20.268,17.554,17.923,18.944,18.357,19.593,18.291,18.525,18.700,16.874,17.567,17.352,18.263,18.467,18.855,18.558,18.568,17.595,19.432,17.062,20.071,18.038,18.740,18.827,20.027,19.110,19.180,17.896,19.055,19.523,18.368,18.916,20.426,17.219,16.968,17.889,19.038,18.630,18.652,18.350,17.713,18.126,18.141,18.427,17.972,17.949,17.892,18.443
PE(20:1/0:0)_A,18.415,19.056,17.537,15.847,16.560,15.865,17.014,17.896,16.938,16.160,15.870,15.198,17.136,16.754,17.387,16.626,16.604,19.475,17.843,18.584,15.408,17.738,16.790,20.133,18.926,19.476,15.469,16.765,16.638,17.083,18.549,17.574,19.290,17.016,16.899,17.752,16.106,17.016,17.909,17.125,20.669,15.746,18.508,18.308,15.775,19.100,17.912,18.189,18.615,18.895,17.044,15.326,15.020,17.145,18.435,19.274,16.426,15.307,17.146,16.420,18.959,18.128,18.292,18.598,18.611,17.868,20.308,16.659,18.058,17.460,17.579,16.265,14.952,17.637,18.031,16.656,18.591,18.011,14.012,15.650,15.673,16.212,16.727,17.038,17.579,17.905,16.690
PE(20:1/0:0)_B,15.071,17.097,14.516,13.863,14.807,14.078,14.664,14.826,15.372,17.753,15.196,13.025,14.534,14.374,14.330,14.573,14.970,16.627,14.089,14.950,13.855,15.349,16.540,16.987,16.547,15.718,13.707,15.697,14.042,14.014,15.848,14.453,15.864,14.210,15.325,14.936,14.619,14.710,15.355,15.356,17.487,15.834,15.197,14.839,12.954,15.928,15.164,14.810,16.537,15.596,16.436,14.547,14.624,14.066,17.136,15.799,16.282,16.427,16.416,14.270,15.849,14.676,14.880,15.585,15.279,14.986,16.828,14.264,14.601,14.348,14.518,13.847,15.761,18.202,15.714,13.916,15.147,16.159,14.252,14.493,14.746,15.676,15.382,16.087,16.173,16.442,16.183
PE(20:2/0:0),17.690,17.229,16.949,15.673,16.344,16.952,15.569,15.645,14.491,14.525,13.983,16.162,18.291,17.339,16.927,16.898,16.339,18.449,17.071,17.266,17.896,17.575,16.947,18.396,16.808,17.959,15.623,14.163,16.710,16.085,16.452,16.919,18.636,16.558,15.840,17.463,14.568,15.786,17.288,18.498,18.699,13.539,17.978,17.497,15.443,18.871,15.783,18.717,16.680,15.635,14.536,13.743,12.781,17.052,17.868,19.018,14.537,13.614,15.349,16.222,17.852,16.909,17.266,17.613,16.744,15.761,18.420,15.305,16.938,16.530,16.558,16.623,13.512,15.044,17.620,16.150,17.262,15.220,12.829,13.560,13.516,14.717,14.105,15.302,15.146,15.050,14.466
PE(20:3/0:0)_A,20.599,19.638,19.658,18.455,19.952,20.750,19.706,18.511,17.367,14.886,14.699,20.170,20.605,19.297,19.432,18.976,19.068,19.557,18.629,21.041,19.816,19.746,15.880,19.507,17.821,19.230,20.653,16.414,20.115,18.697,20.269,19.682,20.265,20.263,19.330,20.464,16.826,19.353,20.376,20.630,19.780,13.548,19.767,20.826,20.254,20.112,18.545,20.347,18.861,20.381,16.707,16.648,14.661,20.676,20.799,20.681,16.109,15.669,17.664,19.920,19.370,18.117,18.023,19.512,19.385,20.281,20.200,18.739,20.480,20.529,19.540,20.872,14.854,14.990,19.966,19.913,20.369,18.261,15.585,15.882,17.043,16.879,18.286,16.186,16.590,16.786,17.315
PE(20:3/0:0)_B,18.933,16.768,17.236,16.584,17.428,17.524,16.274,17.241,16.109,15.213,14.149,17.757,19.123,18.123,18.163,16.924,17.808,18.028,16.872,17.764,18.849,18.114,16.940,17.583,16.744,17.859,17.361,14.346,17.827,16.823,18.129,17.747,18.686,18.142,16.733,18.986,15.297,17.980,18.015,20.036,18.421,13.928,16.944,19.083,17.431,18.752,16.423,18.488,16.207,18.465,15.277,14.094,14.850,18.650,18.969,18.719,15.563,14.897,15.680,17.075,17.080,18.206,18.449,17.817,16.530,17.421,17.803,16.656,17.983,17.427,17.398,17.862,14.854,15.715,16.045,18.256,17.775,15.155,14.401,13.677,15.008,15.932,16.362,16.904,16.122,15.733,16.640
PE(20:4/0:0),23.292,21.208,22.401,21.518,22.804,23.421,22.780,22.478,19.862,17.945,18.399,23.197,22.550,23.172,22.917,21.415,22.283,21.558,21.883,23.375,22.490,21.006,18.269,21.400,19.640,20.770,23.087,18.997,22.071,21.292,22.384,22.307,23.703,22.138,21.404,22.834,20.175,22.874,21.589,23.283,22.621,17.587,22.048,23.025,22.934,22.921,21.597,22.336,20.525,22.531,19.044,18.542,18.024,22.226,23.826,23.221,18.291,19.208,19.297,22.814,21.094,21.568,21.852,22.861,21.807,22.513,22.911,20.638,23.091,22.927,22.080,24.023,17.202,17.950,22.838,22.831,22.179,20.331,18.315,18.228,19.955,20.155,20.222,19.865,20.056,19.748,20.434
PE(20:4/22:0),19.629,17.271,20.108,18.720,18.698,20.129,18.337,16.847,16.186,14.606,14.967,19.108,17.822,20.104,18.678,17.493,18.549,16.867,16.577,18.947,19.069,17.884,14.453,17.222,15.310,17.372,20.451,16.705,19.400,19.190,17.749,18.617,18.791,18.757,17.546,17.442,18.000,17.364,18.140,19.179,15.707,13.340,18.265,18.066,19.272,17.362,16.231,18.302,15.071,15.832,14.492,16.158,14.474,17.965,17.781,17.812,15.578,18.530,15.340,19.452,17.138,17.050,16.984,19.168,18.406,17.855,16.183,18.783,18.416,17.542,17.830,19.394,14.679,14.985,16.928,18.931,17.851,16.939,15.817,15.421,12.957,13.948,13.678,13.520,14.074,13.443,13.549
PE(20:5/0:0),17.552,15.223,15.876,15.603,17.215,17.324,17.181,14.757,12.576,8.654,9.460,18.553,17.539,16.662,15.701,15.512,16.172,16.227,16.074,18.575,16.669,15.481,10.873,14.782,12.521,15.733,17.215,12.604,16.328,15.942,17.499,17.514,18.332,17.466,15.262,17.500,15.337,18.748,18.082,18.750,18.003,9.460,16.783,18.766,16.590,15.724,13.296,16.342,13.502,17.509,12.138,10.632,10.790,16.196,18.245,17.731,11.662,11.989,12.817,17.121,15.368,16.527,17.097,15.479,14.882,16.538,17.762,14.204,17.028,17.726,15.080,19.689,9.260,9.985,17.774,17.514,15.850,14.602,8.768,11.424,12.784,12.688,12.600,10.200,10.747,11.087,12.202
PE(22:1/0:0)_A,13.642,14.325,13.514,11.623,12.382,11.233,12.212,12.449,10.232,12.269,11.421,11.013,12.850,12.475,12.311,11.389,11.655,15.247,12.091,13.859,11.738,12.415,12.952,16.054,15.021,14.980,10.891,11.899,11.781,12.053,13.153,12.612,14.727,12.186,12.225,12.936,12.129,11.741,12.921,11.723,16.075,10.846,13.366,13.629,10.910,13.945,12.496,13.729,13.787,NA,12.052,10.695,NA,11.286,14.206,15.102,11.518,10.867,12.191,11.417,15.443,13.874,12.965,13.966,13.642,13.425,15.802,12.484,12.666,13.243,11.061,NA,10.229,12.304,13.214,11.183,14.337,13.075,8.899,10.315,11.054,11.124,11.389,11.598,12.802,13.588,11.685
PE(22:1/0:0)_B,12.499,13.993,11.820,12.559,12.725,12.211,11.842,11.014,11.582,13.778,11.231,10.472,11.161,12.017,11.835,10.571,12.193,13.498,10.625,11.919,11.173,12.264,13.624,13.377,13.451,12.795,12.223,11.747,12.714,12.655,13.438,11.990,12.561,12.414,12.749,12.557,11.300,11.481,12.173,12.680,14.995,11.439,12.453,11.728,10.994,12.276,11.860,12.282,12.866,10.695,12.111,11.065,10.705,11.304,16.482,12.755,11.937,13.003,12.585,12.229,12.288,11.699,12.408,13.660,12.388,11.965,12.612,12.870,12.255,11.280,11.775,11.445,11.654,14.433,12.489,11.747,12.511,13.212,10.113,10.129,10.443,11.491,11.285,11.839,11.737,12.327,11.958
PE(22:2/0:0)_A,15.008,15.742,14.892,12.922,13.467,12.578,14.123,14.430,12.892,12.566,12.517,13.152,13.741,14.039,14.386,13.754,12.625,16.303,14.272,15.162,14.197,14.332,15.171,17.030,15.574,15.949,12.103,14.165,13.167,13.315,15.029,14.184,16.328,12.920,13.717,14.468,12.893,12.627,14.517,13.176,17.649,12.044,15.309,14.385,13.514,16.404,14.658,16.529,15.697,12.570,13.402,13.111,11.097,12.543,14.247,17.485,12.881,11.356,13.753,13.147,16.549,14.749,15.112,15.603,15.266,14.088,17.275,13.660,14.974,14.785,13.912,13.866,11.966,13.400,16.104,13.435,15.702,14.856,11.070,12.867,12.450,12.535,11.848,12.677,13.716,13.902,12.300
PE(22:2/0:0)_B,11.146,14.208,11.347,11.100,11.076,11.007,10.839,10.762,11.356,13.767,10.807,10.200,11.634,10.963,10.985,11.169,10.209,13.349,9.851,11.070,12.258,12.070,14.816,13.297,12.932,11.708,10.803,12.092,10.753,10.627,11.419,10.811,12.342,10.830,11.602,10.822,11.015,NA,11.755,11.748,13.913,11.038,11.705,10.787,9.324,12.358,11.431,12.388,13.778,9.450,12.812,11.578,10.746,10.160,13.505,13.575,12.620,12.300,12.811,10.391,12.633,11.402,11.145,12.040,11.874,10.408,12.631,10.436,11.200,10.472,10.718,NA,12.684,14.350,11.136,10.336,11.651,12.348,10.994,11.085,10.903,11.417,10.861,11.654,11.674,12.403,11.797
PE(22:4/0:0)_A,22.347,20.870,21.769,19.794,20.450,21.314,21.316,22.133,19.613,17.532,17.978,21.690,21.092,22.722,22.231,20.538,20.117,21.003,20.775,22.143,21.760,20.414,18.406,20.779,19.549,19.801,20.988,18.826,20.599,20.171,20.850,21.542,22.507,19.527,19.829,21.266,18.770,20.804,20.698,19.727,22.523,17.229,21.063,20.290,20.209,21.910,20.303,22.237,19.927,19.908,18.687,17.607,17.315,19.669,22.610,22.346,18.269,17.026,19.051,20.940,20.596,20.868,21.069,21.362,21.194,19.535,21.656,19.120,21.878,21.630,21.501,22.812,17.147,18.415,21.200,21.458,20.583,19.967,17.192,18.162,18.880,19.481,20.295,19.181,19.704,19.426,20.208
PE(22:4/0:0)_B,18.600,19.157,18.281,16.017,17.500,18.359,17.407,19.357,16.355,18.203,16.242,17.818,18.381,19.385,18.832,18.133,16.734,17.846,17.071,19.633,18.632,17.909,17.276,17.916,16.596,16.154,17.249,16.151,16.816,16.203,18.059,17.742,20.099,15.612,16.720,18.358,15.519,16.689,16.846,16.049,18.815,16.179,18.483,16.471,16.662,19.203,16.781,18.867,18.631,17.189,17.430,15.765,15.666,17.101,18.404,19.566,17.519,16.593,17.980,18.389,17.478,17.234,17.508,18.007,17.457,15.225,18.752,15.153,18.604,18.010,18.182,19.752,17.218,19.043,18.376,17.775,17.339,16.851,16.235,16.016,16.566,17.485,18.130,17.296,17.812,17.787,18.748
PE(22:6/0:0),23.012,20.760,22.042,20.649,21.805,22.463,22.040,21.846,19.731,18.724,17.932,21.551,22.450,22.375,21.832,21.209,20.998,20.984,21.423,22.570,21.638,20.693,17.332,20.659,19.666,20.562,21.534,18.491,21.519,21.399,21.808,22.349,22.166,21.724,20.865,21.979,20.356,21.856,21.317,22.735,22.000,17.869,21.929,22.468,22.446,22.688,21.037,22.277,19.451,22.069,19.178,18.259,18.521,22.221,22.914,22.300,17.339,18.632,18.422,22.276,20.037,21.443,21.620,22.484,21.934,21.837,22.059,20.044,22.603,22.554,21.446,22.955,17.258,16.543,22.000,21.949,21.862,20.664,18.016,18.739,20.927,20.952,21.766,20.860,20.601,21.002,21.455
PE(22:6/22:6),12.402,15.967,15.363,9.071,13.488,10.910,11.719,13.954,16.973,17.437,16.576,12.541,16.621,NA,14.690,16.294,13.758,15.376,15.217,12.231,14.904,15.184,10.135,15.157,15.231,14.907,14.611,15.812,14.470,16.268,15.027,14.576,14.758,13.559,15.869,NA,16.515,12.910,11.885,15.121,13.342,17.083,14.835,14.541,14.039,NA,16.813,14.974,15.250,13.533,16.952,16.053,17.841,16.553,12.349,12.635,14.410,16.438,16.533,12.658,14.546,16.908,17.295,14.628,16.802,14.289,15.673,12.773,16.929,12.046,15.342,16.849,15.629,15.115,NA,NA,14.589,17.473,16.724,16.748,18.721,18.781,19.286,18.327,17.820,18.041,18.827
PE(24:0/18:1),17.068,17.267,17.407,17.773,17.045,17.465,17.940,15.452,15.789,15.458,15.781,17.284,17.088,17.405,16.942,16.140,16.654,17.135,15.333,18.192,17.450,15.969,15.279,16.140,16.170,16.190,16.927,16.241,18.304,17.398,16.903,18.235,18.654,18.112,15.610,16.429,16.987,16.307,18.127,16.860,17.441,15.237,17.088,17.347,17.319,16.520,15.954,17.533,16.569,15.246,15.256,16.233,15.059,16.928,17.471,17.569,16.261,17.076,15.539,18.046,17.639,16.533,16.229,17.034,16.778,16.015,15.473,18.064,17.574,18.000,17.227,17.762,15.375,16.649,16.521,16.755,16.572,16.788,15.796,15.334,14.726,15.349,14.660,15.095,15.309,14.646,14.497
PE(O-16:0/20:3),17.851,18.860,17.633,18.540,16.730,16.909,16.900,19.072,18.669,17.938,17.872,16.093,16.537,17.332,18.264,18.455,17.544,18.316,17.423,18.158,18.715,18.920,19.365,19.095,18.275,20.107,17.883,17.993,19.553,17.224,19.114,16.971,17.896,17.829,19.667,17.881,17.192,14.854,18.691,19.068,17.099,17.606,17.997,18.296,15.880,18.599,17.706,19.112,18.767,18.614,17.992,19.254,17.584,15.440,19.122,18.369,18.806,18.624,19.066,19.611,18.805,16.942,16.716,19.732,17.634,18.020,17.660,20.328,18.148,17.371,18.968,16.816,18.598,17.892,15.742,19.340,18.100,18.445,18.676,18.413,17.276,17.764,17.458,17.158,17.843,17.213,16.787
PE(O-16:0/20:4),21.530,21.659,20.819,22.265,21.380,21.651,21.651,23.088,22.147,20.703,20.306,20.766,20.719,22.013,21.832,21.302,22.820,20.710,20.588,21.868,22.044,21.345,22.157,22.002,20.915,22.636,22.084,21.153,22.966,21.362,22.489,21.161,21.717,21.514,22.338,21.310,21.622,20.752,21.612,23.296,20.929,20.081,21.363,22.262,20.874,22.212,21.985,22.166,20.956,22.369,20.172,21.518,21.068,20.086,23.114,21.805,21.012,21.999,20.873,23.253,20.744,20.872,21.036,23.451,21.057,22.044,21.226,22.586,22.122,21.913,22.720,20.714,20.672,21.191,21.183,23.605,21.349,21.738,20.876,20.491,20.479,20.641,20.323,20.867,21.173,20.832,20.498
PE(O-16:0/22:4),22.395,21.723,21.711,22.334,20.278,21.516,21.077,23.906,22.547,21.089,21.481,21.221,20.192,23.301,23.161,22.198,22.173,20.834,21.022,22.265,23.021,22.063,22.741,21.420,21.216,22.131,21.318,21.623,22.487,21.617,21.995,21.983,22.162,20.293,21.364,21.090,21.566,20.627,21.699,21.570,21.235,21.470,21.553,20.655,20.434,22.553,21.676,23.186,20.918,20.977,21.014,21.218,21.538,19.412,23.099,22.323,21.575,21.706,20.890,22.523,21.023,21.704,21.782,23.490,21.531,20.383,21.211,22.132,21.417,21.446,23.019,21.899,21.032,22.277,20.301,23.557,20.917,21.667,21.832,21.410,21.449,21.559,21.412,21.403,21.964,21.327,21.579
PE(O-16:0/22:6),21.739,21.445,21.519,21.943,20.988,20.873,21.282,22.494,22.579,21.771,21.145,21.067,21.260,21.914,21.727,22.184,22.163,20.871,21.521,21.434,21.846,21.969,22.374,21.691,21.434,23.396,21.170,21.928,22.422,21.967,22.837,21.519,21.063,21.578,22.380,20.971,22.256,20.179,21.265,22.908,20.546,21.532,21.559,21.606,21.495,21.730,21.866,22.180,21.177,22.165,21.278,21.306,22.027,20.889,22.570,21.260,21.110,21.792,21.259,22.844,20.464,21.822,21.786,23.855,21.664,21.790,21.370,22.055,22.037,21.160,22.109,20.421,21.283,21.360,19.692,22.741,21.354,22.301,21.734,21.768,22.290,22.022,22.146,21.646,22.110,21.993,22.083
PE(O-18:0/16:0)_A,17.914,17.090,17.084,17.960,18.395,17.272,17.436,18.265,16.635,15.272,15.426,17.573,16.693,18.024,17.609,16.492,17.663,16.219,16.902,18.389,17.781,16.855,17.089,16.716,17.168,17.222,17.857,16.584,18.547,17.036,18.878,17.125,18.876,17.927,18.088,18.351,17.231,17.969,17.416,17.644,17.516,15.069,17.373,18.554,18.144,18.283,16.763,17.931,16.408,17.829,15.198,16.297,15.299,15.985,20.234,18.974,16.742,17.586,15.890,18.671,17.178,16.224,16.546,20.186,17.024,17.368,16.779,17.638,17.055,19.134,17.790,18.018,15.772,16.734,18.133,18.511,17.551,17.120,15.377,15.644,15.542,15.386,14.990,15.317,15.601,15.191,15.143
PE(O-18:0/16:0)_B,17.995,17.591,18.264,19.114,18.121,17.418,18.871,20.255,17.713,15.995,16.886,18.079,18.029,19.501,19.950,17.697,19.072,16.435,17.605,19.429,18.543,17.692,16.865,16.348,16.984,16.771,18.128,17.324,20.146,18.582,18.964,18.755,19.298,18.508,18.581,18.747,17.962,17.870,18.477,17.943,17.228,16.128,18.198,18.120,18.232,18.408,17.698,19.152,15.418,18.616,15.805,17.600,16.851,16.606,20.471,19.318,16.515,18.286,15.202,19.677,17.080,18.055,18.374,19.772,18.860,17.924,17.251,19.059,17.974,18.396,19.384,19.336,15.506,16.384,17.796,19.784,18.503,17.431,17.754,16.683,18.147,17.633,17.696,17.402,16.951,16.610,17.776
PE(O-18:0/18:1),19.691,19.049,18.730,20.314,18.850,18.470,19.031,21.205,19.510,20.432,19.937,17.338,19.733,19.167,19.889,18.640,20.134,19.337,19.741,20.160,19.032,19.708,21.385,20.801,20.931,21.243,18.779,19.896,21.295,19.231,20.535,19.620,20.321,20.557,20.172,19.926,19.444,18.190,20.548,21.625,19.882,19.298,19.218,20.305,18.254,19.962,19.262,19.991,20.183,21.805,20.150,19.063,18.478,18.170,22.070,20.110,20.470,19.640,19.443,20.864,20.274,19.198,19.015,21.475,18.817,19.981,19.348,21.189,19.281,20.114,20.001,18.805,18.846,19.638,17.964,20.439,18.864,19.736,18.393,19.641,18.448,19.206,18.923,19.641,20.514,20.286,19.246
PE(O-18:0/22:4),21.641,21.380,21.391,21.532,19.748,21.109,21.169,23.263,22.575,20.394,21.005,20.275,21.191,22.880,22.498,21.912,21.453,20.297,21.234,21.861,22.156,21.514,20.801,20.491,20.383,20.779,21.030,20.719,22.490,21.386,21.341,21.993,21.918,20.726,20.753,20.884,20.916,19.350,21.826,21.004,20.600,21.257,21.312,20.850,20.237,21.327,21.403,22.748,20.043,20.951,20.677,20.987,21.699,19.570,22.668,21.536,19.993,21.501,19.999,22.188,19.844,21.819,22.056,23.202,21.995,20.268,20.236,22.346,21.837,21.093,22.905,21.823,20.506,21.087,19.780,22.613,20.280,21.334,22.061,21.250,22.091,22.135,22.173,21.831,21.840,21.298,22.385
PE(P-16:0/0:0),17.484,18.605,16.799,17.384,18.035,17.734,16.695,17.931,18.218,18.154,17.312,18.077,16.634,18.151,17.717,17.524,17.587,17.665,17.357,17.411,17.564,18.291,18.321,18.219,18.597,18.025,17.985,18.729,17.279,17.487,17.037,17.389,17.765,17.032,16.469,17.184,17.601,17.324,17.018,17.394,17.896,17.824,17.349,16.875,17.503,16.252,16.909,17.577,18.749,17.490,18.404,16.973,18.010,17.705,19.882,16.688,19.331,19.631,18.916,16.417,18.170,16.891,17.461,17.416,16.986,17.572,16.963,16.560,17.090,17.650,17.373,16.892,18.893,21.446,17.081,17.055,18.070,18.206,17.703,17.965,16.998,17.559,17.104,17.061,18.577,16.791,17.434
PE(P-16:0/16:0),19.474,18.462,19.482,19.316,19.624,19.437,18.315,19.700,18.607,18.410,18.917,19.917,17.645,20.191,20.632,18.014,18.981,18.398,19.322,20.305,19.257,19.272,20.435,18.707,19.311,18.447,18.713,20.220,19.072,19.563,18.308,19.346,20.024,18.828,18.490,19.457,19.693,19.001,19.139,17.807,18.293,18.584,18.367,17.859,19.036,17.358,17.872,19.068,18.290,17.666,18.662,19.087,18.831,18.811,18.940,18.975,19.390,19.502,19.049,17.868,19.641,19.585,18.964,17.727,19.549,19.063,19.308,17.783,18.143,19.886,17.993,20.031,19.025,19.242,20.821,18.326,19.493,18.526,19.082,19.039,19.079,18.640,18.753,18.559,19.003,18.386,18.649
PE(P-16:0/16:1),19.133,19.712,18.467,18.504,19.064,18.848,16.475,17.617,19.425,20.010,20.208,18.558,17.084,18.099,18.039,19.016,18.411,19.950,19.638,19.271,18.377,20.147,21.297,19.734,19.483,19.276,18.476,19.699,17.978,19.051,17.896,18.696,18.350,18.112,18.366,18.574,19.261,18.819,18.319,19.402,18.392,20.617,17.298,18.463,19.014,17.497,18.171,18.311,19.951,17.870,20.070,18.819,20.046,19.082,17.490,17.327,20.159,19.136,20.683,16.518,19.672,18.934,18.599,16.715,18.449,18.540,18.973,17.569,18.088,18.624,19.107,17.383,19.973,20.240,18.302,17.554,18.907,19.062,19.710,19.934,19.430,20.452,19.601,19.878,20.340,19.859,19.282
PE(P-16:0/18:1),23.814,24.122,23.408,23.531,24.093,24.203,22.838,23.518,23.867,24.261,24.521,23.588,23.503,24.040,23.280,23.579,23.609,24.419,24.138,23.317,23.408,23.944,25.131,24.581,24.406,24.262,23.892,24.470,23.271,23.702,23.917,24.088,24.370,23.785,23.128,24.364,24.227,23.760,23.496,24.427,23.830,24.828,23.278,23.643,24.168,22.867,23.539,23.287,24.495,24.226,23.957,24.007,24.291,23.912,23.862,23.383,24.752,24.384,24.858,22.701,24.188,23.849,23.809,23.375,23.740,24.507,24.205,23.110,23.249,23.845,23.408,24.057,24.337,25.137,23.988,22.450,23.814,23.871,24.145,24.121,24.105,24.468,24.156,23.983,24.356,24.057,23.953
PE(P-16:0/18:2),21.048,20.947,20.330,20.863,22.421,21.235,20.917,20.251,20.368,20.465,20.818,20.292,20.239,20.144,19.950,20.208,19.784,20.581,21.277,21.261,20.280,20.633,22.398,20.837,20.444,20.141,21.796,21.153,20.098,20.619,20.587,20.667,21.280,20.905,19.726,20.958,21.591,21.783,20.943,20.758,20.774,20.548,20.089,20.477,22.956,19.438,20.356,19.829,21.079,22.011,20.542,20.279,20.115,20.949,20.463,21.351,21.371,20.676,21.054,19.685,21.770,19.958,19.930,20.572,20.663,22.085,20.417,20.071,20.519,22.424,20.258,19.977,20.836,21.111,21.912,18.775,21.256,21.001,20.890,21.544,20.834,20.504,20.207,20.423,20.625,20.273,20.198
PE(P-16:0/20:3)_A,21.727,21.918,21.116,20.574,21.655,22.225,20.392,20.565,21.532,21.183,21.447,22.096,20.861,21.262,20.472,21.025,20.859,21.705,22.071,21.139,21.095,22.193,22.150,21.860,21.533,21.709,22.611,21.645,21.429,21.008,20.953,21.037,21.436,21.858,20.443,21.805,21.605,20.542,21.751,21.445,20.359,21.092,21.143,21.733,22.014,20.018,20.581,21.202,22.197,21.303,21.561,21.769,21.387,21.398,20.142,20.705,22.265,22.095,22.705,20.410,22.170,20.529,20.659,20.445,21.324,22.625,21.268,20.850,21.285,21.316,21.120,21.527,21.844,21.864,21.131,19.784,21.704,21.128,22.705,22.038,20.998,21.108,21.484,20.665,20.856,20.614,20.483
PE(P-16:0/20:3)_B,19.281,17.933,17.209,18.890,17.973,19.479,17.620,18.719,18.607,18.089,19.106,18.999,18.629,18.968,19.091,18.097,19.192,18.940,18.139,18.151,19.796,19.761,21.528,19.028,19.482,19.670,18.783,17.571,18.867,18.443,16.872,18.390,19.239,18.608,16.565,20.260,18.411,17.724,19.035,20.308,17.935,18.300,17.218,19.208,17.626,17.731,17.196,18.617,18.167,16.583,17.306,17.894,18.838,19.099,17.700,18.360,17.994,19.711,19.304,16.910,18.493,19.928,20.084,17.594,17.233,18.859,17.897,17.219,18.111,17.942,17.947,18.156,18.224,18.075,15.885,18.766,18.921,16.706,18.509,17.426,17.401,18.016,17.410,18.077,17.697,17.422,17.388
PE(P-16:0/20:4),24.835,23.934,24.081,24.254,24.836,25.019,24.115,24.885,23.826,22.969,23.939,25.505,24.172,25.369,24.562,23.670,24.432,24.050,24.197,24.590,24.808,24.121,23.508,24.086,23.554,23.127,25.231,24.301,24.196,24.352,23.581,24.320,25.248,24.197,23.209,24.691,24.659,24.686,23.860,24.456,23.583,22.892,24.036,24.032,24.966,23.253,23.665,23.978,23.741,24.455,23.135,23.145,23.591,24.256,24.172,23.822,24.348,24.605,23.893,23.836,23.857,24.025,24.447,23.881,24.181,24.770,24.497,23.302,24.144,24.537,24.335,25.405,23.551,23.621,24.400,23.939,24.306,23.564,23.973,23.821,22.743,22.752,23.183,22.756,22.767,22.536,22.738
PE(P-16:0/20:5),21.334,19.082,19.825,20.192,21.976,21.087,19.492,19.836,18.035,15.727,16.519,23.402,20.718,20.921,20.283,18.784,19.979,20.381,19.956,22.205,22.461,19.405,17.534,18.526,16.588,17.706,21.511,17.795,20.619,20.614,20.945,21.306,22.806,22.337,19.311,20.975,21.948,22.418,21.054,21.677,20.219,15.848,20.230,22.459,21.280,17.962,17.722,19.775,17.666,19.971,16.669,17.659,17.376,20.192,20.631,19.872,19.547,21.051,18.449,20.137,18.735,21.149,20.817,19.537,19.662,21.412,20.457,17.900,20.956,21.548,19.742,23.146,17.248,16.847,21.449,21.275,19.475,19.207,16.653,17.950,18.157,16.618,17.120,16.193,16.295,15.747,16.246
PE(P-16:0/22:4),24.316,24.129,23.914,23.446,23.159,23.920,22.984,24.664,24.101,24.115,24.398,24.351,22.640,25.029,24.466,23.766,22.889,23.976,23.550,23.910,24.484,23.815,24.966,24.183,23.699,23.251,23.814,24.660,22.917,23.627,23.020,23.638,24.744,22.043,22.596,23.360,23.867,23.485,23.063,21.863,23.730,24.391,23.349,21.895,23.188,23.184,23.476,23.870,24.175,22.620,23.717,23.886,24.076,22.147,22.915,23.418,24.480,23.990,24.624,22.901,23.929,23.802,23.952,23.185,23.756,22.606,23.785,22.668,23.458,23.528,23.838,24.733,24.408,24.829,23.599,23.371,23.172,23.348,24.530,24.055,23.591,24.089,23.885,24.115,24.290,24.086,23.861
PE(P-16:0/22:5);PE(P-18:1/20:4),23.897,23.950,23.800,23.272,23.466,23.296,23.272,22.748,23.931,24.297,24.514,24.179,24.449,23.810,23.484,24.160,23.672,24.141,23.973,23.684,24.121,23.339,24.503,24.244,23.951,24.022,24.055,24.568,23.026,23.702,23.917,23.509,24.285,22.884,23.689,23.713,24.154,24.420,23.132,24.109,23.826,24.459,23.129,22.946,23.919,23.721,23.884,23.168,24.260,23.660,23.975,23.873,24.264,23.988,22.777,22.691,24.187,24.069,24.442,23.327,23.531,24.176,23.834,23.335,23.827,23.791,24.148,23.340,23.746,23.952,23.739,23.718,24.067,24.643,24.096,22.621,23.328,23.526,24.185,23.933,24.024,24.254,24.117,24.213,24.356,24.152,24.082
PE(P-16:0/22:6),24.222,23.645,24.034,23.672,24.052,24.343,23.426,24.144,23.834,23.655,23.628,24.278,23.728,24.376,23.877,24.035,23.645,23.168,23.998,23.705,23.985,23.815,23.404,23.497,23.111,23.218,24.166,24.234,23.765,24.160,23.470,24.119,23.931,23.862,23.209,23.877,24.493,23.450,23.347,24.309,22.850,23.391,23.545,23.741,24.581,22.865,23.652,23.515,23.641,24.028,23.589,23.639,23.999,24.044,23.299,22.977,23.649,24.428,23.843,23.386,23.696,23.829,24.061,23.686,23.939,24.382,23.763,22.854,23.637,24.099,23.669,24.133,23.374,23.708,23.741,23.279,24.172,23.865,23.933,23.986,23.900,24.017,24.006,23.681,23.724,23.739,23.798
PE(P-18:0/0:0),17.311,19.077,17.723,17.453,17.665,17.513,17.600,18.238,19.050,18.833,17.938,17.283,17.610,18.707,17.669,17.896,17.471,18.050,18.023,17.328,17.474,17.991,18.448,18.722,19.174,18.250,18.294,18.768,17.841,18.266,18.526,18.089,18.239,17.540,17.292,17.498,17.566,16.851,17.516,17.945,18.412,18.935,18.228,18.146,17.700,17.036,17.895,18.346,19.146,18.058,18.988,18.199,18.807,18.002,20.003,17.462,19.529,19.958,19.205,18.080,18.196,18.195,18.314,19.263,18.199,18.424,17.569,17.892,17.988,17.710,18.303,17.869,19.205,21.572,16.963,17.108,17.765,18.913,18.621,18.202,19.037,19.677,19.543,19.257,19.718,18.435,19.645
PE(P-18:0/16:0);PE(P-16:0/18:0),19.707,19.797,21.321,20.307,19.669,19.602,19.741,20.222,20.309,19.917,20.284,20.038,19.848,20.979,20.868,19.731,20.199,19.528,20.904,20.040,19.821,20.031,21.072,19.819,19.959,19.168,19.977,20.822,20.206,20.511,20.246,20.693,21.055,19.980,19.608,20.027,20.494,19.212,19.994,19.366,19.347,20.153,19.306,19.121,19.999,18.808,19.561,20.137,19.397,19.089,19.952,20.612,20.594,19.882,19.040,19.665,20.042,21.094,19.531,19.422,20.080,21.092,20.789,19.485,21.201,20.366,20.209,19.589,20.062,19.965,19.597,21.221,19.664,20.736,20.185,18.880,19.973,19.956,20.984,20.092,21.556,20.773,20.959,20.866,20.769,20.500,20.952
PE(P-18:0/18:1),22.797,23.762,22.896,22.901,22.741,23.050,22.435,22.335,23.568,24.177,24.230,22.253,23.662,23.146,22.158,23.096,22.695,23.671,23.758,22.401,22.491,23.237,24.574,24.214,24.204,24.103,23.414,24.191,22.628,23.017,23.989,23.384,23.738,23.366,22.892,23.155,23.606,22.763,23.026,23.456,23.722,24.419,22.634,23.225,23.533,22.529,23.438,22.719,24.118,23.618,23.805,23.854,24.083,23.594,23.003,22.892,24.402,23.868,24.551,22.793,24.118,23.618,23.513,23.239,23.440,23.712,23.566,23.103,22.777,23.352,22.883,23.175,23.907,24.858,23.004,21.484,22.944,23.745,23.765,23.516,24.170,24.526,24.077,24.107,24.286,23.853,23.979
PE(P-18:0/20:1),19.822,21.385,20.192,19.852,19.679,18.575,19.195,19.884,21.583,22.706,22.938,18.745,20.017,19.293,19.771,19.931,19.730,21.657,20.953,19.183,18.992,20.686,22.881,22.572,22.787,22.252,19.269,22.198,19.240,20.475,20.725,20.439,21.038,20.287,20.033,20.148,21.464,19.291,20.251,19.930,21.381,22.931,19.960,20.048,19.290,19.552,20.849,20.018,22.221,21.407,21.923,22.004,22.070,20.075,19.503,19.957,22.358,21.423,23.028,18.973,22.079,21.627,21.503,19.888,21.258,20.956,21.564,20.806,19.881,20.189,19.721,19.107,21.913,23.113,19.765,17.894,20.592,21.355,21.696,21.654,22.280,22.535,22.427,22.692,22.516,22.578,22.564
PE(P-18:0/20:3)_A,21.728,21.974,21.533,21.796,20.965,21.750,20.690,21.611,22.290,22.570,22.375,21.545,22.136,22.421,22.205,21.672,21.042,22.187,22.000,20.900,22.435,22.378,24.172,22.306,22.434,22.132,23.079,22.275,21.777,21.625,21.944,21.835,22.141,21.941,21.628,22.153,21.469,20.040,22.041,22.195,21.506,22.406,21.300,21.978,21.853,20.798,21.477,22.053,22.481,21.555,21.624,22.510,22.537,22.260,20.536,21.203,22.412,22.462,22.909,21.680,22.341,22.849,22.523,21.195,21.750,22.750,21.266,22.510,21.728,20.875,21.439,21.939,22.489,22.768,19.557,20.424,21.880,21.444,22.909,21.898,21.495,22.209,21.785,22.018,22.145,21.822,21.664
PE(P-18:0/20:3)_B,19.093,18.647,18.365,19.645,17.780,19.238,18.750,18.766,20.413,19.475,20.152,18.617,20.458,18.843,18.955,19.410,19.633,19.374,19.065,17.321,20.479,20.277,21.863,19.753,20.134,20.096,19.133,18.843,19.411,19.211,18.224,19.231,19.504,19.007,18.885,20.482,19.055,18.500,19.710,21.353,18.668,19.833,17.844,19.469,17.541,18.816,18.854,19.169,19.198,19.443,18.383,19.880,20.748,20.238,17.780,18.221,18.637,20.412,20.251,18.695,19.263,20.438,21.141,19.381,18.491,19.582,18.297,19.367,19.148,17.443,18.667,18.720,19.048,19.459,16.823,19.115,19.122,17.690,20.299,18.467,17.896,19.623,19.256,19.854,18.959,19.226,19.168
PE(P-18:0/20:4),24.487,24.288,24.640,24.467,24.401,24.962,24.517,24.384,24.522,23.320,24.142,25.138,24.655,25.259,24.439,24.235,24.508,23.797,24.896,23.961,24.907,23.727,23.002,23.829,23.339,23.304,25.256,24.053,24.366,24.617,24.294,24.666,25.533,23.791,23.980,24.639,24.705,24.373,23.967,24.898,23.716,23.600,24.026,24.392,24.737,23.746,24.665,24.006,23.784,24.839,23.607,24.266,24.515,24.380,24.072,23.807,23.736,25.288,23.705,24.691,23.226,24.412,24.684,24.836,24.772,24.743,24.278,24.521,24.622,24.232,24.444,25.804,23.322,23.541,23.935,24.061,24.075,23.871,24.985,23.871,24.134,24.374,24.287,23.956,24.143,23.590,24.289
PE(P-18:0/20:5);PE(P-16:0/22:5),22.934,21.353,21.661,22.683,21.739,22.525,21.138,23.250,22.102,20.884,21.971,21.373,21.114,23.665,23.014,21.911,20.786,21.342,22.162,21.268,22.024,21.875,22.479,22.070,21.610,19.874,22.548,21.388,22.366,22.193,20.791,21.547,21.401,21.468,20.246,22.857,21.468,20.372,20.989,21.227,20.259,20.126,21.294,20.930,22.063,21.753,22.014,21.085,21.479,20.622,20.256,21.451,20.996,21.305,21.735,20.829,21.776,22.606,21.232,21.434,21.120,20.911,21.593,21.620,21.981,22.453,20.719,20.756,21.671,22.280,22.230,21.647,21.627,20.871,20.790,22.279,23.024,20.317,22.271,20.846,20.317,21.032,20.282,21.159,20.812,20.871,20.836
PE(P-18:0/22:1),16.758,18.254,17.486,17.409,16.836,16.113,16.578,16.239,18.064,19.392,19.875,16.389,17.203,16.654,16.906,16.731,16.760,18.434,17.026,16.084,15.765,17.215,20.249,19.280,20.193,19.117,16.522,19.032,16.508,17.391,17.767,17.703,18.288,18.209,17.311,17.030,18.473,16.567,17.095,16.965,18.112,19.833,16.810,17.678,16.609,16.285,17.462,17.078,19.099,16.466,18.674,19.045,18.603,17.374,17.281,17.565,18.764,18.069,19.571,16.092,19.253,18.446,18.295,17.155,17.880,17.577,18.248,17.657,16.666,18.067,16.570,16.332,18.818,19.886,17.713,14.508,17.843,17.766,18.567,18.429,19.072,19.399,19.235,19.694,19.128,19.588,19.413
PE(P-18:0/22:4),23.267,24.088,24.021,22.873,22.406,22.960,23.100,23.761,24.408,24.427,24.854,23.521,23.379,24.090,23.779,23.890,22.501,23.553,23.905,22.941,23.844,23.480,24.526,23.915,23.645,23.251,23.607,24.373,22.615,23.507,23.095,24.013,24.635,22.077,22.933,22.777,23.358,22.208,22.784,21.782,23.514,24.855,23.182,21.809,22.734,22.642,23.440,23.627,23.875,22.426,24.147,24.176,24.676,22.407,22.518,22.641,24.087,24.175,24.435,22.679,23.717,24.160,24.510,23.471,24.235,22.497,23.301,23.188,23.784,22.888,23.583,24.641,24.289,24.872,22.761,22.229,23.050,23.865,24.765,24.133,24.716,25.251,24.736,24.815,24.797,24.574,24.765
PE(P-18:0/22:5)_A,21.510,21.171,21.705,21.427,21.087,20.688,21.415,21.935,21.145,20.588,20.441,21.966,21.607,22.097,21.607,21.134,20.443,21.058,21.196,21.561,21.748,21.039,21.047,20.805,20.753,21.454,21.546,21.974,20.930,21.013,21.336,21.851,22.614,20.583,20.866,21.288,21.699,21.383,21.385,20.522,21.027,20.770,21.048,20.768,20.976,20.291,21.216,21.062,20.647,21.115,20.612,20.716,21.235,20.327,21.204,20.405,21.443,21.419,20.806,21.002,20.848,22.318,21.888,21.370,21.405,20.238,21.012,20.662,20.831,21.119,20.765,22.910,20.536,21.072,21.467,21.388,20.932,21.403,20.698,20.937,22.191,21.801,21.671,20.516,21.545,21.071,21.181
PE(P-18:0/22:5)_B,21.837,21.175,21.870,22.279,19.949,21.684,20.008,22.290,22.683,21.861,22.561,19.715,21.549,22.750,21.897,22.362,20.350,21.165,21.863,19.666,21.298,21.510,22.115,21.857,22.193,19.793,21.961,21.245,21.732,21.726,20.606,20.822,20.627,20.597,20.607,22.134,20.600,18.908,19.484,20.800,19.745,21.165,20.881,19.467,21.046,21.747,22.396,20.753,21.178,19.573,21.212,21.867,21.908,21.273,20.854,19.620,21.163,22.558,21.140,21.166,20.424,21.004,21.497,21.932,22.093,21.821,19.959,21.116,22.069,20.186,21.788,20.588,21.598,21.390,18.791,20.695,22.249,20.376,22.979,21.048,21.917,22.853,21.193,22.724,22.244,22.643,22.349
PE(P-18:0/22:6)_A,18.978,18.713,18.616,18.689,18.003,17.743,18.557,19.727,20.118,18.984,18.948,17.591,19.844,18.393,18.469,19.474,20.020,18.130,18.035,18.695,19.159,18.543,19.762,18.863,19.511,20.885,18.357,19.035,19.761,19.309,20.035,18.737,18.791,19.147,20.032,18.338,19.878,18.162,18.855,20.666,18.432,19.129,18.926,19.503,18.144,19.654,19.844,19.506,18.404,20.197,18.880,18.984,19.361,18.022,20.277,18.207,18.154,18.905,19.094,20.129,17.859,19.450,19.456,21.411,18.982,19.246,19.245,20.226,19.553,18.979,19.206,17.992,18.849,19.115,18.037,18.474,18.608,20.053,19.122,19.078,20.343,20.388,19.943,19.859,19.820,19.733,19.981
PE(P-18:0/22:6)_B,23.667,23.567,24.107,23.321,23.059,23.500,23.553,23.325,24.156,24.468,24.169,22.373,24.162,23.266,23.162,23.964,23.144,23.284,24.190,22.489,23.054,23.329,23.065,23.132,23.494,23.571,23.594,23.520,23.338,24.212,24.236,23.911,23.705,23.779,23.772,23.368,24.163,22.769,22.897,24.025,22.689,24.101,23.384,23.277,24.055,22.733,24.194,23.448,23.183,24.108,24.014,23.942,24.538,23.980,22.669,22.103,23.053,24.784,23.648,23.814,22.655,24.570,24.447,24.458,24.460,24.238,23.701,23.750,24.348,23.298,23.795,23.803,23.397,23.417,22.464,22.142,23.296,24.356,24.276,24.030,24.986,24.941,24.828,24.514,24.464,24.572,24.443
PE(P-18:1/16:1),16.033,19.088,17.387,16.033,15.866,16.128,15.060,14.870,19.129,20.138,20.064,15.690,17.134,16.322,15.890,18.438,15.884,19.497,18.221,16.658,16.502,18.397,21.165,19.292,18.808,19.000,15.004,18.784,15.293,17.297,17.172,16.258,16.985,16.167,18.406,16.873,17.765,17.168,15.650,16.992,18.215,20.893,15.888,16.558,15.695,17.365,17.978,16.817,19.561,15.894,19.901,18.694,19.908,16.946,15.210,16.102,19.316,18.651,20.627,15.018,18.287,18.633,17.788,16.834,17.895,15.773,18.298,17.240,16.669,16.774,17.859,16.047,19.637,20.064,16.510,14.767,16.043,18.543,19.260,19.273,19.926,21.201,19.353,20.158,20.809,20.325,19.662
PE(P-18:1/18:1),21.266,23.995,21.979,21.339,20.931,20.140,20.091,19.605,23.774,24.711,24.950,19.612,22.001,19.770,19.573,22.710,21.547,24.141,23.147,20.420,21.185,22.944,24.989,24.641,24.181,24.078,20.152,24.234,20.049,22.119,22.514,20.871,22.688,20.750,22.584,21.816,22.871,22.438,20.524,22.175,23.780,25.034,22.213,21.388,20.784,22.362,22.962,21.980,24.703,21.867,24.044,23.822,24.179,21.906,20.373,21.766,24.580,23.918,25.157,19.873,23.863,23.313,23.236,22.101,23.088,21.901,23.662,22.358,21.631,21.718,22.341,20.966,24.360,25.355,22.608,19.043,22.246,23.339,23.804,24.018,24.084,24.786,24.123,24.448,25.077,24.676,24.388
PE(P-18:1/20:1),19.053,22.199,19.788,20.020,18.947,18.942,18.985,19.420,21.978,23.537,23.666,18.721,20.413,19.308,19.219,20.076,19.493,22.505,20.988,18.918,19.562,20.852,23.206,23.183,22.608,22.373,18.950,22.656,18.900,20.231,20.411,19.379,20.774,20.041,20.264,19.448,21.286,19.722,19.362,20.465,22.411,23.768,20.283,19.758,19.011,19.996,21.247,19.876,22.742,20.330,22.468,22.515,22.810,19.376,18.827,20.150,22.412,21.901,23.551,18.373,22.331,21.224,21.569,20.194,21.253,20.167,22.110,20.230,19.487,19.871,19.837,18.588,22.722,23.760,20.160,18.706,20.953,21.877,22.012,22.426,22.722,23.413,22.752,23.402,23.298,23.392,23.151
PE(P-18:1/20:5),20.648,20.005,20.103,20.275,20.973,19.482,19.495,18.854,19.384,18.473,17.562,21.558,21.845,19.633,19.413,20.769,19.526,20.657,19.915,21.023,22.605,19.129,19.790,18.492,18.576,20.562,20.592,19.389,19.719,20.300,21.333,20.475,21.591,20.508,20.859,20.585,20.837,22.888,19.976,20.932,20.801,18.911,19.347,21.286,21.217,19.575,18.873,19.246,19.214,19.826,19.001,19.687,20.477,20.159,19.243,18.951,18.812,21.306,20.630,20.298,18.381,21.309,20.936,19.775,20.071,20.483,20.099,18.965,20.610,21.015,19.515,22.224,18.924,19.047,21.743,18.931,19.142,20.046,18.457,18.898,20.006,19.200,19.587,17.811,18.346,17.968,18.732
PE(P-18:1/22:4),20.925,22.975,21.885,20.521,19.917,20.432,20.488,20.576,22.585,23.735,24.263,20.533,21.497,20.519,20.571,22.099,20.346,22.898,22.302,20.456,21.725,21.750,23.817,23.371,22.825,22.046,21.021,23.436,20.390,21.843,21.237,21.127,21.924,20.301,21.302,20.240,22.054,21.552,19.925,NA,22.631,24.084,21.024,20.453,20.802,21.490,22.245,21.446,23.361,20.833,23.228,22.663,23.247,20.099,NA,20.478,23.206,22.670,24.145,20.684,22.604,22.579,22.680,21.502,22.297,21.467,22.287,21.308,21.908,21.094,21.749,20.980,23.722,24.385,21.709,NA,21.111,22.548,23.248,22.827,23.134,23.853,23.297,23.601,24.302,24.027,23.300
PE(P-18:1/22:5)_A,19.444,19.556,19.721,18.549,18.824,17.896,19.456,18.042,19.554,19.458,18.966,19.961,20.153,18.714,18.865,19.970,18.090,19.700,19.363,19.765,20.475,18.901,20.508,19.296,19.554,20.158,19.375,20.830,18.439,19.435,19.374,19.221,20.023,18.197,19.352,17.911,20.267,20.896,19.436,18.620,20.200,20.360,18.658,18.423,19.749,18.625,19.466,18.800,19.673,20.304,19.763,18.915,19.721,18.864,18.431,18.136,20.451,19.265,20.409,18.333,19.465,20.570,20.244,18.546,19.148,19.013,19.792,18.553,18.802,19.599,18.156,19.954,20.125,20.704,20.923,17.634,18.069,19.842,18.868,19.672,21.036,20.779,20.394,19.622,20.612,20.423,19.958
PE(P-18:1/22:5)_B,19.190,18.593,18.563,19.334,17.913,18.549,17.200,19.281,19.815,19.765,20.368,17.153,18.904,18.676,18.460,19.478,18.069,19.195,18.834,17.641,18.787,18.605,21.202,20.437,20.738,17.799,18.620,18.970,18.633,18.663,17.448,18.041,17.431,18.037,19.063,20.015,18.411,17.240,17.405,18.546,18.281,19.124,17.722,17.439,18.228,20.012,19.646,17.670,20.098,17.511,18.535,19.523,18.717,18.559,17.680,17.003,19.596,19.314,19.889,17.995,18.706,17.897,18.369,17.883,18.488,19.096,17.896,18.790,18.983,18.880,18.956,17.230,20.180,20.177,17.800,17.766,19.296,17.532,19.961,18.517,18.933,20.385,18.355,20.307,19.838,20.373,19.557
PE(P-18:1/22:6),21.914,22.034,22.337,21.356,21.203,21.038,21.323,21.193,22.487,22.537,22.735,20.916,23.139,20.641,21.079,23.375,21.577,21.969,22.237,21.159,21.940,21.448,22.867,21.825,22.900,22.896,21.418,22.705,21.249,22.338,22.375,21.612,21.248,21.788,22.701,21.684,22.761,22.040,20.832,22.502,21.788,22.838,21.444,21.503,21.785,21.975,22.707,21.297,22.564,22.285,22.566,22.733,22.925,22.687,19.749,19.819,22.071,22.519,22.953,21.492,21.733,22.642,22.403,21.678,21.962,22.268,21.926,21.937,22.183,22.178,21.638,21.595,22.520,22.811,22.234,18.995,21.559,22.501,22.500,22.261,23.229,23.297,22.885,22.807,22.849,22.742,22.783
PE(P-20:0/20:4),20.180,20.561,21.089,20.846,20.663,20.335,20.540,20.242,20.691,19.281,19.924,21.187,20.802,21.244,20.758,20.392,20.487,20.030,20.270,19.743,19.838,19.502,18.687,19.382,19.419,19.117,21.072,20.229,20.055,21.171,20.673,20.751,21.460,20.622,20.441,20.518,20.877,20.361,19.654,20.258,20.314,19.831,20.669,20.750,21.149,19.700,20.313,20.030,19.842,19.780,19.489,20.005,20.481,20.580,20.248,20.147,19.707,20.899,19.465,20.750,19.176,20.424,20.533,20.225,20.752,20.810,19.616,20.410,20.752,20.994,20.077,21.363,19.271,19.398,20.178,19.232,19.708,19.794,21.036,19.641,20.087,20.290,20.203,19.858,19.842,19.578,20.514
PE(P-20:0/22:6),18.436,17.859,18.577,17.974,18.739,18.371,18.190,18.121,18.858,18.512,17.957,17.637,19.245,17.447,17.785,18.340,18.248,17.719,18.654,16.988,16.782,17.960,16.444,17.784,18.340,18.563,18.083,18.393,18.302,18.975,19.025,18.782,17.668,19.260,18.597,18.648,19.350,17.996,17.883,19.251,17.766,18.190,18.767,18.760,19.209,17.941,18.623,17.865,18.348,18.649,18.417,18.254,18.389,19.433,17.764,16.555,17.370,18.972,18.153,18.878,17.862,18.389,18.767,19.048,18.642,19.123,17.816,18.559,18.258,18.584,17.476,18.144,17.331,16.881,17.940,16.571,17.882,18.940,18.451,18.312,18.788,18.564,18.909,18.316,17.976,18.538,18.518
PG(16:0/16:0)_B,16.795,17.399,17.678,20.194,16.265,16.804,16.071,18.722,18.524,19.893,18.460,17.013,15.875,17.574,18.470,18.271,17.373,16.278,19.283,15.699,17.223,18.669,17.147,16.535,16.268,16.577,17.552,17.741,17.215,17.930,16.752,17.028,15.376,17.842,17.536,17.590,18.389,15.560,16.939,16.857,14.775,18.620,16.846,16.844,16.349,16.177,17.771,18.148,16.954,16.091,19.160,18.484,18.865,18.025,15.904,16.569,16.862,17.797,17.377,16.499,17.234,18.532,18.939,16.684,18.908,16.548,17.071,16.676,17.757,15.372,18.299,17.769,18.277,17.141,15.681,17.262,19.220,19.022,18.988,18.464,18.138,17.948,18.588,18.652,18.482,19.075,18.442
PG(16:0/16:0)_A,13.306,14.274,12.367,13.575,10.931,11.891,11.845,14.194,14.532,13.770,12.555,13.494,NA,13.146,14.769,13.554,12.542,14.937,13.148,12.606,12.633,14.626,13.485,13.336,12.743,13.806,11.312,13.637,14.285,12.781,12.094,13.966,10.306,12.843,13.367,11.616,13.656,11.012,14.172,12.970,11.797,13.837,12.949,12.879,12.400,11.494,12.761,14.878,14.084,11.519,15.142,11.980,13.608,12.659,9.538,11.657,14.474,13.392,13.904,14.162,13.370,14.342,12.849,12.867,12.453,14.221,12.031,14.085,12.306,11.607,13.499,NA,14.296,13.987,12.558,18.253,13.344,12.965,13.406,13.259,12.201,11.532,12.213,12.599,12.812,12.463,12.224
PG(16:0/16:1),13.040,13.396,12.758,12.745,NA,10.885,11.052,13.449,13.679,14.232,13.890,12.887,9.948,12.575,13.742,13.190,11.919,14.021,13.277,12.579,13.127,13.606,13.983,12.829,12.249,12.846,11.414,14.293,13.082,12.692,11.087,13.002,10.631,11.242,12.761,10.966,13.668,10.665,12.568,12.106,11.333,14.824,11.796,12.391,12.491,11.725,12.367,13.671,13.865,11.054,15.179,12.288,14.572,12.319,10.037,11.370,13.756,12.335,14.501,12.409,12.599,14.361,13.309,12.073,12.797,13.139,12.796,13.198,11.013,11.205,13.338,NA,13.969,13.475,11.281,16.105,12.242,11.910,13.708,13.661,12.377,13.813,13.317,13.410,13.532,13.822,13.652
PG(16:0/18:0),16.133,16.875,17.882,18.141,17.544,17.249,15.905,18.513,17.469,20.659,17.682,16.953,16.397,18.453,17.252,16.660,17.132,18.369,17.451,17.351,17.133,16.966,16.478,17.876,16.670,15.480,16.829,17.196,18.544,18.071,17.538,16.827,16.729,20.688,17.142,17.768,18.785,14.793,15.545,17.131,17.460,18.549,17.204,19.468,16.555,16.688,17.358,17.243,17.456,15.623,19.144,19.059,18.177,16.844,17.996,18.007,18.500,19.792,16.778,18.410,17.238,19.994,18.361,19.381,19.793,17.595,17.144,17.845,18.168,17.001,18.597,17.305,18.750,17.787,16.035,17.681,15.805,19.564,18.744,17.353,18.948,17.436,18.789,18.906,18.685,20.215,18.468
PG(16:0/18:1)_A,16.398,16.993,15.790,16.492,13.906,14.844,15.432,16.640,17.495,17.397,16.518,16.536,13.558,16.179,17.062,16.526,16.118,17.584,16.611,15.946,16.202,17.012,16.678,16.268,16.672,16.746,15.533,17.327,16.713,16.249,15.780,17.071,14.716,15.796,16.279,15.056,17.185,15.110,16.874,16.275,15.963,17.496,16.102,16.219,16.181,15.403,16.353,17.549,17.435,15.447,18.257,15.741,17.238,16.106,14.115,15.216,17.901,16.250,17.551,16.878,16.691,17.674,16.132,15.602,16.111,17.396,16.017,17.137,14.907,14.896,16.573,13.506,17.436,17.739,16.451,18.321,16.251,15.839,16.548,16.348,15.234,15.720,15.933,16.247,16.526,16.594,16.056
PG(16:0/18:1)_B,19.752,19.850,21.438,20.653,20.600,20.491,20.479,21.846,21.093,20.863,20.731,21.434,19.983,21.893,21.288,20.328,21.340,19.598,20.679,20.547,22.011,20.813,21.295,20.288,19.482,20.343,21.634,21.003,20.663,20.818,19.530,20.853,19.941,20.293,20.196,21.611,20.968,20.723,20.035,20.918,18.238,20.628,20.255,20.253,20.411,19.551,20.322,20.924,19.778,21.105,20.721,20.096,21.051,20.337,19.127,19.469,20.244,20.884,20.215,20.594,20.180,20.875,20.965,20.227,20.864,20.588,20.196,20.752,20.249,20.682,20.392,20.751,20.608,19.884,21.031,21.250,21.265,20.471,21.191,20.380,20.378,20.569,21.020,20.454,20.491,20.764,20.841
PG(16:0/18:2),14.513,14.690,15.303,15.578,16.364,14.749,15.026,15.944,15.053,14.542,14.418,14.630,14.632,15.179,15.045,14.580,14.957,13.866,13.828,14.677,16.377,15.069,15.164,13.937,13.970,14.385,15.132,15.143,14.701,15.033,14.777,14.456,14.629,15.297,14.411,15.658,15.238,15.418,14.477,14.384,14.055,13.984,14.771,15.040,15.472,14.651,14.831,14.820,15.035,15.234,16.206,14.588,14.049,14.714,15.375,15.296,15.150,14.633,14.682,14.657,15.433,14.701,14.171,15.010,15.206,14.662,14.351,15.362,14.667,15.717,14.999,15.018,15.092,14.574,16.157,15.556,14.706,15.535,14.933,15.145,15.587,14.344,14.541,13.872,14.206,14.372,13.967
PG(16:0/20:4)_A,14.530,14.845,14.595,14.380,11.637,14.009,13.569,14.765,14.214,14.232,13.590,15.129,10.982,15.839,15.508,14.652,14.207,14.731,14.261,14.328,15.339,15.145,14.173,13.884,13.063,13.691,14.227,14.255,15.015,13.798,13.346,13.882,13.318,13.358,13.387,12.630,14.544,12.695,13.700,13.378,12.909,13.628,13.797,13.920,14.242,13.453,13.370,15.868,14.445,12.321,14.394,12.861,14.206,13.417,12.702,14.223,14.386,14.658,13.964,14.527,14.082,15.128,13.879,14.276,14.464,14.520,14.078,13.464,13.268,13.614,14.393,13.772,13.954,13.940,14.328,16.778,14.078,13.458,14.332,13.973,11.929,12.838,12.826,12.683,12.973,13.655,13.062
PG(16:0/20:4)_B,14.925,15.760,16.701,16.075,15.845,15.397,15.896,16.718,16.525,15.935,16.234,16.022,14.725,16.316,16.490,15.719,16.651,14.079,15.524,14.866,16.017,16.471,15.622,15.242,13.620,15.531,17.270,15.325,15.722,15.713,14.873,14.921,15.231,15.091,15.456,15.992,15.454,16.322,14.338,16.114,13.400,16.937,14.753,15.013,15.150,15.190,15.399,15.721,14.543,15.623,16.702,15.842,17.476,15.505,15.434,15.174,14.452,16.320,14.835,15.405,14.853,16.355,16.349,15.345,16.353,14.868,14.589,15.827,16.170,15.224,15.942,16.237,16.224,14.641,14.812,15.896,14.959,15.400,17.464,16.364,16.773,16.396,17.792,17.041,16.527,16.772,17.498
PG(16:0/22:6),14.724,15.041,15.133,14.277,12.764,14.790,14.981,15.894,14.972,14.575,13.131,15.233,12.370,15.156,14.420,14.487,15.230,15.533,15.054,14.204,14.897,15.360,14.699,14.563,15.436,14.261,14.761,14.886,15.825,15.065,14.348,15.502,13.127,14.930,14.847,14.687,16.179,14.133,15.021,15.625,14.270,13.775,14.861,16.129,15.345,13.779,14.595,15.236,15.421,14.265,14.678,14.056,15.277,15.146,12.560,13.150,15.416,15.370,15.383,15.501,14.803,15.834,15.309,14.262,14.644,15.922,15.493,15.288,14.458,14.396,14.552,12.883,14.672,15.400,14.405,17.598,14.999,15.215,13.878,14.313,11.967,13.004,13.747,12.323,12.321,13.932,13.257
PG(16:1/18:1);PG(16:0/18:2),15.713,16.633,15.782,16.002,13.992,14.289,15.492,16.547,16.548,17.188,16.744,15.632,14.343,15.137,16.731,16.091,15.296,16.837,16.239,15.663,16.161,15.925,16.698,15.061,15.670,15.868,15.007,16.747,16.081,15.695,15.269,16.222,14.611,14.965,15.865,14.157,16.564,14.800,15.859,15.586,15.031,17.615,15.257,15.812,16.282,15.227,16.586,16.618,16.922,15.811,17.596,15.195,17.378,15.291,13.256,15.182,17.139,15.655,17.113,16.871,16.517,17.255,15.946,15.678,16.016,16.418,15.774,16.795,14.438,14.774,16.491,14.182,16.450,16.702,16.517,16.923,15.970,15.669,16.457,16.540,15.977,17.098,15.857,16.004,16.109,16.849,16.280
PG(16:1/18:2),13.937,14.541,14.929,13.759,11.823,12.157,13.193,14.422,14.477,15.078,14.953,13.731,12.297,12.704,14.236,14.445,13.037,14.807,14.553,14.349,14.788,13.080,15.042,12.790,13.294,14.051,13.805,15.518,13.555,14.199,13.274,14.272,12.093,12.227,14.106,11.565,14.475,13.307,13.157,12.751,13.297,14.365,12.704,13.749,15.384,13.685,14.769,14.441,15.269,13.904,16.270,14.038,14.899,13.367,11.053,13.123,15.291,13.442,15.344,14.139,14.674,14.523,13.167,13.257,14.518,13.644,14.317,14.398,13.396,12.929,14.939,12.831,14.624,14.411,14.506,13.971,14.480,14.295,15.087,15.549,15.488,15.373,13.235,12.954,13.613,14.509,13.404
PG(16:1/20:4),13.436,13.727,14.501,13.035,10.404,12.286,11.774,13.859,12.830,14.081,13.502,14.329,11.578,13.657,14.154,14.087,12.953,13.938,13.444,13.150,15.307,12.761,14.486,11.985,11.236,12.572,13.421,13.001,13.203,13.197,11.756,13.133,11.845,11.184,12.502,11.689,13.260,12.370,12.362,12.301,11.707,13.683,12.394,12.408,13.049,12.747,12.651,14.049,13.215,11.562,13.854,12.518,13.953,12.181,10.832,12.845,12.940,12.823,13.534,12.805,12.803,14.172,13.140,12.312,13.395,12.215,13.546,12.519,12.514,11.776,13.689,13.039,13.105,11.696,12.645,13.593,13.339,11.923,13.558,13.537,13.023,13.997,12.241,12.607,12.568,14.199,12.403
PG(16:1/22:6),13.687,13.479,14.984,13.031,10.435,13.579,13.253,14.303,13.681,14.455,12.718,14.487,12.833,13.447,13.770,14.339,14.277,14.234,14.044,12.929,15.223,13.405,15.138,12.785,13.286,13.387,13.935,13.678,14.212,13.993,12.695,14.016,12.291,12.745,14.222,13.289,14.886,13.770,13.120,14.570,13.081,13.689,13.140,14.577,14.048,12.633,13.450,13.777,14.229,13.262,14.130,13.098,14.864,14.282,11.046,12.073,13.468,13.215,14.515,13.743,12.930,15.122,14.461,12.637,13.431,14.095,15.340,14.033,13.412,12.874,13.353,14.280,13.722,12.489,13.149,14.065,13.426,13.380,13.329,14.133,13.223,13.831,12.749,11.829,11.513,13.913,12.961
PG(17:1/18:1),12.783,14.206,12.056,12.180,NA,10.534,11.529,11.990,14.267,15.390,14.484,12.461,10.953,11.300,12.919,12.812,12.096,14.968,13.054,12.185,12.137,12.149,13.290,13.444,14.020,13.447,11.205,14.847,11.943,12.472,11.656,13.267,11.267,11.366,12.663,11.068,13.407,11.554,12.735,12.807,13.564,15.749,12.656,11.957,12.397,11.924,14.421,13.151,15.208,11.583,16.069,12.966,14.906,11.799,NA,11.506,15.063,12.186,14.966,11.317,13.504,13.851,13.378,11.244,12.735,12.736,12.501,14.316,11.396,10.659,13.045,NA,15.112,15.188,12.481,11.836,12.282,11.823,14.199,14.430,13.510,13.735,13.935,14.210,14.642,14.057,14.335
PG(17:1/18:2),11.537,13.019,11.398,10.664,NA,8.990,11.040,10.892,12.406,12.699,11.921,10.324,NA,9.598,11.523,11.403,10.637,13.294,11.742,11.195,10.845,10.499,11.752,11.036,11.884,11.622,10.631,13.365,10.877,11.339,10.174,11.801,NA,9.816,10.928,NA,11.678,10.721,10.697,10.420,12.104,11.958,10.773,10.817,12.603,11.361,13.199,12.043,13.781,11.037,14.328,11.881,11.978,9.687,NA,10.739,13.954,11.133,13.016,11.076,12.794,11.045,11.323,NA,12.091,11.053,11.472,12.455,10.563,9.756,11.614,NA,13.325,13.575,12.453,10.714,11.756,11.314,12.655,13.356,12.581,11.770,11.072,10.739,11.591,11.472,11.129
PG(18:0/18:1)_A,15.739,16.434,14.895,16.357,13.120,14.503,15.809,16.276,17.155,16.117,15.153,16.296,14.208,15.633,16.949,15.393,15.577,17.321,15.716,15.539,15.211,17.138,14.956,15.947,16.844,16.308,14.803,16.815,17.247,15.846,15.421,17.093,14.644,16.776,16.005,14.537,16.818,14.260,16.728,17.046,15.796,15.957,15.768,16.720,16.220,13.828,16.565,17.624,17.054,15.741,17.078,15.047,14.956,15.652,13.874,15.059,17.715,15.865,16.158,16.870,16.352,17.396,15.626,15.720,16.202,17.752,14.766,17.602,15.164,14.396,16.041,14.214,16.965,17.897,16.447,17.222,15.625,15.592,15.697,15.012,13.662,13.163,14.574,14.560,15.381,14.812,14.224
PG(18:0/18:1)_B,21.198,19.347,22.620,21.870,21.159,21.994,20.392,22.848,20.830,20.263,19.885,20.992,19.987,21.575,21.874,19.133,21.780,19.573,21.342,20.592,19.985,20.612,18.359,19.566,19.499,19.749,21.991,19.354,21.537,20.222,20.584,21.452,20.498,20.921,21.087,22.304,20.236,19.988,19.480,21.032,18.985,19.158,19.931,20.717,20.600,19.386,21.042,20.655,18.971,20.790,20.013,19.847,20.334,20.907,20.985,20.302,19.117,21.729,19.538,20.922,18.978,21.183,20.860,21.617,21.052,21.574,18.747,19.772,20.483,21.922,19.943,20.993,19.157,18.796,20.213,20.448,20.712,20.001,20.455,20.281,20.298,20.254,21.035,20.469,19.787,20.600,20.961
PG(18:0/20:4),15.477,15.979,17.008,16.808,16.209,16.546,15.543,17.931,16.929,17.828,17.336,15.814,15.446,16.379,17.226,16.682,16.944,15.242,16.412,15.565,15.684,17.054,16.108,15.442,14.779,15.129,16.791,16.678,16.535,16.224,16.254,16.337,15.665,16.754,16.744,17.208,16.759,15.187,14.767,16.358,15.007,18.364,15.459,16.242,15.999,15.346,16.593,16.248,15.755,15.256,18.173,16.240,18.261,16.653,16.399,15.878,14.681,16.769,15.702,15.489,15.564,17.641,16.800,16.213,17.787,15.952,15.357,15.284,17.456,16.350,16.661,16.235,17.005,16.049,15.267,15.300,15.555,16.701,18.818,17.927,18.536,17.766,19.533,18.614,18.168,18.415,18.813
PG(18:1/0:0),16.966,16.698,16.987,16.603,16.207,16.870,16.833,17.668,15.804,15.498,14.683,17.422,16.032,16.942,17.685,16.246,17.207,16.907,16.368,16.692,17.700,16.946,15.432,16.013,15.402,16.846,16.701,15.836,16.864,16.121,15.829,17.124,16.169,16.651,16.688,17.827,16.265,16.678,16.794,17.273,16.655,16.353,16.661,17.110,17.131,16.867,16.968,17.628,16.301,17.062,15.476,14.332,15.433,16.444,16.519,16.640,15.777,14.606,15.985,16.957,16.401,17.043,16.781,15.733,16.247,17.247,16.805,16.580,16.353,16.556,16.712,16.113,15.677,15.454,17.477,17.097,16.874,15.315,14.448,14.674,16.546,17.648,17.627,17.089,17.682,17.360,17.451
PG(18:1/18:1)_A,17.946,18.767,17.655,18.149,15.510,16.380,17.749,18.185,19.105,19.426,19.201,18.736,17.734,17.202,18.393,17.886,18.297,19.443,18.387,17.838,18.058,17.665,18.689,18.078,19.078,18.505,17.754,19.447,18.295,17.958,17.545,18.925,17.731,17.882,18.483,16.884,19.388,17.908,18.357,18.377,18.210,19.772,17.948,18.260,18.501,17.684,19.045,18.713,19.354,18.460,19.816,17.955,19.013,17.785,15.989,17.180,20.019,17.725,19.276,18.166,18.759,19.647,18.508,17.164,18.331,19.203,18.498,19.429,16.336,16.515,18.071,16.006,19.638,19.835,18.615,17.896,17.639,17.453,18.666,18.391,18.192,18.073,18.230,18.579,18.720,19.013,18.467
PG(18:1/18:1)_B,15.446,15.329,17.675,16.671,15.996,16.354,16.682,17.239,16.720,17.140,16.747,16.694,16.223,16.916,16.492,16.123,17.143,15.145,15.625,15.838,17.622,16.356,16.153,15.675,15.724,15.518,16.349,16.131,16.240,16.002,15.321,16.058,15.797,16.417,16.467,17.405,16.319,16.856,15.252,16.323,14.811,17.293,15.462,15.636,15.756,15.554,16.282,15.775,15.085,17.515,16.825,15.854,17.601,16.291,16.263,15.891,15.334,15.919,15.741,14.978,15.519,16.826,16.784,16.214,16.009,16.073,15.044,15.859,15.796,16.113,15.903,16.087,16.060,15.944,16.823,15.119,15.518,16.309,16.859,15.811,17.594,18.050,17.619,17.562,16.960,17.912,17.497
PG(18:1/18:2)_A,17.368,18.324,17.936,17.864,15.926,16.239,18.231,18.219,18.521,17.895,18.034,17.905,16.717,16.624,18.404,17.315,17.354,18.704,18.131,17.951,17.525,16.910,17.373,16.591,18.081,17.524,17.726,19.612,17.518,17.420,17.465,18.021,16.895,16.949,17.612,15.770,18.682,17.882,17.099,16.747,17.778,17.599,17.285,17.753,19.303,17.613,19.532,18.269,19.072,18.903,19.286,17.582,17.467,17.328,15.706,17.254,19.750,17.291,18.699,18.843,18.715,17.868,16.690,17.564,18.207,18.544,18.170,19.084,16.612,17.420,18.171,17.215,18.564,19.169,19.284,17.919,18.182,17.913,18.437,18.852,18.530,17.376,16.814,15.975,16.973,17.260,16.882
PG(18:1/18:2)_B,15.974,16.618,15.863,16.106,14.602,14.680,15.999,16.285,15.666,15.579,15.156,15.908,14.634,15.317,16.832,15.744,15.321,16.583,15.694,16.293,16.560,15.784,16.507,14.867,15.525,15.158,15.215,16.669,16.031,15.133,15.541,16.143,15.214,15.306,15.870,14.085,16.093,15.748,15.706,15.206,15.863,15.290,15.784,16.318,16.851,15.853,16.805,16.876,16.321,16.703,16.406,14.640,15.230,15.440,14.460,15.866,16.318,15.103,15.840,16.831,16.157,15.914,14.742,15.905,15.930,16.190,15.963,16.434,14.859,15.112,16.347,14.907,15.716,16.359,17.235,16.283,15.831,15.833,15.551,15.767,16.211,14.881,14.653,14.233,15.238,15.645,15.090
PG(18:1/19:1),NA,14.741,11.648,13.868,NA,NA,NA,11.323,15.173,16.048,14.142,NA,NA,11.310,12.830,12.587,11.343,15.089,12.923,NA,NA,12.825,12.302,13.943,14.660,13.660,NA,14.577,12.381,11.622,10.998,12.548,NA,11.912,12.138,NA,13.540,10.406,12.707,12.245,14.059,15.774,12.604,11.453,10.814,NA,15.022,13.859,14.494,11.625,16.241,13.830,15.203,NA,NA,NA,15.240,12.360,14.600,10.627,13.845,14.194,14.196,11.287,13.418,13.292,11.629,14.488,NA,NA,12.048,NA,15.757,16.017,11.492,12.103,12.594,12.790,13.976,14.360,13.706,13.889,13.957,14.450,15.067,14.297,14.513
PG(18:1/20:1),13.498,14.274,12.897,13.907,NA,NA,NA,NA,15.338,15.631,14.463,NA,NA,12.984,14.153,NA,13.883,14.614,NA,NA,13.138,14.059,14.562,14.054,15.711,14.090,NA,15.045,14.683,13.352,NA,14.596,NA,14.308,14.793,NA,14.675,NA,14.087,14.677,13.731,15.643,13.118,14.286,NA,12.778,14.498,14.766,14.832,14.940,15.899,13.178,14.744,13.102,NA,12.571,15.638,NA,14.956,14.225,14.356,15.705,13.921,NA,13.184,15.737,13.585,15.803,NA,NA,13.502,NA,15.388,16.172,NA,14.196,13.362,13.097,14.001,13.874,NA,13.653,13.555,15.183,14.908,14.842,14.192
PG(18:1/20:2),14.253,14.402,13.948,15.417,11.819,12.587,14.729,14.399,15.401,14.251,13.857,14.486,13.711,13.786,15.303,14.409,13.886,14.494,13.618,14.474,15.644,14.685,15.889,13.919,15.234,13.728,13.725,15.567,15.563,13.857,12.958,14.888,12.764,15.048,15.467,13.690,14.722,14.166,14.222,14.916,13.856,14.317,13.636,14.756,14.102,13.996,15.322,15.681,14.585,15.936,15.277,13.811,14.256,13.587,12.285,13.891,16.236,13.291,14.671,15.374,14.541,15.995,14.728,13.366,14.097,15.979,14.047,16.502,12.965,12.877,14.594,11.742,14.975,15.585,15.895,15.837,13.755,14.189,14.384,14.391,13.722,13.540,12.568,13.396,13.956,13.974,13.406
PG(18:1/20:3)_A,13.714,14.822,12.910,13.857,12.216,12.235,12.872,15.474,15.432,16.438,16.191,15.486,12.716,13.659,14.494,13.500,13.165,14.721,14.907,13.802,13.530,13.777,13.962,14.221,15.012,13.366,13.426,15.023,14.941,13.548,13.236,15.505,13.147,13.208,14.273,13.017,15.244,14.806,13.828,13.954,13.421,16.738,13.543,13.837,12.978,13.301,14.606,14.434,14.999,13.836,16.287,14.126,15.784,12.796,10.712,12.564,15.789,13.799,15.478,13.708,13.843,15.185,14.545,12.355,14.141,14.899,14.162,14.575,13.099,12.784,14.212,12.639,15.541,16.056,15.504,16.260,14.111,13.639,15.017,15.574,15.079,15.848,15.969,16.174,15.697,15.908,16.305
PG(18:1/20:3)_B,15.928,16.577,16.244,16.099,13.504,15.210,15.457,15.786,16.813,15.980,15.454,16.954,15.821,16.160,17.245,16.776,15.621,16.621,16.704,16.022,17.505,16.859,16.261,15.107,15.751,16.197,16.115,16.605,16.950,16.159,15.093,16.704,15.189,16.112,15.981,14.665,16.339,15.335,16.181,15.643,14.097,15.188,16.441,15.958,15.719,15.430,15.970,17.556,16.256,15.677,16.897,15.999,16.022,15.655,14.248,15.636,17.225,15.869,16.487,16.965,16.301,16.569,15.364,15.986,16.508,16.797,15.980,17.088,14.996,14.591,16.113,15.372,16.910,15.975,16.848,15.893,16.284,15.270,16.784,16.158,14.865,14.653,14.835,14.487,14.623,15.437,14.535
PG(18:1/20:4)_A,16.903,17.761,17.245,17.056,13.936,16.274,16.458,17.700,17.336,17.014,16.757,18.060,16.013,17.593,18.017,17.125,17.184,17.476,16.944,16.850,17.746,16.656,16.464,16.023,16.169,16.572,17.243,17.520,16.915,17.116,16.021,16.991,17.039,15.871,16.280,16.008,17.448,16.562,16.012,16.505,15.967,16.907,16.760,16.500,17.224,16.438,16.943,17.890,17.193,15.802,17.511,15.968,17.085,16.254,15.631,16.658,17.555,16.835,16.972,17.184,16.815,17.630,17.117,16.568,16.952,16.888,17.285,16.849,16.227,15.836,17.041,17.341,17.313,17.232,17.357,17.390,16.964,15.803,17.417,16.704,15.571,16.157,15.932,16.086,15.984,16.985,16.042
PG(18:1/20:4)_B,13.637,13.460,14.185,13.707,14.685,14.029,13.265,14.269,14.044,14.306,14.128,13.731,13.195,13.606,14.162,13.533,14.842,12.372,13.225,13.449,14.456,14.015,13.207,13.281,12.873,13.447,14.821,13.199,13.774,13.291,13.663,13.422,13.544,13.589,14.022,14.011,13.888,15.414,12.811,14.280,12.741,14.813,13.325,13.361,12.956,13.384,13.685,13.555,12.869,13.084,14.964,13.446,15.290,13.355,14.308,13.558,12.759,13.824,13.374,12.770,12.783,14.524,14.159,13.933,14.157,13.453,12.730,13.368,13.865,13.702,13.733,14.430,13.850,13.372,13.463,12.634,12.827,13.790,14.783,13.819,15.417,15.307,15.659,15.588,14.908,15.636,15.826
PG(18:1/22:4),14.813,15.085,14.759,14.490,11.932,13.389,15.038,15.561,15.985,14.398,13.697,16.309,13.998,16.281,16.079,14.442,15.223,15.010,14.215,15.160,16.087,14.446,14.270,13.568,15.609,14.291,14.835,15.644,15.449,14.382,13.602,15.440,15.014,14.147,14.335,13.231,15.683,15.283,14.438,14.526,14.696,13.965,15.261,14.358,15.346,14.195,15.625,16.379,15.238,14.911,15.256,13.506,13.640,13.512,14.018,14.776,16.659,14.393,14.440,14.926,14.953,16.282,15.018,14.640,14.541,14.845,15.000,15.407,NA,13.761,15.038,15.219,15.565,16.190,16.140,16.028,14.107,13.520,14.607,13.773,10.872,12.804,12.699,13.070,13.392,14.435,12.990
PG(18:1/22:5),15.997,16.489,16.206,16.597,12.653,16.287,15.525,17.880,17.115,16.311,16.017,16.230,15.399,17.715,17.184,16.339,16.586,16.846,16.116,14.404,16.200,16.086,16.979,16.118,17.887,14.956,16.469,16.198,17.219,16.307,13.793,15.815,14.378,15.508,16.111,16.998,16.416,14.939,14.641,16.326,15.135,14.955,16.354,15.358,16.296,17.008,17.009,16.609,17.202,15.169,15.822,15.858,14.672,16.614,14.196,14.830,17.165,16.741,16.214,16.681,15.657,16.023,15.332,15.325,16.258,17.495,16.487,16.597,15.622,14.986,16.607,14.323,17.199,15.918,15.669,17.623,17.365,14.064,16.711,14.762,13.423,14.835,13.854,14.605,13.947,15.946,14.550
PG(18:1/22:6),17.214,17.440,17.512,16.889,14.903,17.501,17.902,18.267,17.868,17.547,16.512,18.034,17.206,17.172,17.308,17.197,18.594,17.941,17.394,16.603,17.623,17.167,17.579,17.202,18.746,17.282,17.818,18.136,17.943,17.785,17.301,18.207,16.384,17.510,17.628,17.175,19.083,17.786,17.380,18.419,17.411,17.130,17.723,18.618,18.321,17.019,18.327,17.426,18.717,18.227,18.058,16.757,17.750,17.896,15.666,15.894,18.223,17.480,18.277,17.839,17.346,18.688,18.102,16.954,17.243,19.032,18.908,18.295,17.104,17.058,17.023,16.196,17.942,17.893,17.763,17.615,17.464,17.566,16.910,17.050,16.054,16.092,16.738,15.235,15.250,16.796,16.129
PG(18:2/0:0),14.727,14.586,14.752,14.269,14.114,14.756,15.673,14.889,12.959,12.329,11.699,14.390,13.344,13.780,14.551,14.062,14.060,14.327,13.814,15.098,13.986,13.615,12.723,12.567,13.642,14.319,14.096,14.708,14.527,14.067,13.604,14.607,12.939,13.743,13.511,13.323,13.603,15.054,13.867,14.063,14.505,11.945,14.504,14.468,16.152,14.762,15.177,15.142,14.599,15.060,13.933,11.804,12.051,13.635,14.025,15.321,13.943,12.912,14.371,15.856,14.946,13.173,13.254,13.936,14.896,14.830,14.836,14.051,13.993,14.715,15.031,14.631,13.066,13.608,16.438,14.874,15.445,13.466,11.929,13.797,14.558,14.055,13.131,11.816,13.250,13.224,13.200
PG(18:2/18:2),15.989,16.806,17.251,16.607,15.668,14.759,17.580,17.137,16.915,15.795,16.224,15.984,15.126,14.665,16.710,15.977,15.690,16.832,16.988,16.765,16.085,15.179,15.452,14.576,16.067,16.208,16.009,17.611,16.312,15.918,16.380,16.689,14.901,15.200,15.661,13.897,16.368,16.548,15.107,14.717,16.222,14.371,15.429,16.230,18.872,16.326,18.466,16.971,17.422,18.327,18.150,16.306,15.040,15.673,13.844,16.363,18.244,16.317,16.622,17.870,17.506,15.121,13.975,16.936,17.459,16.928,16.432,17.686,15.479,16.395,17.247,16.574,16.732,17.095,18.677,16.315,17.472,17.150,17.060,18.633,17.673,15.402,14.489,13.216,14.672,14.987,14.452
PG(18:2/19:1),11.327,12.897,10.688,10.493,9.443,NA,10.812,10.979,13.135,12.796,12.148,10.357,9.222,9.995,11.466,11.105,10.839,13.479,10.828,10.248,11.428,11.073,12.051,11.552,13.170,11.217,10.102,13.619,11.448,10.840,9.902,10.859,NA,10.951,10.928,NA,11.709,10.341,11.087,11.188,12.415,12.450,10.658,10.982,10.793,10.939,13.559,12.314,13.111,11.777,14.275,12.149,11.976,9.764,NA,10.190,14.064,10.847,13.054,10.559,12.400,11.672,11.413,NA,12.105,11.753,10.626,13.045,10.434,NA,11.448,NA,13.933,14.119,12.027,11.024,11.396,11.895,12.577,13.202,12.592,10.997,10.838,11.267,12.059,11.869,11.740
PG(18:2/20:3),14.870,15.471,15.972,15.318,13.477,14.355,14.633,14.956,15.524,14.282,14.342,15.360,14.240,14.604,15.967,15.523,14.294,15.158,15.582,15.151,16.239,15.113,14.692,13.693,13.912,14.653,15.441,15.596,15.749,14.516,14.718,15.367,13.911,14.781,14.673,12.943,14.737,14.811,14.245,13.435,12.898,12.327,14.999,14.966,16.071,14.348,15.585,16.603,15.445,15.425,16.393,15.135,13.279,14.664,13.182,15.125,16.335,14.959,15.042,16.801,15.724,14.189,13.448,15.909,16.166,15.519,14.581,16.411,14.344,14.222,15.533,16.088,15.577,14.244,17.059,14.778,16.022,14.956,15.622,16.439,14.564,13.275,12.495,11.867,13.028,13.590,12.790
PG(18:2/20:4),16.159,16.636,17.004,16.564,14.261,15.329,16.377,16.851,16.213,15.575,15.511,16.571,14.845,16.261,16.889,16.066,15.651,16.579,15.832,15.921,16.617,15.628,15.535,14.580,14.849,15.352,16.772,16.110,16.161,15.291,15.482,15.830,15.726,14.728,15.119,13.909,16.411,16.360,14.539,14.379,15.375,14.420,15.701,15.866,17.711,15.630,16.490,16.824,16.619,15.972,16.748,15.110,15.082,15.155,14.701,16.389,16.711,16.083,15.774,16.848,16.308,15.331,14.608,16.079,16.654,15.709,16.007,16.193,15.204,15.834,16.551,17.314,16.075,16.069,17.297,16.965,16.542,15.713,16.199,16.769,15.593,14.390,14.299,13.475,14.497,15.264,14.027
PG(18:2/22:4),13.962,14.871,15.143,14.513,14.103,13.441,15.248,14.637,15.317,12.928,13.101,15.524,13.069,15.213,16.149,14.541,13.845,14.648,13.913,15.009,15.798,14.701,13.771,12.781,14.388,13.299,14.639,15.283,15.220,13.882,13.186,14.941,14.070,13.857,13.910,12.291,14.531,15.006,13.341,12.779,13.846,13.222,14.571,14.228,15.348,13.755,15.212,16.381,14.510,14.633,15.205,13.981,12.885,12.771,13.187,14.455,16.340,14.380,13.927,15.597,14.958,14.520,15.865,14.518,14.995,14.192,14.417,15.291,13.691,13.577,14.707,15.746,15.047,15.122,16.315,15.921,14.502,13.604,15.435,14.619,12.697,12.419,12.447,12.550,12.186,13.301,12.218
PG(18:2/22:6),16.540,16.846,17.990,16.389,15.581,16.908,17.375,17.837,16.881,16.593,16.186,16.992,16.142,16.493,16.603,16.602,17.164,17.341,17.032,15.823,17.354,15.999,16.689,15.625,16.924,16.583,17.533,17.019,16.635,16.702,16.808,17.040,15.837,15.894,16.544,15.711,17.993,17.839,15.988,16.485,16.615,15.378,16.522,17.896,19.144,16.303,17.909,16.885,17.853,18.214,18.092,16.274,16.893,16.945,14.788,15.619,17.781,17.100,17.124,17.922,17.122,16.616,16.027,16.815,17.222,17.812,17.788,17.413,16.533,17.386,16.680,17.473,16.980,16.802,18.385,16.713,17.246,17.987,16.765,18.262,16.503,15.595,15.639,14.003,14.351,15.833,15.108
PG(20:3/22:6),14.682,15.318,16.271,14.133,12.800,15.470,15.037,15.056,15.004,15.512,14.260,15.834,15.021,15.586,15.074,15.436,15.349,15.214,15.324,14.022,16.633,15.670,15.041,14.710,14.497,14.561,15.980,15.255,16.292,15.190,14.831,15.145,14.653,15.301,15.033,14.109,15.921,15.315,14.988,15.011,12.780,14.055,15.537,16.141,15.412,14.262,14.580,16.142,15.331,14.990,16.411,15.327,15.690,15.602,13.414,14.211,15.473,16.008,15.589,15.986,14.708,15.316,14.636,14.906,15.814,15.809,15.881,15.696,15.125,14.574,14.431,15.937,15.693,14.290,16.437,15.661,15.225,15.031,15.350,15.569,13.411,13.160,14.970,13.046,13.365,14.506,13.803
PG(20:4/0:0),13.901,14.283,14.364,14.215,13.172,14.987,14.322,14.820,12.920,12.971,11.192,14.596,13.027,14.897,14.080,13.927,14.303,12.849,12.682,14.099,15.251,14.096,12.776,12.645,12.037,13.632,14.160,13.405,14.085,13.727,12.839,13.628,13.467,12.765,12.509,13.618,12.774,14.267,13.029,14.076,12.752,13.101,14.157,13.068,13.502,13.935,13.201,14.737,13.403,12.710,13.223,12.058,13.214,13.313,13.652,14.273,12.593,13.283,13.402,14.259,12.919,13.827,13.811,13.368,14.172,13.214,14.013,13.017,14.383,13.583,13.874,14.747,13.152,13.031,14.594,14.634,14.006,12.692,12.877,13.057,13.894,14.444,14.368,14.006,14.347,14.486,14.641
PG(20:4/22:6),15.812,16.480,17.689,15.926,14.453,16.713,16.692,17.129,16.191,16.399,15.855,17.163,15.021,16.920,16.038,16.460,17.232,15.947,15.855,15.311,17.166,16.369,16.153,16.059,15.744,15.199,16.410,15.992,16.899,16.565,15.397,16.202,15.934,15.542,15.186,15.186,16.966,16.534,14.960,16.369,15.114,16.105,16.495,16.435,16.380,15.301,16.245,16.544,16.027,15.254,16.699,15.414,17.383,15.593,15.127,15.308,15.751,16.928,15.836,16.487,15.265,16.851,16.552,15.587,16.681,16.277,16.993,15.270,16.287,16.249,16.193,16.873,15.812,15.980,16.867,17.109,15.860,15.934,17.112,16.021,15.379,15.512,16.585,15.193,14.310,16.458,16.338
PG(22:4/22:6),13.783,14.741,15.563,13.940,12.374,14.871,15.402,15.070,15.188,13.956,13.310,15.483,13.269,15.865,15.031,14.210,15.618,14.081,13.542,13.883,15.839,14.386,13.930,14.115,15.091,13.644,15.098,14.477,15.593,14.127,13.729,15.052,14.330,13.875,14.270,13.002,15.243,15.632,13.818,14.000,14.443,14.117,14.899,15.211,14.557,14.085,14.915,15.465,14.934,14.639,15.091,13.203,14.031,13.773,13.890,13.632,15.281,15.037,14.352,14.805,14.029,15.531,14.780,14.432,14.630,14.742,15.437,14.587,14.120,14.345,14.429,15.251,15.040,15.164,16.505,16.259,13.735,14.060,14.342,14.066,12.537,13.172,13.792,13.194,12.614,13.998,13.781
PG(22:6/0:0),14.083,14.111,14.915,13.617,13.899,15.233,15.411,15.162,13.017,12.728,11.162,14.845,14.009,13.946,13.673,14.207,15.450,13.669,13.775,13.540,14.879,14.051,12.662,13.352,13.780,14.102,14.528,13.176,14.631,14.360,13.911,14.910,12.917,14.005,13.819,15.111,14.374,15.202,13.693,15.732,13.651,12.820,14.840,15.615,15.195,14.352,14.851,14.573,14.181,14.712,12.395,12.244,13.213,15.103,13.499,13.748,12.887,13.807,13.740,14.382,13.435,14.568,15.037,13.781,13.965,14.969,15.614,13.834,14.988,14.644,14.089,14.684,12.734,12.482,15.429,15.285,14.208,14.195,11.632,12.968,13.998,14.435,14.927,13.312,13.620,14.091,13.687
PG(22:6/22:6),15.972,17.087,18.255,15.419,15.772,17.928,17.508,18.063,17.315,18.504,17.131,17.588,16.829,16.390,16.331,17.812,18.977,17.050,17.830,14.446,17.331,17.538,17.353,17.591,17.417,16.454,17.552,16.690,17.506,18.149,16.844,17.573,16.122,16.902,17.291,17.114,19.057,17.858,16.682,18.845,16.119,17.703,16.659,19.113,17.719,16.337,17.253,16.389,17.384,17.705,18.449,17.201,19.264,18.187,15.103,14.684,16.876,18.388,18.042,17.343,16.406,18.675,18.635,16.727,17.855,18.098,18.988,16.705,17.896,17.278,16.440,17.444,17.612,16.702,17.903,17.520,16.618,18.329,17.480,18.296,16.683,17.233,18.702,16.603,16.081,17.757,17.910
PI(16:0/0:0),15.018,15.122,16.089,14.594,14.680,16.245,15.392,15.990,14.277,12.601,11.404,16.716,14.804,15.659,16.489,15.693,15.919,14.075,15.292,15.012,16.277,15.960,12.307,13.930,13.741,16.199,15.740,13.931,14.794,14.875,15.225,15.568,13.292,14.744,15.277,15.282,14.384,15.603,15.444,16.261,13.437,13.082,15.524,15.350,15.260,15.671,14.466,15.970,14.604,16.483,12.440,13.537,13.035,16.894,14.685,15.246,13.630,13.148,12.967,15.147,15.044,14.765,15.607,14.469,15.340,15.347,14.922,14.843,15.167,15.626,15.903,15.527,13.484,13.594,16.403,17.014,15.242,14.882,12.408,13.065,13.730,14.408,16.013,15.363,14.737,15.146,15.367
PI(16:0/16:0),15.788,17.378,16.556,16.411,16.385,17.098,16.397,14.204,17.212,16.967,17.655,15.750,15.069,15.982,16.504,16.140,16.587,17.043,16.459,14.129,15.894,17.261,17.765,17.183,16.388,15.442,16.635,16.953,15.709,17.238,15.921,15.670,13.493,15.787,16.230,14.881,17.042,17.577,15.793,14.692,15.509,17.959,15.487,15.504,15.827,15.662,16.817,16.111,16.850,16.968,17.147,16.900,16.529,17.936,14.483,14.791,17.800,16.699,16.636,15.124,16.716,16.786,17.258,16.238,16.983,16.929,16.269,16.048,15.125,13.427,17.218,15.388,18.366,17.347,14.145,19.029,15.821,17.277,18.164,17.388,16.823,16.398,17.125,16.946,17.095,17.581,16.981
PI(16:0/18:1),20.518,21.223,21.454,22.242,21.026,21.602,20.448,21.725,21.742,21.994,22.427,21.320,20.717,20.976,21.560,21.745,20.541,20.537,22.039,20.119,21.254,21.055,21.161,20.694,20.870,20.804,21.469,21.723,20.407,21.706,20.735,21.393,19.485,20.335,21.253,19.717,21.809,20.684,19.710,20.718,19.570,22.574,20.887,20.503,21.208,20.107,21.758,21.473,20.804,20.819,22.225,21.644,22.636,21.233,19.346,19.198,20.628,21.376,21.183,20.488,20.547,22.098,22.196,20.720,22.160,20.956,21.225,20.141,21.569,19.811,21.478,21.487,21.297,20.915,19.458,19.860,22.162,21.678,22.566,22.137,22.609,22.770,22.804,22.110,22.234,22.054,22.540
PI(16:0/18:2),16.453,17.194,17.367,17.072,18.116,17.416,18.064,16.438,17.082,16.665,17.258,16.677,16.461,16.338,16.916,17.258,16.994,16.430,17.138,16.595,17.014,16.397,18.109,16.804,17.097,17.318,17.373,17.953,16.569,17.125,16.641,16.661,15.450,16.712,16.908,16.288,17.628,18.195,16.693,17.099,16.364,16.989,16.779,16.774,18.177,16.522,17.313,16.369,17.611,18.610,17.557,16.919,16.697,17.507,16.095,17.039,17.890,16.396,17.342,16.510,17.292,16.762,16.872,16.559,17.296,17.599,16.650,17.460,16.342,17.651,17.298,17.598,18.191,17.588,18.401,17.298,17.024,17.833,17.644,18.025,18.057,17.285,16.817,16.347,16.806,16.894,16.546
PI(16:0/20:3)_A,17.794,17.379,18.275,17.459,17.904,18.702,18.631,17.665,18.287,17.195,17.663,18.603,17.861,17.455,18.033,18.591,18.147,17.449,18.487,17.762,17.834,18.315,18.225,17.554,17.941,19.240,18.193,18.131,17.805,17.759,17.459,17.850,15.177,18.563,18.605,17.428,17.842,18.279,18.399,17.542,15.263,17.328,18.217,17.778,18.011,17.150,17.792,17.097,18.061,19.319,18.062,18.970,17.577,19.102,16.198,16.288,18.424,18.089,18.231,17.457,18.592,17.696,17.258,17.896,17.926,18.887,17.328,18.967,16.348,17.559,17.694,16.586,18.839,17.005,19.112,18.823,17.814,17.879,18.423,18.797,17.617,17.213,17.680,16.842,17.204,16.671,16.990
PI(16:0/20:3)_B,15.602,14.342,15.139,16.342,14.778,16.770,16.132,16.569,16.028,14.654,16.127,16.908,15.627,16.582,17.020,16.518,16.478,14.629,14.789,14.975,18.326,17.325,18.564,15.129,15.485,17.049,14.988,14.079,15.694,16.097,14.341,15.833,13.329,16.090,16.492,16.210,14.469,15.013,16.053,17.802,12.356,15.600,14.187,15.906,14.466,16.046,14.881,16.422,14.309,13.903,14.179,16.672,16.745,17.092,13.549,14.869,14.270,16.559,15.395,14.806,14.824,17.651,17.096,14.398,14.621,15.056,14.230,15.735,14.078,14.419,15.218,14.205,15.196,13.876,14.050,17.301,15.292,14.235,15.922,14.391,13.934,15.895,15.134,15.896,14.478,14.720,15.428
PI(16:0/20:4),19.718,19.830,20.829,19.945,20.114,20.897,20.311,21.642,20.929,19.931,20.590,21.314,19.282,21.095,21.071,20.684,20.603,19.565,20.607,19.916,21.018,20.732,20.880,19.359,19.344,21.236,20.654,20.027,19.590,20.520,20.103,20.542,18.430,19.371,19.583,19.232,20.397,20.306,19.416,20.361,17.979,20.655,19.729,19.588,20.304,19.677,20.407,20.433,20.051,20.251,20.178,20.476,20.906,21.042,18.506,19.300,20.087,20.995,19.961,19.932,19.986,20.120,20.601,19.339,20.669,19.717,19.966,19.649,19.471,19.837,20.331,20.343,20.545,19.607,20.498,21.045,19.653,20.152,21.142,20.728,20.502,20.534,20.878,20.574,20.253,20.428,20.818
PI(16:0/22:6),15.647,16.444,17.910,16.328,16.271,17.845,18.266,17.404,17.766,18.073,17.589,17.080,17.165,16.023,17.181,18.208,17.752,16.239,16.828,15.291,16.915,16.853,17.645,16.282,17.264,17.609,17.753,17.417,16.525,17.397,15.395,16.680,14.028,17.413,16.869,15.969,17.920,16.992,16.344,16.530,14.812,18.155,17.362,16.465,16.943,16.637,17.950,16.007,16.746,18.561,17.847,17.803,18.305,19.070,15.002,14.683,17.131,17.280,16.987,16.031,16.536,17.735,17.946,17.325,17.780,17.210,17.137,17.096,16.526,16.105,16.806,16.345,17.461,16.299,16.808,17.755,16.244,17.864,17.776,17.865,18.260,17.598,18.560,18.089,17.584,17.927,18.397
PI(16:1/20:4),13.354,13.744,14.682,13.926,13.453,14.470,13.430,15.413,14.553,14.153,14.576,15.401,12.955,14.241,14.328,15.480,13.441,13.464,13.827,13.471,16.096,14.365,16.330,12.761,12.692,14.872,13.850,14.039,13.184,14.193,12.524,14.441,12.540,12.458,13.843,12.423,13.804,14.164,12.599,14.128,11.090,14.633,12.972,13.355,13.279,13.566,13.283,14.336,13.649,12.146,14.353,14.449,15.328,14.135,11.781,12.804,13.116,14.322,13.840,13.185,12.973,14.576,15.217,12.736,14.289,12.693,13.608,13.507,13.817,12.443,14.409,14.405,14.177,12.783,13.606,13.421,13.264,13.537,15.075,14.423,14.971,15.743,15.210,14.612,14.047,14.899,14.921
PI(17:0/20:4),17.086,17.546,17.872,17.315,17.021,18.616,17.936,17.832,17.405,17.001,17.394,17.704,15.394,18.263,18.434,17.845,17.301,16.591,17.374,17.035,17.229,17.497,17.953,17.071,17.604,17.264,17.509,17.625,17.175,17.654,16.686,18.040,15.250,17.040,16.270,16.982,17.195,17.842,16.275,17.865,16.480,17.962,17.276,16.459,17.305,16.035,18.133,17.673,17.849,17.458,17.323,17.161,17.760,17.257,15.654,16.541,17.903,17.666,17.507,16.679,17.346,16.440,17.867,15.898,17.627,16.432,16.474,17.354,15.860,17.620,17.426,17.087,17.965,17.579,17.851,16.552,17.030,16.745,18.087,17.165,17.272,17.041,17.965,17.310,17.119,17.045,17.484
PI(18:0/0:0),17.976,17.793,18.985,17.280,18.687,19.224,19.785,18.874,17.553,16.061,15.594,19.351,18.466,19.359,19.652,18.013,19.043,17.294,18.186,18.742,19.008,18.442,15.319,17.498,17.478,17.917,19.410,17.200,18.378,18.695,17.675,19.216,17.239,18.615,18.507,19.027,17.804,19.354,18.912,19.173,17.318,17.376,18.687,18.865,19.299,18.111,18.655,18.902,17.057,19.705,16.746,16.814,16.712,18.772,18.716,18.658,17.089,16.953,16.233,18.960,17.896,17.995,18.569,17.616,18.703,18.946,18.630,18.255,18.006,19.296,18.935,18.661,16.663,17.513,19.857,19.222,18.883,17.916,16.976,16.607,18.366,18.076,19.007,18.903,18.429,18.718,19.082
PI(18:0/18:1),17.432,18.328,18.181,17.913,18.465,19.317,19.263,16.602,18.890,19.533,20.549,16.828,18.383,17.402,17.267,17.070,18.576,18.628,18.319,16.965,16.912,17.754,19.097,19.293,19.724,17.507,18.445,19.512,17.716,18.709,17.601,18.114,16.744,18.817,18.356,19.199,18.919,20.191,19.291,16.905,18.862,20.904,17.775,18.600,18.073,17.550,18.922,17.168,19.191,20.131,19.177,18.835,18.915,18.853,19.003,18.285,19.474,17.925,19.319,17.102,18.384,18.362,18.839,18.216,18.412,19.743,18.691,18.603,16.768,18.652,18.295,16.605,20.094,20.781,18.561,18.075,17.491,18.790,19.408,19.050,19.862,19.223,19.316,20.051,19.790,20.202,19.772
PI(18:0/18:2),17.790,18.743,19.039,18.798,19.965,19.348,20.226,17.015,18.662,17.897,18.837,17.549,17.604,17.541,18.056,17.466,17.926,18.073,18.333,18.429,17.002,17.663,18.097,18.571,18.891,17.833,18.807,19.648,18.204,18.564,18.085,18.394,16.924,19.119,18.503,18.034,19.077,21.069,19.081,17.170,19.024,18.407,18.451,19.353,20.099,17.686,19.312,17.369,19.224,20.720,19.056,18.566,17.586,18.420,18.827,19.448,19.718,17.878,18.710,18.316,19.285,17.517,17.432,18.790,18.936,19.694,18.434,19.456,17.261,20.322,19.306,18.455,19.649,19.834,20.503,18.087,18.677,19.364,19.433,19.686,19.504,17.851,17.951,17.522,18.395,18.067,17.839
PI(18:0/20:3)_A,20.470,20.032,20.874,20.379,21.510,21.527,21.633,19.527,20.881,20.054,20.659,21.069,21.157,20.212,20.643,20.661,20.849,19.991,21.155,20.421,20.071,20.341,20.282,20.783,21.169,20.688,21.578,21.315,21.313,20.863,19.957,21.131,18.780,22.080,21.705,21.166,20.839,21.541,22.010,20.504,18.930,20.275,21.353,21.218,21.342,19.561,21.136,20.070,20.659,22.558,20.742,21.473,20.133,21.326,20.121,19.796,21.510,20.410,21.045,20.920,21.127,20.585,20.048,20.822,20.834,22.674,20.210,22.295,19.586,21.041,20.864,19.226,21.518,20.590,22.227,20.343,20.887,20.622,21.107,21.462,20.518,20.202,20.412,19.611,20.030,19.683,19.970
PI(18:0/20:3)_B,18.676,17.273,18.327,19.559,18.849,20.409,19.972,19.276,19.142,17.727,19.452,19.985,19.500,20.488,20.523,18.966,20.221,17.783,18.075,18.256,21.087,20.158,21.276,18.664,19.614,19.173,19.004,17.942,19.714,19.913,16.999,20.043,17.051,20.187,20.511,20.631,18.588,19.145,20.509,20.967,16.998,18.855,18.358,19.441,16.726,18.838,18.973,19.376,17.515,18.144,17.089,19.173,19.018,20.022,17.940,18.450,18.103,19.748,18.827,18.427,17.962,21.140,20.872,18.317,18.300,19.894,18.314,20.197,17.922,19.029,18.554,17.336,18.075,17.862,17.896,19.601,18.895,17.575,18.999,17.079,17.129,18.461,17.742,18.877,18.020,17.900,18.666
PI(18:0/20:4),22.311,22.584,23.743,22.816,23.455,24.060,23.347,23.954,23.452,22.783,23.575,23.874,22.574,24.325,23.930,22.832,23.266,22.342,23.359,22.972,23.746,23.080,23.452,22.753,22.695,22.924,23.721,23.332,23.014,23.375,22.491,23.800,22.315,23.035,22.717,22.895,23.351,23.623,22.753,23.385,21.937,23.464,22.964,23.150,23.590,22.254,23.590,23.335,22.789,23.450,23.019,22.705,23.482,23.091,22.326,22.654,23.087,23.537,22.593,23.321,22.581,23.013,23.572,22.934,23.740,23.507,23.246,22.923,22.740,23.606,23.350,23.478,22.999,22.968,23.655,22.831,22.888,22.883,23.560,23.185,23.198,23.260,23.327,22.987,22.991,23.042,23.259
PI(18:0/22:4),18.225,18.402,19.411,18.323,18.470,19.968,20.708,19.092,19.981,18.864,20.129,19.851,18.031,19.956,19.876,18.432,19.265,17.832,18.438,18.309,19.054,18.514,18.707,18.715,20.013,17.396,19.725,19.919,19.033,18.724,17.413,19.463,17.743,18.792,18.656,18.683,19.006,19.692,19.366,17.184,18.648,20.261,19.408,18.403,18.541,18.249,19.562,18.907,18.747,20.285,19.066,18.730,19.221,17.773,18.694,18.588,19.832,18.511,18.675,18.452,18.532,19.488,19.650,18.717,19.218,19.186,18.576,19.917,17.996,19.444,19.517,18.581,19.676,20.223,20.716,19.897,17.665,18.796,19.921,19.585,19.584,19.296,19.674,19.738,19.696,19.793,19.966
PI(18:0/22:5),16.196,15.869,17.040,16.740,15.851,17.878,17.432,17.073,17.704,17.076,18.469,15.659,16.627,17.019,17.095,17.088,16.809,15.923,16.258,14.715,15.636,16.633,17.576,17.480,18.184,14.370,17.280,16.552,17.679,17.088,14.510,16.066,13.995,17.663,17.996,18.257,16.251,16.522,16.204,15.965,14.969,17.270,16.489,16.236,15.997,17.374,18.281,15.299,16.514,17.083,16.579,17.432,16.340,17.673,16.271,15.324,16.832,17.028,16.394,15.917,15.576,15.814,16.634,16.520,17.339,19.109,15.632,17.571,16.574,16.573,17.247,14.623,17.775,16.822,16.793,17.957,16.786,15.941,17.872,16.111,17.088,17.605,16.380,18.071,17.409,18.331,17.702
PI(18:0/22:6),17.447,18.413,19.527,17.850,18.608,19.653,19.792,18.083,19.938,20.107,19.912,18.747,19.013,17.649,18.682,19.298,19.212,18.371,18.289,17.229,18.429,18.618,19.210,19.126,19.602,18.372,19.227,19.487,18.536,19.718,17.415,18.563,16.711,19.475,19.182,18.345,19.738,19.039,18.955,18.114,17.740,20.553,19.343,19.154,18.830,17.921,20.151,18.330,19.145,20.487,20.077,19.400,19.910,19.746,17.561,17.306,19.395,19.347,19.290,17.694,18.302,19.754,20.213,18.915,20.008,19.767,19.211,19.060,18.650,18.014,19.048,18.069,19.881,19.208,19.226,18.430,17.951,20.246,19.599,19.492,20.505,20.216,20.406,20.111,19.747,20.399,20.344
PI(18:1/0:0),15.152,14.774,15.527,15.036,15.722,16.338,16.401,16.203,14.440,12.860,11.855,15.561,15.552,15.794,16.375,14.990,15.496,14.537,14.697,15.179,16.126,14.745,12.315,14.625,14.601,14.935,16.038,14.444,15.390,15.547,14.267,16.311,13.988,14.884,15.613,15.785,14.903,17.823,15.624,16.127,14.650,13.589,15.234,15.707,15.854,16.055,15.697,16.193,14.493,16.473,13.783,12.804,13.193,16.116,15.606,15.781,13.588,12.644,13.846,15.451,14.926,14.813,15.670,14.162,15.375,16.551,15.676,15.255,14.627,15.982,15.479,16.101,13.228,14.240,17.200,15.356,15.433,14.642,12.723,13.015,14.731,15.492,15.621,15.534,14.883,15.187,15.997
PI(18:1/18:1),17.747,16.811,17.340,19.465,17.573,18.401,18.190,16.509,17.533,17.835,19.007,17.058,17.769,17.086,17.470,16.983,18.177,16.686,18.307,16.750,17.636,17.333,18.091,17.609,18.703,17.452,18.312,18.232,17.505,17.951,16.618,17.749,16.492,17.910,18.445,17.703,18.517,19.849,18.412,17.657,16.711,19.114,17.344,17.497,17.327,17.402,17.929,16.668,17.643,18.762,17.521,17.311,17.509,18.734,17.495,16.939,17.795,16.475,17.914,16.579,17.504,17.840,17.590,16.815,17.003,19.288,17.789,18.140,16.046,17.563,17.309,16.286,18.419,18.208,19.218,16.154,19.764,17.537,17.286,17.395,18.601,18.887,17.752,18.596,18.419,18.594,18.392
PI(18:1/18:2),15.624,15.473,16.447,16.699,17.601,16.385,17.399,15.301,15.963,14.962,16.346,15.669,15.635,15.491,15.930,15.759,15.926,15.435,15.480,15.861,15.860,14.976,16.547,15.241,16.556,15.711,16.464,17.093,16.120,16.556,15.067,15.974,14.957,16.282,16.407,15.184,16.944,19.340,16.529,15.228,15.348,15.932,16.096,16.497,18.189,16.031,17.194,15.333,16.841,17.852,16.489,16.116,15.073,16.429,16.135,16.568,17.066,15.238,16.088,15.928,16.952,15.226,14.864,15.857,16.280,17.699,16.291,17.262,14.471,17.678,16.661,16.146,17.148,16.850,19.153,15.501,16.638,16.705,16.177,16.502,17.461,15.890,15.253,14.484,15.363,15.408,15.065
PI(18:1/20:3)_A,17.142,16.437,16.975,17.105,18.034,17.442,18.025,17.019,17.930,16.436,17.577,17.044,17.214,17.034,17.644,17.364,17.179,16.122,17.582,16.858,17.602,17.063,17.394,16.956,17.465,17.730,17.986,18.320,17.797,17.322,16.380,17.679,15.218,18.021,18.807,16.980,17.760,18.878,18.160,17.176,14.996,17.186,17.580,17.429,17.527,16.695,17.565,17.087,17.249,17.877,17.549,18.210,16.745,17.974,16.015,16.358,17.464,16.787,17.878,17.056,17.798,17.123,16.973,16.643,17.151,19.612,16.833,18.919,15.547,17.249,17.172,16.500,18.182,16.844,19.208,15.481,17.910,17.041,17.341,17.359,17.212,17.581,16.660,16.280,16.561,16.041,16.555
PI(18:1/20:3)_B;PI(16:0/22:4),16.847,16.571,18.003,16.946,16.124,17.935,18.339,18.427,17.792,17.227,18.032,18.825,16.079,18.191,18.490,17.547,17.431,16.187,16.626,16.356,18.008,17.038,17.895,16.362,17.298,16.497,17.909,17.730,16.723,16.811,15.378,16.878,15.828,16.327,17.103,16.411,16.869,17.789,17.077,16.535,15.818,18.413,17.085,15.805,15.989,17.214,17.542,17.200,17.056,17.503,17.356,17.286,17.873,16.704,15.817,16.315,17.732,16.770,17.056,15.994,16.964,17.797,17.685,16.699,17.087,16.306,16.485,17.372,15.901,16.510,17.580,16.772,18.278,17.665,18.748,18.812,16.230,16.699,18.156,17.971,17.415,17.542,17.902,17.817,17.657,17.817,17.732
PI(18:1/20:4),19.215,19.183,20.153,19.726,20.342,20.107,20.153,21.332,20.606,19.680,20.494,20.430,18.965,20.599,20.668,19.742,20.102,18.739,19.717,19.079,20.714,19.899,20.705,19.148,19.374,19.902,20.577,20.140,19.813,19.860,18.810,20.362,18.866,19.326,19.809,19.394,20.363,21.180,19.244,20.327,18.064,20.609,19.201,19.527,20.137,19.192,20.210,20.324,19.329,19.815,19.748,19.686,20.216,19.847,18.737,19.438,19.663,19.882,19.807,19.538,19.561,19.731,20.455,18.887,20.215,20.554,19.781,19.776,19.072,19.959,19.994,20.657,20.107,19.480,20.828,19.181,19.829,19.473,20.094,19.761,20.428,20.650,20.456,20.107,19.838,20.112,20.411
PI(18:1/22:6),14.563,14.059,15.336,15.213,15.108,16.110,15.883,15.360,16.016,15.905,16.084,15.200,15.804,14.959,15.240,16.170,16.069,14.039,14.558,13.716,16.244,14.748,16.190,15.276,16.127,14.908,16.263,16.327,15.258,15.798,13.524,15.402,13.363,15.705,15.926,14.739,16.520,16.562,15.116,16.031,13.364,16.605,15.299,15.795,15.462,15.184,16.861,14.867,15.456,16.115,16.364,15.659,16.041,17.168,13.768,14.327,15.469,15.082,15.771,14.676,14.519,15.902,16.254,14.509,15.642,17.063,16.128,15.839,14.657,14.571,14.951,14.794,16.270,15.278,16.204,14.085,15.301,15.966,15.497,15.606,16.832,16.301,16.348,15.849,15.359,16.332,15.918
PI(18:2/20:4),13.914,14.345,14.745,15.060,16.046,14.500,15.089,16.721,15.325,13.867,14.745,14.429,13.228,14.626,15.569,14.906,13.654,13.905,13.838,13.284,17.217,14.789,17.103,13.721,13.716,14.212,15.072,15.187,14.218,14.705,14.040,14.984,12.673,13.328,14.172,11.858,14.719,15.057,13.574,14.128,12.790,14.207,14.111,13.965,16.191,13.834,15.090,15.270,15.500,14.337,15.702,14.953,14.604,13.874,12.947,14.463,14.690,14.985,14.930,14.541,14.955,14.066,14.422,13.852,15.220,14.802,14.292,14.941,14.268,14.845,15.283,16.461,15.202,14.518,15.491,13.046,14.994,15.043,15.605,15.131,16.164,15.261,14.815,13.805,14.037,14.280,14.428
PI(19:0/20:4),14.368,15.548,16.076,15.361,14.674,16.038,15.553,15.159,15.588,15.036,15.461,15.611,13.604,16.679,16.406,14.990,15.112,15.034,14.843,15.251,14.792,15.103,15.701,15.150,15.853,14.668,15.083,15.962,15.569,15.245,14.278,16.449,13.498,15.444,14.906,15.144,15.208,15.670,14.776,15.381,14.862,15.901,15.744,14.951,15.231,13.825,16.198,16.076,15.792,15.774,15.583,14.949,15.557,14.664,14.012,14.698,15.999,15.453,15.183,14.534,15.333,14.350,15.695,14.201,15.631,15.409,14.825,15.644,14.119,15.855,15.438,15.128,15.951,16.340,16.394,14.895,14.860,15.070,16.083,15.108,14.821,14.950,15.372,15.083,15.184,14.734,15.298
PI(20:1/20:4);PI(18:0/22:5),16.361,16.562,17.733,16.697,17.165,17.144,18.850,16.572,17.264,15.990,16.208,18.678,16.609,17.412,17.487,16.358,17.224,16.059,15.877,17.178,17.175,16.139,16.193,16.228,17.544,16.516,17.824,18.055,16.750,16.746,16.065,17.589,16.540,17.250,17.180,16.624,17.630,18.933,18.021,16.359,16.909,16.815,17.407,17.440,16.668,16.082,17.693,16.490,16.557,18.219,16.520,16.310,16.262,16.676,17.088,16.376,18.013,16.566,16.588,16.695,16.608,17.999,17.417,17.174,16.721,17.848,17.384,17.125,15.558,17.345,16.693,17.751,17.098,17.072,19.241,18.484,15.931,16.852,15.818,16.809,17.429,16.777,16.696,15.953,16.714,16.633,16.465
PI(20:3/0:0),15.857,14.427,15.253,15.007,16.090,16.846,17.566,14.451,13.267,11.724,10.469,16.164,16.509,14.864,16.015,15.653,15.924,14.552,15.447,16.420,15.193,14.957,10.398,14.651,14.675,15.140,16.463,14.618,16.179,15.666,15.132,16.258,13.217,17.044,16.521,16.262,14.315,16.917,17.126,16.240,13.954,10.960,16.696,16.593,16.287,15.656,15.647,15.658,14.726,17.731,12.336,13.568,11.589,16.731,16.148,15.685,14.024,12.292,13.276,15.555,15.767,14.490,15.203,14.370,14.926,17.615,15.287,16.928,15.029,16.329,15.894,14.948,12.173,12.221,18.097,15.920,16.475,14.561,11.974,13.183,12.774,13.539,13.021,11.896,12.451,11.609,13.317
PI(20:3/20:4),13.918,14.453,14.193,14.241,15.060,14.921,13.987,14.649,14.850,14.035,14.805,13.878,12.555,14.625,14.950,14.423,13.330,13.450,14.258,12.423,15.137,15.035,14.365,14.031,13.335,13.561,14.652,15.242,14.304,14.088,13.324,14.703,12.203,13.555,14.555,10.788,13.825,14.172,13.824,13.306,12.058,14.583,14.902,12.783,14.276,13.402,13.652,15.289,14.907,12.944,15.293,15.310,15.464,13.439,12.787,13.596,14.191,14.690,15.011,13.931,14.273,13.836,13.989,13.630,14.836,14.322,14.233,14.347,14.340,13.539,14.372,15.904,15.759,14.156,13.534,11.683,13.997,14.083,16.245,15.118,14.911,14.815,15.316,14.312,13.617,13.813,14.856
PI(20:4/0:0),18.159,18.065,19.290,18.193,18.721,19.832,19.625,19.888,16.759,14.635,13.536,19.704,18.253,19.805,19.842,18.007,19.146,17.229,18.220,18.889,19.332,18.341,13.614,16.660,17.074,18.250,19.347,16.933,18.540,18.874,18.215,19.601,17.377,18.292,18.130,19.555,17.636,19.483,18.329,19.691,17.121,15.631,19.067,18.548,19.459,18.581,18.922,19.391,17.237,19.407,14.755,15.480,16.097,19.085,18.703,18.907,15.621,15.853,15.122,18.667,17.759,17.895,19.112,17.920,18.504,18.443,18.877,17.946,18.075,19.490,19.099,19.515,14.104,14.150,20.027,19.406,19.160,16.981,14.997,15.740,16.361,16.822,17.262,16.107,16.148,15.912,17.120
PI(20:4/20:4),14.279,13.520,13.885,14.804,15.494,15.810,14.251,15.698,13.376,13.604,14.655,13.631,12.568,14.351,14.465,14.223,13.875,13.100,14.321,12.239,15.125,14.467,14.687,14.787,12.909,12.430,14.185,15.334,13.913,14.524,12.852,13.365,12.827,12.435,13.523,10.426,14.433,14.181,12.287,14.291,12.211,14.945,13.863,12.104,13.773,12.816,13.045,14.649,15.354,12.366,14.954,14.235,15.838,13.270,13.018,12.981,13.368,14.048,14.614,13.049,14.044,13.371,13.823,12.963,14.167,13.204,14.087,13.240,13.840,14.180,13.824,14.711,14.414,14.923,12.737,13.208,12.801,13.811,15.424,14.905,15.966,15.066,16.874,15.928,14.599,16.181,16.842
PI(20:4/22:6),9.748,11.954,11.659,11.638,11.894,12.591,11.975,12.336,12.883,12.295,13.159,10.375,11.428,11.012,11.655,12.066,11.201,11.284,11.429,NA,11.907,12.721,12.578,12.882,12.953,10.346,11.892,13.082,11.662,12.533,10.638,12.047,9.766,10.854,12.019,NA,12.768,11.298,10.736,11.669,11.316,13.402,12.407,10.912,11.899,10.722,13.658,11.420,13.155,10.058,13.386,12.390,13.705,12.647,NA,10.007,11.842,12.424,13.035,10.604,11.619,11.816,13.520,11.533,12.777,11.636,12.809,11.347,12.898,10.835,11.751,13.105,13.286,13.305,9.619,NA,11.936,13.296,13.431,13.046,14.021,13.443,14.421,13.770,12.604,13.973,14.541
PI(22:6/0:0),13.418,13.697,14.816,13.189,14.202,15.708,15.815,14.038,12.745,13.385,10.781,13.759,15.370,12.891,14.935,15.155,15.214,13.416,13.711,13.291,14.531,14.330,9.975,13.165,13.833,13.556,15.235,13.728,14.131,14.979,13.485,14.850,12.512,14.914,14.686,14.475,14.372,14.970,14.873,14.599,13.505,13.099,14.912,14.744,14.769,13.936,15.477,14.431,13.640,16.719,13.069,12.306,12.687,16.407,14.227,13.072,11.956,11.621,12.330,13.495,13.549,14.737,15.480,14.133,14.945,15.173,15.681,13.929,14.436,14.094,14.993,13.740,11.232,12.012,15.187,15.236,14.166,14.711,12.049,12.795,14.294,14.357,14.507,13.270,13.803,13.749,14.880
PI(O-16:0/20:4),13.993,16.186,16.489,15.919,14.850,14.880,15.796,17.464,16.569,15.722,15.660,15.470,14.152,15.611,16.094,16.722,16.942,15.443,15.450,13.809,16.156,15.579,17.104,16.115,15.192,17.169,15.896,16.624,15.742,15.744,16.257,15.257,13.448,14.662,16.001,13.350,15.491,14.684,14.660,15.693,14.489,16.050,15.279,14.304,15.246,15.814,15.798,16.246,16.042,16.071,16.272,16.294,16.858,15.455,13.875,14.267,16.436,16.243,15.687,15.638,15.284,15.512,15.588,16.090,15.952,14.694,15.245,15.806,14.708,15.203,16.098,15.275,16.272,15.973,14.753,18.661,14.599,15.987,16.931,15.674,15.459,16.016,15.690,15.758,16.194,15.930,15.637
PI(O-18:0/20:4),16.015,17.383,16.803,17.437,16.555,16.685,18.173,17.870,17.304,15.982,16.653,16.782,16.122,17.477,17.299,16.221,17.960,16.374,16.873,15.998,17.195,16.648,17.812,17.561,16.588,17.523,16.872,17.239,18.337,16.860,17.697,17.387,15.481,17.173,16.790,15.797,16.631,15.581,16.645,17.477,16.155,16.532,16.643,17.811,17.705,16.337,17.163,17.420,16.962,17.413,16.674,17.045,16.208,16.843,16.291,16.281,17.698,17.648,16.394,18.156,16.917,16.233,16.373,17.910,17.224,17.239,16.070,17.968,16.058,16.348,17.595,15.938,16.933,17.973,16.308,19.313,16.009,17.080,17.479,16.057,15.640,15.796,15.883,15.842,16.397,15.982,15.698
PI(P-18:0/16:0),12.150,15.910,13.293,12.798,13.077,12.386,13.589,11.831,15.254,15.353,15.369,12.070,12.488,12.684,12.687,13.792,14.441,15.610,14.402,12.184,11.849,13.956,16.325,15.760,14.907,13.968,13.127,16.324,13.441,14.018,14.012,13.103,11.488,12.874,14.404,13.003,14.312,14.406,12.927,12.066,14.305,16.393,12.675,12.784,12.815,13.485,14.477,13.159,15.216,14.077,16.044,14.964,15.392,13.728,12.214,11.885,16.822,13.908,15.366,12.386,14.544,14.392,14.327,14.171,14.562,14.653,13.967,14.256,12.213,11.914,15.096,NA,16.785,16.828,12.479,14.258,13.104,14.212,15.962,15.416,13.803,14.269,13.537,14.813,15.338,15.056,14.336
PI(P-18:0/20:4),15.412,17.315,16.600,16.709,16.663,16.281,17.383,17.037,17.297,16.636,17.092,17.536,16.277,16.385,16.931,16.850,18.129,16.660,16.466,16.178,17.635,16.040,17.893,17.594,16.932,17.194,17.728,18.001,17.602,17.250,16.736,16.567,15.548,16.397,17.326,15.889,17.400,17.786,15.956,17.036,16.518,17.453,16.770,16.569,17.226,16.819,17.054,16.629,17.545,17.551,17.492,16.989,16.875,16.907,15.675,15.856,18.324,16.528,17.303,16.890,16.574,16.016,16.743,16.191,16.914,17.318,17.087,17.359,15.417,16.893,16.915,15.819,18.442,17.987,17.158,18.059,16.513,16.685,17.769,16.639,16.366,16.635,16.131,17.076,16.933,16.304,16.334
PI(P-18:0/22:4),13.576,15.058,14.741,13.684,12.939,14.091,14.779,14.897,15.452,15.757,16.241,15.024,13.656,14.654,15.427,14.265,15.211,15.144,13.581,14.001,15.471,13.689,17.137,15.796,15.643,13.618,14.793,16.626,14.404,14.372,13.110,14.077,13.290,13.120,14.000,13.105,14.529,14.901,13.541,11.675,15.499,16.988,14.264,12.756,13.627,14.997,14.731,14.268,15.555,13.959,15.928,14.915,14.857,12.739,14.206,13.405,16.462,13.837,15.723,13.872,14.413,14.588,14.716,13.986,14.636,13.447,14.529,15.059,12.918,13.592,14.886,13.056,17.217,17.542,15.653,14.370,13.838,13.815,16.120,15.562,14.484,15.252,14.992,16.470,16.447,16.532,15.583
PS(16:0/18:1),18.406,18.707,18.450,19.411,18.884,18.198,17.890,17.227,19.153,18.809,19.025,18.695,18.455,18.407,18.750,20.748,20.082,18.629,19.620,17.697,19.240,18.857,20.928,18.667,18.599,19.213,19.271,19.356,19.348,19.427,18.204,18.936,16.810,18.333,19.018,17.046,19.183,19.455,18.712,20.118,17.403,19.271,18.457,18.708,19.172,18.083,19.906,19.064,18.912,20.374,18.482,19.928,19.920,21.078,17.919,18.234,19.066,18.698,18.822,18.378,19.401,19.213,18.655,17.747,18.945,18.567,19.884,17.649,17.856,18.244,19.238,20.553,19.285,18.294,17.849,18.491,20.262,18.556,19.458,19.253,18.710,19.363,19.519,18.905,18.256,18.412,19.541
PS(16:0/18:2);PS(16:1/18:1),15.254,15.294,14.727,15.861,16.236,14.346,15.009,13.446,15.730,14.715,14.962,15.423,14.816,14.997,15.310,17.848,16.554,14.798,15.795,14.736,16.631,15.620,17.367,14.797,14.928,16.185,15.987,16.010,15.425,16.178,14.929,15.142,13.528,14.984,15.351,13.728,15.562,16.250,15.273,16.789,14.145,15.177,15.238,15.609,16.652,14.918,15.890,15.882,15.510,16.821,14.922,15.887,15.528,16.408,14.657,15.667,15.980,14.594,15.149,15.207,16.379,15.486,15.470,14.869,15.290,14.744,15.442,15.184,13.822,15.966,15.929,16.421,15.850,14.543,15.362,15.548,15.893,15.450,15.745,15.438,15.069,15.851,14.656,14.499,13.859,14.616,14.526
PS(16:0/20:3),15.468,15.410,15.591,15.814,15.801,14.903,14.286,13.525,16.005,15.474,15.276,15.595,15.112,15.063,15.102,18.168,15.826,14.822,16.372,14.319,17.097,15.758,17.742,15.309,15.074,16.012,15.964,16.059,16.142,16.097,14.833,14.767,13.346,15.015,15.225,13.321,15.054,16.264,14.525,16.423,13.944,15.504,15.361,15.378,15.768,14.716,16.093,15.864,15.301,15.952,15.052,17.148,16.191,17.345,13.639,15.267,16.093,15.435,15.325,15.148,16.047,15.374,14.977,14.573,15.649,14.861,15.857,14.848,14.411,14.709,15.728,17.027,16.076,14.650,14.547,15.495,15.166,15.043,16.557,15.721,15.853,16.017,15.625,15.158,15.013,14.738,15.434
PS(16:0/20:4),15.431,16.042,15.462,15.976,15.203,14.831,14.849,13.668,16.086,15.509,15.551,16.903,15.172,15.733,15.770,17.808,17.182,15.159,16.725,15.467,16.613,15.511,17.042,14.777,14.509,15.241,17.176,16.353,16.472,16.568,15.217,14.918,14.238,14.846,15.312,13.580,15.885,16.409,14.030,16.965,13.908,15.532,15.632,15.285,16.164,15.412,16.852,15.514,15.446,15.767,14.909,16.556,16.696,17.782,14.857,15.153,16.416,16.122,15.066,15.461,15.666,15.697,15.376,15.192,16.037,14.318,16.878,14.121,15.462,14.862,16.598,17.673,16.156,14.183,14.090,16.308,14.492,15.096,16.564,15.895,14.490,14.894,15.426,15.115,14.577,14.579,15.349
PS(16:0/22:6),15.783,16.593,16.684,16.444,16.066,15.898,15.161,14.674,17.093,16.389,16.762,16.903,16.559,15.380,16.624,18.686,18.043,15.968,17.929,15.262,16.612,16.858,18.060,15.471,16.364,16.738,17.701,17.552,17.329,17.882,15.767,16.513,13.604,16.147,16.214,13.491,17.365,16.254,14.935,17.896,14.080,16.448,16.655,16.101,16.869,15.681,18.743,16.579,16.360,17.062,17.000,17.613,17.896,19.322,14.409,14.807,16.849,17.553,16.404,16.675,16.594,17.402,17.122,15.660,17.532,15.391,18.021,15.007,16.227,14.649,16.787,17.896,17.053,14.456,13.943,16.588,16.139,16.820,17.665,17.682,16.790,16.728,17.330,16.245,15.860,16.308,16.673
PS(16:1/18:0),17.789,18.728,18.064,18.825,18.809,17.965,17.849,17.955,18.650,17.927,18.376,19.105,18.192,18.817,18.774,19.938,19.551,18.469,19.149,17.650,19.527,19.099,19.755,18.433,18.292,18.813,18.961,18.679,18.783,19.073,17.676,18.829,16.344,18.192,18.258,17.019,18.812,18.794,18.848,19.467,17.012,18.232,18.220,18.474,18.652,17.494,19.205,19.116,19.033,19.542,18.054,19.036,18.612,19.716,17.433,18.042,19.056,18.116,18.408,18.019,19.018,18.803,19.079,17.307,18.699,18.097,18.989,18.077,17.493,17.896,18.758,19.368,18.820,18.561,17.036,17.684,18.986,18.299,18.964,18.732,17.894,18.519,17.966,17.888,17.271,17.467,17.882
PS(18:0/18:1),23.911,25.501,24.413,24.917,23.497,25.221,25.256,24.485,25.830,26.548,26.431,25.028,24.655,25.632,24.897,25.058,24.775,25.753,25.490,22.899,24.557,25.213,26.865,26.317,26.058,25.674,25.064,26.193,24.515,24.693,24.747,24.819,22.329,23.991,24.641,24.411,25.159,24.632,24.799,24.672,25.382,26.533,24.564,24.577,24.943,24.458,25.314,24.905,26.280,25.226,26.127,25.351,25.861,24.637,24.019,24.581,26.358,24.503,26.278,24.754,25.718,25.539,25.754,22.843,25.157,25.032,25.819,25.206,23.871,25.069,24.969,24.033,26.427,27.009,24.872,24.025,24.729,25.224,26.231,25.454,25.483,26.452,25.700,26.273,26.771,26.178,26.148
PS(18:0/18:2),19.636,19.968,18.914,19.669,20.945,19.245,20.007,19.231,20.100,20.341,20.199,19.439,18.383,19.188,19.659,19.720,19.234,19.314,19.952,19.013,19.053,19.294,20.937,20.018,19.995,19.939,20.079,20.474,19.058,19.504,19.311,19.541,18.071,19.058,19.263,18.222,19.624,20.780,19.243,19.608,19.218,20.584,19.102,19.908,21.448,18.570,19.692,18.970,20.104,20.346,19.689,19.341,19.959,19.197,18.780,19.173,20.246,18.560,19.841,19.471,20.265,19.223,18.912,18.916,19.902,20.134,19.272,19.563,18.735,20.778,19.663,20.080,20.235,20.311,20.401,18.556,19.987,19.788,19.460,19.998,20.197,20.355,19.682,19.942,20.511,20.206,19.625
PS(18:0/20:1),18.663,19.305,18.946,18.619,17.357,20.083,18.976,16.960,18.947,20.258,20.679,18.245,16.984,19.596,17.886,18.310,18.951,19.369,18.118,17.846,18.454,18.931,19.927,20.836,20.521,19.988,18.896,19.964,18.508,18.691,18.294,18.289,17.824,17.712,17.481,17.628,19.054,17.404,19.195,18.814,18.777,21.285,18.175,17.679,18.797,17.990,18.883,18.446,20.454,18.094,19.598,19.102,19.294,18.767,17.542,18.079,19.871,18.442,19.979,18.280,20.157,19.084,19.201,17.799,18.444,18.292,19.312,18.967,17.569,18.067,18.225,18.387,20.000,21.052,18.337,17.197,18.884,19.102,18.818,19.411,18.918,19.679,19.130,19.715,19.904,19.929,19.292
PS(18:0/20:2),17.475,18.741,17.841,18.213,17.186,18.079,17.922,16.676,19.459,19.451,19.918,17.874,18.400,18.646,17.896,19.142,18.614,18.907,18.443,16.464,18.943,19.301,21.482,19.946,20.279,19.401,17.919,19.481,17.804,18.209,17.046,17.410,16.961,17.233,17.992,17.864,18.328,17.385,18.023,18.728,18.120,19.695,17.973,17.546,17.580,18.430,18.259,19.010,19.879,19.149,18.668,19.164,19.364,18.220,16.991,17.854,19.348,17.698,19.692,17.153,19.360,18.905,19.190,17.082,17.784,18.229,19.014,18.686,16.824,17.405,17.969,17.116,19.437,19.695,18.644,16.478,18.485,18.082,19.682,18.910,18.402,19.978,18.960,19.624,19.095,19.155,19.393
PS(18:0/20:3)_A,21.181,20.808,20.991,21.173,21.387,21.558,20.846,20.191,21.489,19.891,20.447,22.043,20.572,21.486,21.574,21.435,20.567,20.404,21.648,20.544,21.133,21.260,20.562,20.857,20.753,21.043,21.913,21.756,21.543,20.921,20.364,20.910,18.788,21.366,21.502,20.096,21.087,20.394,20.843,21.167,18.528,19.868,21.551,21.131,21.773,19.942,20.767,21.006,20.762,20.894,20.583,21.522,20.784,21.314,19.338,19.858,21.413,19.890,20.484,21.103,21.218,20.380,20.542,20.000,21.533,22.147,20.095,21.762,20.682,20.025,20.938,21.052,21.089,20.326,20.213,20.104,21.367,20.487,21.808,21.001,19.808,19.879,20.229,19.218,19.666,19.440,19.587
PS(18:0/20:3)_B,19.122,19.009,19.418,19.479,19.228,19.724,19.243,18.996,19.616,19.340,19.252,20.371,19.097,20.084,19.431,19.386,18.773,19.785,20.470,17.970,19.701,19.451,21.023,19.272,19.347,19.448,20.177,19.698,19.881,19.202,18.691,19.391,16.490,19.369,19.763,18.491,19.286,18.804,18.918,19.595,17.984,19.018,19.617,19.451,19.702,18.209,18.963,19.454,19.212,19.021,19.078,19.841,19.540,19.530,17.638,18.175,19.650,18.790,19.461,19.764,19.376,19.502,19.603,17.369,20.094,20.429,18.976,19.891,18.802,18.540,19.170,18.550,19.711,19.085,18.268,18.311,19.386,18.869,20.503,18.858,18.726,19.101,18.747,19.567,19.284,19.279,19.085
PS(18:0/20:4),20.559,21.364,20.740,21.148,20.831,21.026,20.878,21.287,21.149,20.508,21.166,22.461,20.141,21.826,21.800,21.503,20.718,20.525,21.122,20.987,21.349,20.796,20.739,20.804,20.224,20.835,21.792,21.350,20.827,21.152,20.480,20.900,20.370,19.920,20.943,19.522,20.915,21.101,19.493,21.348,19.872,21.051,20.962,20.536,21.220,20.201,20.802,20.557,20.748,20.156,20.569,20.616,21.471,20.677,19.841,20.017,20.833,20.383,20.488,20.800,20.295,20.525,21.147,20.054,21.294,20.540,20.787,20.462,20.927,20.206,21.267,21.879,20.923,21.084,19.410,20.186,20.185,20.295,21.574,20.750,20.053,20.685,20.354,20.447,20.499,20.555,20.367
PS(18:0/22:4)_A,20.743,21.168,21.261,20.266,19.599,21.111,20.713,22.502,22.026,21.161,22.209,22.438,19.598,22.442,22.159,21.588,19.879,19.903,20.978,20.202,22.685,21.542,21.273,20.722,21.150,19.918,21.984,22.143,19.944,21.004,19.260,21.538,19.743,18.737,20.194,19.533,20.602,20.183,20.372,18.634,19.416,22.382,20.827,18.597,19.988,20.199,21.336,22.065,20.985,19.641,21.597,21.238,22.606,19.067,19.409,19.814,20.807,19.806,20.712,19.988,20.541,21.321,22.329,19.748,21.558,19.360,19.997,20.354,21.010,19.772,21.656,21.588,21.299,21.841,19.861,20.381,20.523,20.518,22.414,22.097,21.426,22.264,21.923,21.677,21.966,21.725,22.144
PS(18:0/22:4)_B,21.014,21.179,22.199,21.443,20.132,21.954,21.052,23.580,21.971,21.587,22.027,23.170,20.431,23.408,22.767,21.709,20.520,21.331,22.116,20.297,23.159,21.412,21.666,21.129,20.905,19.991,22.751,21.643,21.081,21.587,20.309,22.206,19.430,19.660,20.905,20.066,21.278,20.744,20.503,19.594,20.614,21.618,21.509,19.669,20.612,20.713,21.705,22.523,21.006,19.968,21.583,21.628,22.227,19.785,19.955,20.527,20.997,20.796,21.061,20.958,20.792,22.369,22.605,19.690,22.436,20.407,20.789,21.089,21.208,20.796,22.116,21.512,21.271,21.509,20.418,20.851,20.897,21.107,22.649,21.439,22.435,22.345,21.906,22.076,22.247,22.112,22.432
PS(18:0/22:6),21.409,22.027,22.337,22.736,21.856,22.386,21.274,22.690,22.626,22.802,23.232,22.203,21.589,21.852,22.472,22.656,21.205,21.247,22.904,21.030,22.145,21.858,21.693,21.383,21.597,21.587,22.325,22.383,21.297,22.512,21.647,22.182,20.370,21.120,22.098,20.592,22.651,20.980,20.441,21.592,20.252,23.222,21.812,21.292,22.020,20.964,22.589,22.355,21.432,21.379,22.975,22.464,23.473,21.997,20.047,19.976,21.169,22.261,21.788,21.408,21.273,22.952,23.044,21.642,23.075,21.712,22.103,20.905,22.513,20.583,22.312,22.388,21.718,21.541,20.096,20.512,23.024,22.499,23.321,22.899,23.441,23.572,23.664,22.895,23.042,22.800,23.349
PS(18:0/24:4),16.557,19.020,16.266,16.409,16.112,17.380,15.552,16.742,18.532,19.103,20.167,15.681,14.877,17.016,16.251,17.197,16.421,19.111,17.668,15.966,16.724,17.843,19.439,19.756,19.429,18.536,17.307,19.763,16.444,16.998,16.528,16.673,15.784,16.166,17.328,16.631,17.253,15.217,15.747,16.523,18.999,20.750,16.997,15.995,17.259,16.665,18.252,17.735,20.196,15.542,18.456,18.361,18.037,16.410,14.861,16.703,19.653,16.071,19.105,16.153,19.036,17.343,17.406,15.682,17.444,16.990,17.973,17.821,16.517,14.953,17.066,15.780,19.408,21.298,15.392,14.615,18.236,17.706,18.710,19.558,17.591,18.776,17.890,18.259,19.812,18.392,18.421
PS(18:1/0:0),16.492,17.420,16.322,15.878,14.955,17.045,16.419,15.287,15.418,14.948,13.836,16.474,16.479,16.892,16.536,16.803,16.933,16.878,16.540,15.659,16.290,16.666,15.100,17.770,16.752,17.580,16.708,16.674,16.266,15.961,16.702,16.637,15.927,15.943,16.039,17.290,15.671,16.353,16.681,17.790,17.767,14.385,16.793,17.071,16.665,17.660,16.211,17.075,17.205,17.560,14.798,14.676,15.118,17.036,17.954,17.605,15.788,13.280,15.089,16.516,17.565,16.268,16.791,15.752,16.338,16.702,17.730,16.263,16.109,17.547,16.979,17.027,14.447,16.069,17.041,16.343,17.038,16.059,13.847,15.063,15.795,15.738,16.307,16.067,16.446,16.015,15.944
PS(18:1/18:1),19.636,20.209,19.079,19.669,20.945,19.245,20.007,19.231,20.484,21.645,21.431,19.439,19.035,19.188,19.659,20.803,19.957,20.257,19.952,19.013,19.683,19.356,22.102,21.008,21.064,21.017,20.079,20.474,19.058,19.604,19.311,19.541,18.327,19.058,19.484,18.332,19.937,20.780,19.243,20.536,19.289,22.374,19.102,19.908,21.448,19.221,19.692,19.368,21.042,20.346,20.852,20.438,21.530,20.030,18.780,19.173,20.382,19.474,21.511,19.471,20.265,20.511,20.128,18.916,19.902,20.134,20.475,19.563,18.735,20.778,19.695,20.080,21.303,21.401,20.401,18.556,19.987,20.156,20.580,20.670,21.124,21.896,21.058,21.340,21.387,21.196,21.042
PS(18:1/18:2),15.294,15.579,14.654,14.909,16.104,14.433,14.826,13.516,15.740,15.325,15.187,13.907,14.103,13.636,14.564,16.376,14.863,14.537,15.211,13.766,15.535,14.751,17.334,15.418,15.290,16.352,15.638,15.848,14.105,15.221,15.150,14.865,13.673,14.356,15.143,13.453,15.602,16.954,14.239,15.520,14.456,15.170,14.445,14.888,17.054,14.323,15.175,14.978,16.202,16.099,15.618,15.514,15.840,15.029,13.907,14.755,15.789,14.711,16.060,14.996,16.258,14.363,14.224,14.360,15.491,15.726,14.898,15.441,13.993,15.408,15.234,15.917,16.309,16.125,15.463,12.625,15.661,16.246,15.037,15.927,16.233,16.219,14.942,14.005,14.956,14.811,14.605
PS(18:1/20:1),20.092,19.788,19.146,20.163,18.438,20.339,20.358,16.985,21.297,21.826,21.408,19.174,19.401,20.655,19.216,19.856,21.421,19.942,19.530,18.227,19.834,20.231,21.809,21.048,21.587,21.075,20.176,20.419,19.511,20.044,19.825,19.855,18.058,19.620,20.603,20.083,20.776,19.681,20.055,21.426,19.521,21.688,19.148,19.778,18.900,20.567,20.434,19.407,20.439,21.998,20.886,20.404,21.028,20.734,19.292,19.519,20.405,18.637,20.986,19.890,20.215,21.423,20.489,17.589,19.188,20.868,21.543,20.842,19.002,19.873,19.662,19.361,21.056,21.308,21.325,17.936,20.512,20.325,20.099,20.191,20.404,21.577,20.447,21.134,21.601,21.186,21.131
PS(18:1/20:4),16.545,17.149,16.513,16.674,15.777,15.731,15.311,15.028,17.438,18.066,17.718,16.797,15.951,16.801,16.465,18.776,17.390,16.601,17.224,15.818,17.366,16.752,18.643,16.662,16.824,17.938,17.439,16.912,16.060,17.424,16.171,16.201,15.981,15.222,17.147,14.530,17.044,17.189,15.010,18.255,15.139,18.407,16.432,16.443,16.266,16.361,16.501,16.729,17.042,15.795,17.344,17.217,18.486,17.695,15.532,16.142,16.705,16.564,17.497,16.302,16.653,17.129,17.007,15.538,17.115,15.772,17.276,15.996,16.064,14.869,17.356,17.812,17.985,17.194,14.831,15.310,15.951,16.618,17.595,17.224,17.089,18.050,17.572,17.551,17.479,17.865,17.504
PS(18:1/22:6),16.717,16.753,16.832,16.171,16.459,16.766,15.327,15.471,17.189,17.268,17.379,15.712,16.791,16.343,16.424,18.505,17.529,16.344,18.029,15.475,17.304,16.542,17.833,16.432,17.801,18.141,17.274,17.470,15.919,17.328,17.121,16.914,14.701,16.360,17.163,15.313,17.968,16.904,14.953,18.221,14.807,17.602,16.493,16.655,17.045,16.667,17.052,17.108,16.872,16.779,17.949,17.240,17.950,18.111,15.065,16.333,16.510,16.647,17.398,16.923,16.531,17.398,17.639,15.806,17.376,16.657,17.396,16.142,16.671,15.024,16.808,17.273,17.408,16.524,14.658,13.707,17.037,17.496,17.540,17.460,17.841,17.941,17.618,17.036,16.883,17.452,17.099
PS(20:1/22:6),16.668,15.169,15.892,17.032,16.164,17.120,15.548,15.548,16.429,15.416,16.272,15.422,15.422,16.594,16.084,15.153,17.096,14.540,15.940,15.501,16.308,16.354,15.737,16.232,17.949,16.949,16.634,17.110,16.065,16.168,16.596,16.622,15.031,16.226,16.716,15.392,16.906,15.481,15.276,17.130,14.132,15.919,16.302,15.777,15.417,15.764,16.391,15.841,15.246,16.985,16.139,15.338,15.977,16.568,14.962,15.050,15.790,15.146,15.565,15.949,15.633,15.891,16.305,15.585,16.001,17.298,16.505,16.504,15.505,14.064,14.901,15.451,15.729,15.664,15.796,13.860,18.285,16.046,15.794,15.473,15.593,16.082,15.653,15.580,15.262,15.693,15.835
PS(20:4/22:6),12.516,13.906,13.057,12.853,12.574,12.260,11.438,12.776,13.841,14.210,14.366,11.580,12.789,12.247,13.060,13.865,11.471,12.223,12.973,12.623,13.235,12.979,13.151,12.302,11.758,12.381,12.369,12.812,11.644,13.196,12.674,13.037,13.457,10.849,13.303,9.697,12.872,10.998,10.195,12.246,11.493,14.429,12.740,11.012,12.320,11.713,12.597,13.148,12.645,11.057,14.416,13.829,15.707,12.702,11.566,10.967,11.222,13.416,13.077,11.298,12.016,13.795,13.797,12.518,14.240,11.996,12.855,10.191,14.442,11.418,13.520,14.063,13.603,12.907,10.887,9.120,11.712,13.422,15.703,14.573,14.651,14.762,15.581,14.646,14.091,14.551,15.404
PS(22:6/0:0),15.783,15.109,15.558,13.900,15.461,16.566,15.076,16.326,14.514,14.762,12.161,15.079,15.219,15.480,16.211,16.003,15.023,14.281,15.869,14.979,15.199,15.467,12.019,14.022,13.740,14.810,15.703,14.777,14.828,15.370,15.357,16.229,14.140,15.370,15.507,15.681,14.756,14.579,14.238,15.777,14.345,14.468,15.776,15.731,15.796,14.974,15.270,16.176,13.920,15.352,14.918,13.759,15.257,16.294,16.957,14.764,12.002,13.148,13.819,15.377,14.067,15.952,16.188,15.619,16.141,15.482,15.960,13.243,16.553,14.866,15.506,15.718,12.826,12.496,13.813,14.259,15.262,15.461,14.578,14.484,15.931,16.404,17.554,15.924,16.600,16.037,17.209
PS(22:6/22:6),9.723,14.620,13.812,9.713,10.992,11.802,9.001,11.624,15.874,16.581,15.883,10.314,14.606,11.420,13.667,15.381,11.304,13.663,13.825,10.113,13.430,14.160,14.636,13.107,13.664,12.832,13.042,14.523,12.426,14.694,12.994,14.016,11.120,11.620,14.800,NA,15.266,10.900,9.477,13.293,11.001,16.562,13.023,12.849,12.297,12.503,15.131,14.211,13.602,11.553,16.231,15.334,17.227,15.336,9.311,10.394,12.600,15.447,15.496,10.227,13.117,15.886,15.980,13.730,15.583,11.633,14.656,10.407,15.039,9.913,14.237,15.435,14.566,13.826,10.055,9.063,12.675,15.550,16.062,16.147,16.125,16.609,17.294,16.006,15.694,16.050,16.767
PE(14:1/17:0)_IS,21.711,20.512,21.465,20.913,21.901,22.033,21.542,21.566,20.562,20.314,21.279,21.505,21.636,22.157,21.449,20.715,20.710,21.019,21.034,22.142,21.879,20.498,20.921,21.210,20.931,20.616,21.453,20.759,20.938,20.849,21.482,21.258,22.371,20.867,20.813,21.554,21.446,21.830,21.002,21.139,21.703,20.144,21.297,21.758,21.478,21.612,21.378,21.485,20.885,21.392,20.095,20.975,20.309,21.007,21.939,21.810,20.571,21.387,19.949,21.425,20.528,21.224,21.226,22.718,21.483,21.193,21.767,20.388,21.614,21.657,21.055,22.600,19.942,20.617,21.563,21.281,20.786,20.702,20.615,20.674,20.586,20.526,20.499,20.304,20.366,20.121,20.424
PI(14:1/17:0)_IS,18.584,17.405,18.481,17.879,18.733,18.866,18.413,18.335,17.554,17.119,18.227,18.264,18.370,19.272,18.079,17.582,17.830,17.959,17.728,19.310,18.640,17.791,17.853,18.238,17.889,17.629,18.388,17.977,18.128,17.513,18.531,18.187,19.196,18.023,17.577,18.693,18.418,18.480,17.946,17.773,18.219,16.789,17.749,18.441,18.424,18.638,17.897,18.325,17.939,18.004,17.016,17.995,17.399,17.933,18.948,18.740,17.577,18.559,16.483,18.242,17.601,18.314,18.338,19.271,18.512,18.368,18.762,17.687,18.528,18.610,17.872,19.747,16.995,17.234,18.587,18.350,17.614,17.694,17.784,17.509,17.599,17.332,16.987,16.927,16.942,16.839,17.195