feature,delta_z
A1BG,0.5325466335533942
A2M,0.25171273558748836
AAAS,0.7093946670344964
AACS,0.14373033626312898
AADAT,-0.10896245175111888
AAED1,0.7351200210386711
AAGAB,0.7513212897438526
AAK1,-1.3090879120333394
AAMDC,0.33039329037688203
AAMP,-0.10264205274123535
AAR2,0.8249732068766917
AARS,-0.1481977554442982
AARS2,0.1762235065599815
AARSD1,-0.6031900057348977
AASDHPPT,-0.7632989367237899
AASS,-0.14242760664162962
AATF,0.6638285070108574
AATK,-1.3466838711527944
ABAT,-1.1192798260675252
ABCA1,0.8465984839991003
ABCA2,-0.8499670996610592
ABCA3,-0.5521181499484153
ABCA5,-0.5536025430881862
ABCA8,0.15584496811074838
ABCB1,-0.8035968637551305
ABCB10,-0.30167191355828793
ABCB6,0.35896666376124853
ABCB7,-0.5300678078277744
ABCB8,-0.5324300379867997
ABCB9,-0.6642107965033637
ABCC1,0.8145688708948314
ABCC3,1.303683126393436
ABCC4,0.24827022070870472
ABCD1,0.9907361624799154
ABCD2,-0.27644547187705454
ABCD3,0.045671708331301436
ABCD4,0.3635333072493564
ABCE1,0.6543920142914736
ABCF1,0.5813361864565438
ABCF2,1.0032360647027543
ABCF3,0.9443106463796858
ABCG1,-0.2238218983727917
ABCG2,-0.2875520662804385
ABHD10,-1.168256289090301
ABHD11,0.6284772634969886
ABHD12,-0.2884745782783408
ABHD13,-0.07833757572321828
ABHD14A-ACY1,0.6842112752664591
ABHD14B,0.6073637834261354
ABHD16A,-0.5084950453389938
ABHD17A,-0.34504209865419866
ABHD17B,-1.335242082066783
ABHD17C,-0.17311985151737824
ABHD2,-0.029739582080504146
ABHD3,0.05073586737298122
ABHD4,0.09086941479721901
ABHD5,-0.03541135557177026
ABHD6,-0.7688727803843138
ABI1,-0.8526718795392392
ABI2,-0.9274372553796628
ABI3,0.8274054233601448
ABI3BP,0.41681443187599787
ABL1,0.7083203564858691
ABL2,-1.4510465351233874
ABLIM1,-1.2588128167092378
ABLIM2,-1.648124950900209
ABLIM3,-0.7796631890146408
ABR,-1.023814175352956
ABRACL,0.35974142928573505
ABRAXAS1,0.7288442994644595
ABRAXAS2,-0.17469819132467462
ABT1,0.5898601880593951
ACAA1,0.7242380047734921
ACAA2,0.16881471116145708
ACACA,-0.3796244555787487
ACACB,0.3059278616305294
ACAD10,0.40994503122073467
ACAD11,0.6779793996722102
ACAD8,-0.7728924582205756
ACAD9,-0.11850420406991236
ACADL,-0.2236806343917862
ACADM,-0.03944344615496982
ACADS,0.12097216347320008
ACADSB,-0.7935022455841241
ACADVL,0.6146625210201622
ACAN,-0.883809507283395
ACAP1,1.0163206347971618
ACAP2,1.286065317143236
ACAP3,-0.9904527958146054
ACAT1,-0.7906735573629189
ACAT2,-0.9604157398164097
ACBD3,1.1046888632855292
ACBD4,-0.03557248444016253
ACBD5,-0.35252941561793116
ACBD6,-0.30585308285769197
ACBD7,-1.387546122877626
ACD,0.11262704990145528
ACE,0.10377769782620806
ACHE,0.08840251279559963
ACIN1,0.23385438031312694
ACLY,0.7824420688486203
ACO1,0.22834043872888057
ACO2,-1.3174061374815105
ACOT1,-0.5326594215407257
ACOT11,0.7557265993513518
ACOT13,-0.9508283499642853
ACOT7,-1.3936194198060599
ACOT8,0.4774298248617965
ACOT9,-0.585496101885344
ACOX1,0.46535007841060483
ACOX2,0.7812875392710218
ACOX3,0.11404664241143225
ACP1,-0.21822668556737518
ACP2,0.5239910623712501
ACP5,0.755337534602418
ACP6,0.7351228082230302
ACPP,0.9960440960906953
ACSBG1,-0.7005071415327462
ACSF2,-0.12468840957488438
ACSF3,-0.22845901795062803
ACSL1,0.7034322432623259
ACSL3,0.22907878109499474
ACSL4,0.7636373681198267
ACSL5,0.510487689430295
ACSL6,-1.3763060289381022
ACSM5,-0.24400460646312935
ACSS1,-1.1729327772431914
ACSS2,0.6825357732744151
ACSS3,0.773097222988393
ACTA1,0.5992308545817212
ACTB,0.9902174125438409
ACTBL2,0.8431815306669077
ACTG1,0.8163122567081671
ACTL6A,0.4633699314630145
ACTL6B,-1.4654805715038242
ACTN1,0.7056043476104721
ACTN2,-1.3759922703518397
ACTN3,0.027105008125188106
ACTN4,1.1130891924109636
ACTR10,-1.001368347454482
ACTR1A,-1.0478877635732373
ACTR1B,-0.6264775622437535
ACTR2,1.2308314138728207
ACTR3,1.2328192550638857
ACTR3B,-1.6330782920260323
ACTR5,0.33741348108909763
ACTR6,0.12548675840524748
ACTR8,0.09349100202417066
ACVR1,-0.8531189900831451
ACVR1B,-0.9449798378719378
ACVR2A,-0.5431261957578598
ACY3,-0.5899287103239181
ACYP1,-1.0913976418897422
ACYP2,-0.7789498053966221
ADA,0.5508344986285993
ADA2,0.3761289112201357
ADAL,-0.018278150244803157
ADAM10,-0.527367735164522
ADAM11,-1.5179229753239856
ADAM12,1.047064309563468
ADAM15,0.0413951430521093
ADAM17,0.9248577699727358
ADAM22,-1.6595456684034318
ADAM23,-1.5057102327868317
ADAM28,1.077288784236216
ADAM9,0.8426143010672587
ADAMTS1,0.6755246544732632
ADAMTS4,-0.055594618645020834
ADAMTSL2,0.18845038259652067
ADAMTSL4,0.7725464166617744
ADAP1,-1.5684570296070377
ADAP2,1.003154174139739
ADAR,0.1271613396943133
ADARB1,0.2732214711557502
ADAT1,0.6810090160309785
ADAT2,0.3700833561695026
ADAT3,0.39761119865565187
ADCK1,-0.8196357228171597
ADCK5,0.2145321187770789
ADCY1,-1.2144295462269152
ADCY2,-0.9541651247982729
ADCY3,-0.5702513415055213
ADCY5,-1.5262775494855871
ADCY6,0.15617195995808264
ADCY7,0.5723053081658909
ADCY8,-0.5696279055630128
ADCY9,-0.6138085971833793
ADCYAP1,-0.9964474000481861
ADCYAP1R1,-0.8254775643125762
ADD1,-1.4258357539459126
ADD2,-1.4633396388769335
ADD3,-1.0514425272560124
ADGRA1,-0.8220865973995569
ADGRB1,-1.3030038684284087
ADGRB2,-1.2026983975057544
ADGRB3,-1.4347847554999906
ADGRE2,1.1053068100013295
ADGRE5,1.0055165593488298
ADGRF5,0.7534038758043355
ADGRG1,-0.5333047892304515
ADGRG3,1.1034161147539774
ADGRL1,-1.58277929310967
ADGRL2,-0.4879048015151321
ADGRL3,-0.63907777653132
ADGRL4,0.49865598283742607
ADH1B,-0.5199806188788313
ADH5,0.0009596672112582318
ADHFE1,-0.9238822461441676
ADI1,0.8134026939403336
ADIPOQ,0.6841242849931877
ADIPOR2,-0.3235523224927678
ADIRF,-1.0458112788626126
ADK,-0.5148859241216679
ADM,0.8386504261652692
ADNP,-0.16098846135649242
ADO,-1.1213982691649673
ADORA1,-0.46909678097626295
ADPGK,1.3013393936673365
ADPRH,1.079975499677546
ADPRHL1,-1.081587154084714
ADPRHL2,1.0436605276502071
ADPRM,-0.4369451884605513
ADRM1,0.5579589865185068
ADSL,0.4749188032490118
ADSS,0.6359283742315891
ADSSL1,0.3925628541068724
AEBP1,0.8731524912059094
AEBP2,0.7564982362980341
AES,-0.3461801637120284
AFAP1,0.7650158148838371
AFAP1L1,0.16901634465385384
AFAP1L2,-0.5726762949274423
AFDN,-0.9232736933764248
AFF4,-0.05155724369608049
AFG1L,-1.0173318332025783
AFG3L2,-1.069854244696968
AFM,0.3257379581669948
AFMID,1.212319377468325
AFTPH,0.5364614481748214
AGA,0.5114459930616482
AGAP1,-1.1456785805133065
AGAP2,-1.464010093003929
AGAP3,-1.45105234990699
AGBL4,-1.153599194054258
AGFG1,-0.10908137030703044
AGFG2,0.03321351684498027
AGGF1,0.43065097543708386
AGK,-0.28286578833283504
AGL,-0.15672859837268777
AGMAT,-0.5159735254340052
AGO1,-0.485488875859143
AGO2,0.5102541845650705
AGO3,-0.8333665488508133
AGO4,-0.7165625614804593
AGPAT1,-0.6117960985869163
AGPAT2,1.0433348842695818
AGPAT3,-0.4562658006029727
AGPAT4,-1.2766169685030846
AGPAT5,-0.19869081119257395
AGPS,0.8704342560843862
AGR2,0.45725798971172327
AGRN,0.09302722851561364
AGT,0.15928950737677247
AGTPBP1,-0.932587074622085
AGTRAP,0.7026522369915689
AHCTF1,0.6744923945184786
AHCY,0.9032195463035231
AHCYL1,-0.804250812426552
AHCYL2,-0.30560345764132324
AHDC1,-0.07745254935229202
AHNAK,0.4125632524120719
AHNAK2,0.4857583204465751
AHR,1.0333482575940596
AHSA1,-0.8418291013924946
AHSG,0.5090818328182499
AHSP,0.2520619310589055
AIDA,0.016539165706082097
AIF1,1.0250141789807654
AIF1L,-0.46696623910341106
AIFM1,-0.02655441452945207
AIFM2,1.093311181113327
AIFM3,-1.0680998268462587
AIG1,-0.0964538080948927
AIMP1,0.9196769522396824
AIMP2,0.9340489406096457
AIP,0.03438770363294705
AJAP1,-1.2308475909340326
AJM1,-1.3960300730445876
AJUBA,0.195065505090171
AK1,-0.3987277439608232
AK2,0.9200005471747257
AK3,-0.1191460727225673
AK4,0.08935943011338995
AK5,-1.6759437286697152
AK6,1.181757165714886
AKAP1,-0.8464142561237569
AKAP10,-0.41462008165143305
AKAP11,0.8722522209790085
AKAP12,-0.09000685451659071
AKAP13,1.4275625773170617
AKAP17A,0.43859149830436917
AKAP5,-1.517079281692121
AKAP6,-0.8453436699385015
AKAP7,-1.1524914451086519
AKAP8,0.6737418761733662
AKAP8L,0.31472052321817334
AKAP9,1.0891314937855032
AKIRIN2,0.6775424780143611
AKR1A1,0.34364723871339004
AKR1B1,0.2821719066442693
AKR1B10,0.5553033419773434
AKR1C1,-0.20104448341889808
AKR1C2,-0.18185841389211502
AKR1C3,-0.44424044249306843
AKR1D1,-0.7450652014882525
AKR7A2,0.03714998579301568
AKR7A3,-0.9665425477346707
AKR7L,-0.6296365147503729
AKT1,0.936516307506532
AKT1S1,0.5691833935380679
AKT2,0.47613179071272727
AKT3,-1.3752851965990638
AKTIP,-0.03492036565697953
ALAD,0.06052288016201393
ALAS1,-0.1658106457352844
ALB,0.2692378137076804
ALCAM,-0.7772389335558262
ALDH16A1,1.022921614440367
ALDH18A1,0.4469349752367163
ALDH1A1,-0.021029092662322564
ALDH1A2,0.11575704477532028
ALDH1A3,0.4128155957077972
ALDH1B1,0.13536675798799935
ALDH1L1,-0.12325755772263153
ALDH1L2,0.17759834372983502
ALDH2,-0.7691399950511709
ALDH3A1,0.6650909550802717
ALDH3A2,-0.21356188580227603
ALDH3B1,1.1067033726348932
ALDH4A1,-0.9609247739161444
ALDH5A1,-1.4687672295132828
ALDH6A1,-1.0427363940768766
ALDH7A1,-0.7559746716563187
ALDH9A1,-0.003914883669508253
ALDOA,-0.2493135039919933
ALDOB,0.2890910801803238
ALDOC,-1.1567442680356532
ALG1,0.39984390062532754
ALG11,-0.09634560004887238
ALG12,0.7329464888638751
ALG13,0.07451619864211517
ALG14,-0.1414700878869682
ALG2,1.2850236526030232
ALG5,0.8686058367387195
ALG6,0.23867021992349974
ALG8,0.4115451411772613
ALG9,0.10712923227960955
ALKBH1,0.8763270914722391
ALKBH2,-0.44719016665555467
ALKBH3,0.28086883230814264
ALKBH4,-0.01909072103559891
ALKBH5,0.6781456921027245
ALKBH6,0.013420358028719857
ALKBH7,0.4035024878277169
ALKBH8,0.773456922709237
ALMS1,0.47932625336615853
ALOX12,0.5555596983653301
ALOX15B,0.9671212218326914
ALOX5,1.125184441304364
ALOX5AP,1.0596856305585778
ALPL,0.20273062272453113
ALS2,-0.544343394852232
ALYREF,0.5791733675316582
AMACR,0.6536637173951811
AMBP,0.6560480301246361
AMBRA1,0.05949425221986234
AMD1,0.5293087885396088
AMDHD2,0.838860911900204
AMER2,-1.2824407976955734
AMFR,0.20076376133418417
AMIGO1,-0.9061822707653993
AMN1,-1.1914940372781326
AMOT,-0.6475955650551116
AMOTL1,0.636115316334296
AMOTL2,-0.21477475179846078
AMPD2,0.6390971780819887
AMPD3,0.6300652812764111
AMPH,-1.6560727417072711
AMT,-0.20178521339508415
AMZ2,-0.20988372439578823
ANAPC1,0.7427954628802758
ANAPC10,0.5691774739393799
ANAPC11,0.34150196889434037
ANAPC13,0.14341233405878617
ANAPC16,0.5600929542577788
ANAPC2,-0.08216978564516571
ANAPC4,0.19825547113943975
ANAPC5,0.9066005216829504
ANAPC7,0.5211254376630863
ANG,0.7847904400679204
ANGEL1,-0.018412576259584083
ANGEL2,-0.9220203015697794
ANGPT2,0.5146712671829867
ANGPTL1,-0.007815280495506251
ANGPTL2,0.5414950529402829
ANGPTL4,0.8548978429651402
ANK1,0.3652744932042635
ANK2,-1.347922106449027
ANK3,-1.4915865169582987
ANKFY1,0.27104356981413835
ANKH,1.1007407748307763
ANKHD1,1.2171600291212359
ANKHD1-EIF4EBP3,0.9137237869614366
ANKIB1,-0.1720780373985753
ANKLE2,0.763493514961633
ANKMY2,-0.7455078600723375
ANKRD10,0.37522549587213794
ANKRD11,-0.03815712213315617
ANKRD12,0.7551111832063994
ANKRD13A,0.7939701658224037
ANKRD13D,-0.1681757165625697
ANKRD16,-0.7987991296639154
ANKRD17,0.9287878558364353
ANKRD22,0.7324618443617656
ANKRD24,-1.081283794099162
ANKRD27,0.29738668940217683
ANKRD28,-0.45782555099179567
ANKRD29,-1.4580514203234172
ANKRD34A,-0.5661024400227352
ANKRD35,0.15042600047683796
ANKRD39,0.10465753774807549
ANKRD40,0.5700659846594229
ANKRD44,0.7541634771912468
ANKRD45,0.6037218888293145
ANKRD46,-1.0439615923464598
ANKRD49,0.5697400006135969
ANKRD50,-0.09771344152567402
ANKRD52,1.0887359290540983
ANKRD54,0.3502309687651609
ANKRD63,-1.275258469668096
ANKS1A,0.6738050231575743
ANKS1B,-1.4506876174314056
ANKS6,0.45155636255182485
ANKZF1,0.7806995291251626
ANLN,-0.8738636074426829
ANO10,0.560990954154698
ANO6,-0.15449545359071476
ANO8,-0.29529615477133414
ANOS1,0.11838557639529369
ANP32A,0.5945477856914947
ANP32B,0.7183474072105468
ANP32E,0.8229584176891522
ANPEP,1.0384607996451896
ANTXR1,-0.6187571245428041
ANTXR2,1.0247976502562288
ANXA1,1.179152106683893
ANXA11,0.417896863552255
ANXA13,0.6489338096494746
ANXA2,1.2588104204667512
ANXA3,0.8948716277914053
ANXA4,1.3386883831189524
ANXA5,0.817528552252967
ANXA6,-0.47252570189999815
ANXA7,0.13737404840984416
AOAH,0.7323508858606753
AOC3,0.23404943739679587
AOX1,0.739733677462743
AP1AR,0.35344801507468165
AP1B1,0.4882065151224829
AP1G1,-0.5135070446579741
AP1G2,1.1237321832612852
AP1M1,0.20655410262320262
AP1M2,0.6706278742348303
AP1S1,-0.4226721225817819
AP1S2,0.246788447446638
AP1S3,0.023522347615538095
AP2A1,-1.4024932261199825
AP2A2,-1.303932035230317
AP2B1,-1.5255467346081018
AP2M1,-1.520944279229642
AP2S1,-1.3110172252004113
AP3B1,1.558511034382661
AP3B2,-1.5632331571903175
AP3D1,-0.32207443407089265
AP3M1,0.9154282647280001
AP3M2,-1.137955107572881
AP3S1,-0.23845178586256705
AP3S2,-0.2537796060898308
AP4B1,1.2256290839980082
AP4E1,1.011091066331006
AP4M1,0.9451434748148925
AP4S1,0.026282418700923744
AP5B1,0.19308321625059713
AP5M1,0.21595208899496326
AP5S1,0.4874321061983147
AP5Z1,0.8817863017146932
APAF1,1.009247173908915
APBA1,-1.536898111805062
APBA2,-1.0220248992131873
APBA3,1.0965512110211786
APBB1,-1.3387760527237518
APBB1IP,0.8896898551841304
APBB2,0.11442165386061315
APC,-1.0073536708525104
APC2,-0.9724281806878349
APCS,0.45600416243551645
APEH,0.590358448900733
APEX1,0.00813937839490194
APH1A,0.07419253897052303
APH1B,-0.08185417886332969
API5,0.2721204066195102
APIP,0.5408073773800642
APLF,0.43885187813910065
APLN,0.2907892430890102
APLNR,-0.2712809523803398
APLP1,-1.1486262765563957
APLP2,-0.02437957289365996
APMAP,0.3751942003455824
APOA1,0.5551578587427652
APOA2,0.3247620826665298
APOA4,0.5917968026991934
APOB,0.4301700721762955
APOBEC3B,0.03365928360830608
APOBEC3C,1.1500657857777496
APOBEC3F,0.848582268753554
APOBEC3G,1.1509391278522787
APOBR,1.1129219150256349
APOC1,0.5040563546538895
APOC2,0.16382203587611666
APOC3,0.3415610238377267
APOC4,0.2876176961237614
APOD,-0.12053580385486848
APOE,-0.06605065156010888
APOF,0.7104855893467703
APOH,0.6194603955492557
APOL1,0.7982605606029527
APOL2,0.03199649957357594
APOL3,0.653976760380121
APOM,0.5609294228869945
APOO,-0.9131241298866475
APOOL,-0.09095276153721943
APP,-0.5727539039937689
APPBP2,0.2589212075495048
APPL1,-0.2473441279724839
APPL2,0.13671935371399213
APRT,0.9851786655996191
APTX,0.3590961255712638
AQP1,-0.3964136552600336
AQP4,-0.8906330691850841
AQR,0.5549817916514093
ARAF,1.213589985116726
ARAP1,1.3497835371799125
ARAP2,-0.35823751917493923
ARAP3,0.548526298714504
ARC,-0.8354588548658346
ARCN1,1.3500256228610188
ARF1,0.4653038470487335
ARF3,0.23810022130769098
ARF4,0.8256107173678098
ARF5,-0.4788351877167323
ARF6,0.4080610817311452
ARFGAP1,-1.0441703843159935
ARFGAP2,-0.09240624234010958
ARFGAP3,0.9334933026453118
ARFGEF1,0.7469972101498256
ARFGEF2,-0.7451264487822731
ARFGEF3,-1.4733917795015734
ARFIP1,1.1347375409659253
ARFIP2,-0.9644903775551266
ARFRP1,0.9146473321673425
ARG1,0.7613863561713623
ARG2,0.11570612928862134
ARGLU1,0.3835901990811073
ARHGAP1,0.805237571753368
ARHGAP10,0.8708506919523669
ARHGAP12,-0.22949346510050397
ARHGAP15,1.1679029001913985
ARHGAP17,1.0792188209129856
ARHGAP18,1.3909105533341912
ARHGAP21,-1.2137104341758018
ARHGAP22,0.39167936000356973
ARHGAP23,-1.4596105127303876
ARHGAP24,0.9233758528801403
ARHGAP25,1.036205862332026
ARHGAP26,-0.6490086177570029
ARHGAP27,1.124138411648475
ARHGAP29,1.286973019314598
ARHGAP30,1.218895812005724
ARHGAP31,0.45942388323590017
ARHGAP32,-1.1881743766141413
ARHGAP33,-0.9711090958999202
ARHGAP35,-1.3057393483535837
ARHGAP39,-1.3005995014207925
ARHGAP4,1.194316813122457
ARHGAP42,0.4735085371003343
ARHGAP44,-1.6259689476189005
ARHGAP45,1.3338989353475625
ARHGAP5,-0.5619013765225862
ARHGAP6,0.5129467333272466
ARHGAP9,1.377559971302733
ARHGDIA,0.3023930355292741
ARHGDIB,1.1392792714588835
ARHGEF1,1.3605400247196942
ARHGEF10,0.42761030306375436
ARHGEF10L,-0.30937283287367834
ARHGEF11,-0.851769843825751
ARHGEF12,-0.4140778101989757
ARHGEF17,0.03475117103290279
ARHGEF18,0.7495788897056357
ARHGEF2,-0.17498428016734846
ARHGEF25,-0.522358349481354
ARHGEF26,0.00281001786322165
ARHGEF3,0.5170344684059538
ARHGEF37,0.19840481412782973
ARHGEF4,-0.4931367803823347
ARHGEF40,0.8792127520494384
ARHGEF6,0.5265527467577681
ARHGEF7,-1.4444969044542733
ARHGEF9,-1.445398370627692
ARID1A,0.05047700363837895
ARID1B,-0.5595647923331719
ARID2,0.3478849761036144
ARID4A,0.5211146791869539
ARID4B,-0.1987619069826505
ARID5B,0.31885384670369976
ARIH1,0.34641785180138457
ARIH2,0.11187515963858354
ARL1,1.1358362796384858
ARL10,-0.5955585755383259
ARL13B,0.6520163969135866
ARL14EP,-0.2832002534623538
ARL15,-1.2135291725266701
ARL16,1.163155910935207
ARL2,-0.714499737341205
ARL2BP,0.38821972918812764
ARL3,-1.1499241474362667
ARL4A,-0.28477298822003105
ARL4C,0.6497770715278226
ARL5A,0.23719764738892984
ARL5B,-0.4004735822138628
ARL6,-0.7006672318790976
ARL6IP1,0.21948507607168127
ARL6IP4,0.7002165434113106
ARL6IP5,0.18732334926072516
ARL6IP6,-0.09534417826162178
ARL8A,-0.5841055328381622
ARL8B,-0.5773305714554446
ARMC1,-1.1871640080801211
ARMC10,-0.49158230602093966
ARMC5,0.316520931510907
ARMC6,-0.3985842478726661
ARMC7,0.6369890249844925
ARMC8,0.7975960399899549
ARMC9,0.7016235061613283
ARMCX1,-0.07696769456006464
ARMCX2,0.12259975264500697
ARMCX3,-0.253196101381988
ARMCX4,-0.5622802858974316
ARMCX5,0.400496522543735
ARMCX6,-0.20621843227213474
ARMH3,-0.25993999358188724
ARMT1,0.5176803300565905
ARNT,0.6081710034289752
ARNT2,-1.084218102705007
ARNTL,0.4179003759235469
ARPC1A,-0.7612591223629421
ARPC1B,1.5137817348456561
ARPC2,1.2427868103655029
ARPC3,1.1988804730343885
ARPC4,1.0389510250866634
ARPC5,1.3372900159090655
ARPC5L,-0.5520049948326116
ARPIN,0.13984796528249616
ARPP19,-1.080134209052491
ARPP21,-1.3147181621827904
ARR3,-1.0129094846190205
ARRB1,-1.3237205909716043
ARRB2,0.8510662715712423
ARRDC1,0.5666173660655827
ARSA,0.5490513911687813
ARSB,-0.24904789993957577
ARSD,0.5323222341237095
ARSE,0.49895340474213956
ARSF,0.41942114786990525
ARSK,-0.05689550725108195
ART3,-1.281265130633501
ART4,0.2611430323431365
ARV1,0.24665970507586688
ARVCF,-1.0129519639922147
AS3MT,0.11844733292824092
ASAH1,-0.13875934445828955
ASAP1,-0.42331863476972076
ASAP2,-0.3668360740286357
ASAP3,-0.023220654924746696
ASB1,0.16539589713394298
ASB13,-0.17384059160048082
ASB3,-0.034048766060537396
ASB6,0.4964462056402261
ASB8,0.4504843628561883
ASCC1,0.8368815902262323
ASCC2,1.1773895306793003
ASCC3,1.235685929685589
ASCL1,-0.7149376106397939
ASDURF,0.9683696762448487
ASF1A,-0.366201501643609
ASF1B,0.29518853330548334
ASH2L,0.20700455010128083
ASIC1,-0.967498155700506
ASIC4,-0.5692297930621623
ASL,0.9552590277584655
ASMTL,-0.10748086077968283
ASNA1,0.3146232723426533
ASNS,0.5474542368908046
ASNSD1,0.6148743017449135
ASPA,-0.7098221483000211
ASPH,1.2277630724546764
ASPHD1,-0.7769130375511795
ASPHD2,-0.947894313516559
ASPN,1.1668727500875944
ASPRV1,-0.3265033009235314
ASPSCR1,-0.41657809448153804
ASRGL1,-1.4039333660635287
ASS1,-0.0648185130319613
ASTN1,-1.346223539936441
ASTN2,-0.7642584712478521
ASXL2,0.40564942816558147
ATAD1,-1.0722581486891858
ATAD2,-0.2203353185252016
ATAD2B,-0.1098772672868096
ATAD3A,-0.5979556747500576
ATAD3B,0.48394881060150885
ATAT1,-1.1761328360214875
ATCAY,-1.536353511773389
ATE1,-0.8902335395750638
ATF1,1.0217017463046123
ATF2,0.2345133500547107
ATF3,0.8631784707660206
ATF6,0.4566203405041696
ATF6B,-0.2230520205350128
ATF7,0.8902689374198045
ATF7IP,0.17400985660320165
ATG10,-0.47716140115666345
ATG101,0.5110971291060122
ATG12,0.37191194268677574
ATG13,0.054403785943317004
ATG14,-0.3510556861083324
ATG16L1,0.32577997813302545
ATG2A,-0.24446644275188179
ATG2B,-1.1189744052852078
ATG3,0.9526079996983478
ATG4A,1.0954055972839378
ATG4B,-0.991724846213183
ATG4C,-0.060786956786034824
ATG5,0.42017208958048463
ATG7,0.58133880596376
ATG9A,-0.579481069533076
ATIC,-0.08838864326831647
ATL1,-1.6836269853515757
ATL2,-0.8047068045310859
ATL3,0.9927812686013084
ATM,1.005206770707716
ATN1,-0.08058611613417957
ATOX1,-0.20017882839459594
ATP11A,0.023559977650586858
ATP11B,-0.9886836345742751
ATP11C,0.9438608431411757
ATP12A,0.241146608746584
ATP13A1,0.8055991549033914
ATP13A2,-0.7889231525374626
ATP13A3,0.9237017109969096
ATP13A4,-0.1113556044848523
ATP1A1,-1.0822282246926143
ATP1A2,-1.0810022222783071
ATP1A3,-1.7837851462367342
ATP1A4,0.22466020581484414
ATP1B1,-1.6897434059494933
ATP1B2,-0.7883877837189515
ATP1B3,0.6570569222129325
ATP1B4,-0.3509077138909517
ATP23,-0.09618901550169012
ATP2A1,0.7994531307968227
ATP2A2,-0.9244302834674043
ATP2A3,0.6969905948183772
ATP2B1,-1.2519039076212006
ATP2B2,-1.6508713136027775
ATP2B3,-1.550165109991841
ATP2B4,-1.1801197662062095
ATP2C1,0.09463330428165351
ATP4A,-0.9483296378406882
ATP5F1A,-1.3559390535229747
ATP5F1B,-1.2626822342008777
ATP5F1C,-1.336010684298576
ATP5F1D,-1.098885618609784
ATP5F1E,-1.2495431675709279
ATP5IF1,-1.1752371130774621
ATP5MC1,-0.15964494116250738
ATP5MD,-1.2047251317293375
ATP5ME,-1.4395319990616455
ATP5MF,-0.1883217084550417
ATP5MF-PTCD1,0.12047445078986413
ATP5MG,-0.9754758319001153
ATP5MPL,-1.3068437997525937
ATP5PB,-1.4151148276673207
ATP5PD,-1.419412308466031
ATP5PF,-0.9553727602248723
ATP5PO,-0.7448985726298074
ATP5S,-0.8375291660617494
ATP6AP1,-1.3780580327242116
ATP6AP2,-0.3665977377743741
ATP6V0A1,-1.6257236522849738
ATP6V0A2,0.9711068984144187
ATP6V0C,-1.3294576007060923
ATP6V0D1,-1.451677131508422
ATP6V0D2,-1.1891872657771716
ATP6V1A,-1.5786594450921403
ATP6V1B2,-1.454452980242217
ATP6V1C1,-1.2924661315539345
ATP6V1D,-1.5484154169784583
ATP6V1E1,-1.5614699026224441
ATP6V1F,-1.5250713463341126
ATP6V1G1,0.9628068879845032
ATP6V1G2,-1.6188330181168449
ATP6V1H,-1.638422388713921
ATP7A,0.870440981343247
ATP8A1,-1.6535009958178148
ATP8A2,-1.542570196664251
ATP9A,-1.6311268238636893
ATP9B,0.9148602842188538
ATPAF1,-0.9838162880572874
ATPAF2,0.004214879369705551
ATR,0.6592898246447045
ATRAID,0.7663437454056645
ATRIP,0.7764804516612196
ATRN,-0.30580437110859626
ATRNL1,-1.076408922465963
ATRX,0.06574759437503859
ATXN1,1.0587308051913638
ATXN10,-0.508580067183944
ATXN1L,0.019251142553557254
ATXN2,-0.28886734226434196
ATXN2L,0.7096125064422745
ATXN3,-0.43018308944666533
ATXN7,0.5776674954071315
ATXN7L3,0.17248491259266047
ATXN7L3B,0.12643591139321872
AUH,-1.642321772545346
AUP1,0.5139824041558319
AURKA,0.27108899961070365
AURKAIP1,0.2399652343597694
AURKB,-0.438785724605484
AUTS2,0.15948542736589816
AVEN,0.054509878369333825
AVL9,-1.0750196323477557
AXIN1,0.31675056541212715
AXL,0.2240141873427546
AZGP1,0.5495134715164872
AZI2,1.0027902600957042
AZU1,0.8836727305804342
B2M,0.02566755457809758
B3GALNT1,0.08851045495362635
B3GALT6,0.3946965354809954
B3GAT1,-0.6754690222472232
B3GAT3,0.9069637704023341
B3GLCT,-0.3363587025019157
B3GNT2,0.24108767057205568
B3GNT9,0.7558494230272994
B3GNTL1,0.3107965977238055
B4GALNT1,-0.3991370927914832
B4GALT1,1.3397255586630474
B4GALT3,-0.2340792094240008
B4GALT4,1.069152301155341
B4GALT5,1.3526255866046122
B4GALT7,0.9571261725526139
B4GAT1,-1.167739977897054
B9D1,0.12983017852576784
B9D2,0.32178408394397406
BAALC,-0.4478927770593495
BABAM1,-0.2453225477351171
BABAM2,-0.2819863583989005
BACE1,-1.1394152171640157
BACH1,1.1180995173000277
BAD,-0.17264658708063718
BAG1,0.3498119593125387
BAG2,0.23457851516822292
BAG3,-0.28492275720666665
BAG4,-0.517075957161277
BAG5,-0.04238480559420406
BAG6,-0.033850732160602345
BAHD1,0.53425753732037
BAIAP2,-1.3126843396047236
BAIAP2L1,0.4180168659250727
BAIAP3,-1.0732243792006393
BAK1,0.6041591611187836
BANF1,0.09285606188763004
BANP,0.5603973711489317
BAP1,0.4649101247812846
BARD1,-0.6072612267469057
BASP1,-1.6986921661886003
BAX,0.6143176327607889
BAZ1A,0.748640450873133
BAZ1B,0.6410092150301565
BAZ2A,0.8127828803147032
BAZ2B,-0.4603122794097413
BBIP1,-0.1280319767822011
BBOX1,-0.05949215242929559
BBS1,0.39182193177963454
BBS2,0.3127648491411874
BBS4,0.07963391733691796
BBS5,-0.015573136168559609
BBS7,0.07166217245757672
BBS9,-0.06802671978883143
BBX,0.45448152812841147
BCAM,0.2603336838032648
BCAN,-1.3906147999853795
BCAP29,0.047514519150518505
BCAP31,0.44470128677133225
BCAR1,-0.7222687473819172
BCAR3,-0.5638464628106371
BCAS1,-1.0114594541451656
BCAS2,-0.2427707836157984
BCAS3,-1.3222231878518609
BCAT1,0.6181921418244927
BCAT2,0.6876561483924447
BCCIP,0.6000713827374116
BCDIN3D,0.17304559786971
BCHE,-0.5984185916726992
BCKDHA,-0.6533998027887444
BCKDHB,-0.7359231642967858
BCKDK,0.6940982601359892
BCL10,1.229896506363048
BCL11A,-0.7095712590221603
BCL11B,-0.01428243390811219
BCL2,-0.28386436567723006
BCL2L1,0.1627866963785634
BCL2L13,-0.719857043354907
BCL2L15,1.0055713638139376
BCL2L2,0.16619382202410865
BCL3,1.200986441931029
BCL6,0.5767580789890899
BCL7A,-0.9492994120131519
BCL7B,0.6560031976949463
BCL7C,0.3082967431593225
BCL9,0.3614759846470425
BCL9L,-0.01864614398176035
BCLAF1,-0.10531373592023786
BCLAF3,-0.13698953492632054
BCO1,-0.13032698323341882
BCR,-1.0767476505192046
BCS1L,-0.7206184910754645
BDH1,-1.1072036930525633
BDH2,0.03904641201648787
BDNF,-1.0885837842344874
BECN1,-0.377334267913762
BEGAIN,-1.2515271409561894
BEND3,0.6009449389741164
BEND5,0.01477055064344963
BET1,0.6652531958811048
BET1L,0.4344637354107947
BEX4,-0.8394361682024255
BGN,1.0986283769006921
BHLHB9,-0.5266647835924858
BHLHE41,0.9673537647712878
BHMT,-0.2192211580063284
BICC1,1.19370785231368
BICD1,0.9474330185619221
BICD2,1.1211518375709282
BICRA,0.09016151111666451
BICRAL,-0.15635800711064818
BID,0.6816091914397449
BIN1,-1.142609175855362
BIN2,1.2065537212806663
BIN3,0.980705648391546
BIRC2,0.34591973487416466
BIRC6,1.0956522731257068
BLM,1.105926997386753
BLMH,0.3346137668047794
BLNK,0.5285304484814785
BLOC1S1,0.6372977851222656
BLOC1S2,0.5460655310615603
BLOC1S3,1.184184873123737
BLOC1S4,0.9599924039034795
BLOC1S5,1.2466081074367237
BLOC1S6,1.1139520247322316
BLVRA,0.4738957133305053
BLVRB,0.5420473356246928
BLZF1,1.0678932579937437
BMP1,1.2874378483695028
BMP2K,1.0145908214611121
BMP7,-0.027570758763127486
BMPER,-0.5619936838176807
BMPR1A,-0.3046771382127046
BMPR1B,-0.0938191994422414
BMPR2,-1.3791824840987457
BMS1,0.8331558082107304
BMT2,-0.10391235687513023
BNIP1,-0.3702434450507188
BNIP2,0.8682159366564428
BNIP3,-0.5192796578166686
BNIP3L,0.3550545251425017
BOD1,0.15750501965109862
BOD1L1,0.5194768959466292
BOLA1,-0.15499264810691002
BOLA2,0.4847615041800153
BOLA3,0.15819110006433162
BOP1,0.5585057636973874
BORCS5,-0.15150304118947353
BORCS6,-0.16495461606412742
BORCS7,-0.3265504049185694
BORCS8,0.17165904870650223
BPGM,0.21031595715746976
BPHL,-0.5226847615973782
BPI,1.0592294695558253
BPNT1,-0.33191801682511796
BPTF,0.3641821125859974
BRAF,-1.441880322899928
BRAP,0.33467107539139707
BRAT1,0.6250224530863948
BRCC3,-0.2698171340719821
BRD1,-0.06352874630900221
BRD2,0.8034350508269683
BRD3,-0.7643532240681092
BRD4,0.26618014311119964
BRD7,-0.052250712121396536
BRD8,0.042300294637239624
BRD9,-0.039143683243293384
BRF1,-0.4638328567845721
BRI3,0.6362679208322415
BRI3BP,0.3006497520882764
BRINP1,-1.4802737649203923
BRINP2,-0.6919496910047567
BRINP3,-0.7613255602006438
BRIX1,1.1410510746293934
BRK1,-0.59910768047526
BRMS1,1.197360989706659
BRMS1L,-0.09243325526118781
BROX,-0.2845426133291793
BRPF1,0.06141126419447692
BRPF3,0.04238652588354526
BRSK1,-1.534222889901717
BRSK2,-1.5115362149815348
BRWD1,-0.3546597780831252
BSCL2,-1.1116437014218485
BSDC1,-0.6949960647523492
BSG,-0.17117954623235504
BSN,-1.6619930132756715
BST1,0.3721024423710502
BST2,-0.0033288550469531978
BTAF1,0.28899417872162503
BTBD1,0.48658670580067986
BTBD10,-0.1410493805410971
BTBD11,0.3889068027459398
BTBD17,-1.1876044166583533
BTBD2,0.13340003301814835
BTBD8,-0.6775958538909201
BTBD9,0.35718088183589913
BTD,-0.017422203112006273
BTF3,0.5613364454561329
BTF3L4,0.5108772333208715
BTK,1.0861190081231449
BTN2A1,-0.6553007715111936
BTN3A1,-0.24456199808668144
BTN3A2,-0.5334050630199239
BTN3A3,-0.2493823232199912
BTRC,-0.554412384117133
BUB1B,0.5112782302917647
BUB1B-PAK6,-0.7437844191323986
BUB3,0.40511297653395784
BUD13,0.5483003451236077
BUD23,0.27962715735474125
BUD31,0.17333864964846668
BYSL,0.6858003376349789
BZW1,1.0632512765629425
BZW2,0.7923541244353409
C10orf105,-0.0752827243088906
C10orf88,0.1879085222967679
C11orf49,1.1257862809602552
C11orf54,-0.7368482622822679
C11orf58,0.10191186923568735
C11orf68,-0.6848863563165477
C11orf95,0.36813852306019174
C11orf96,-0.20565258396617822
C11orf98,0.4210052632551037
C12orf10,0.41931284060471447
C12orf29,-0.2401033745585516
C12orf4,-0.4783630398767792
C12orf43,0.463182621961981
C12orf45,-0.4298526284315917
C12orf57,-0.020568071115790867
C12orf65,-0.09495899674359386
C12orf66,-0.024228299818797733
C12orf73,-0.06001835741099104
C12orf75,-0.4774873840241155
C14orf119,0.684265592943052
C15orf40,-0.330166764432021
C15orf41,0.4975317547638534
C15orf48,1.0910760365141823
C15orf61,-0.4962152657796718
C16orf45,-1.5076939245753316
C16orf54,0.6872916049112451
C16orf58,-0.09138450985047769
C16orf70,-1.3508720100884815
C16orf72,0.2162590672846974
C16orf86,0.8623873756862718
C16orf87,0.3035533815188713
C16orf91,-0.6564772492526391
C17orf100,-0.9706439249101868
C17orf49,0.9272382260680658
C17orf75,-0.16692073452511202
C17orf80,-0.4551123976128114
C17orf97,0.3025220669746915
C18orf21,0.750268676912835
C18orf25,-0.5809351793224271
C18orf32,-0.7493965412571417
C19orf12,-0.49613842204111847
C19orf25,0.14758219216917473
C19orf33,0.545321670090761
C19orf38,1.080637132440265
C19orf47,0.29883871478932456
C19orf53,0.5506248638499833
C19orf54,0.277299399456712
C19orf66,0.39000070388619357
C19orf70,-0.48632457004605045
C1D,-0.15812068713872718
C1GALT1,0.692881028290695
C1GALT1C1,0.7723599408781257
C1orf109,0.5684658222314454
C1orf122,0.4500292498256703
C1orf123,0.37617697871205596
C1orf131,0.08078235403610318
C1orf159,0.6137952154545244
C1orf174,0.20656310272737574
C1orf198,-0.841839105066172
C1orf21,-0.7858199864998179
C1orf226,0.31590739423446745
C1orf35,0.2835582652934137
C1orf43,-0.7036245788483468
C1orf50,1.135157036575237
C1orf52,-0.4717140866469551
C1orf53,-0.40490093543256905
C1QA,0.6663638835403265
C1QB,0.7043034458007127
C1QBP,-0.19381440793343552
C1QC,0.8315472755598989
C1QL1,-0.3065847790881409
C1QL3,-1.4453314389907226
C1QTNF1,0.8341265167078471
C1QTNF3,0.26172127064629935
C1QTNF4,-1.3210453880445328
C1QTNF5,-0.1590560698021541
C1R,0.9807944965965517
C1RL,0.7588644805121059
C1S,0.8232287060305025
C2,0.4552327561670868
C20orf194,-0.6673364844263684
C20orf27,0.5597026706727715
C21orf2,0.023429236135957994
C21orf91,0.20137548901791258
C2CD2,-0.05534479849696729
C2CD2L,-1.475826394108541
C2CD4C,-1.558524797088062
C2CD5,-1.4072984226992924
C2orf49,-0.08964694231443739
C2orf68,0.041786873068923994
C2orf69,-1.2465089191284315
C2orf72,-0.3733683444105588
C2orf76,-0.020581727789333128
C2orf88,-0.8979194961319676
C3,0.5613883242344466
C3AR1,0.6040169860486087
C3orf14,0.40999931817135105
C3orf33,-1.0660649347231623
C3orf38,0.1925485759896492
C3orf58,0.45253005117370854
C3orf70,-0.11809158193180944
C4A,0.2254275146255098
C4B,0.38372415875505217
C4BPA,0.6761707511780899
C4BPB,0.7332266254282387
C4orf19,0.09641291965867957
C4orf3,-0.08595404045408946
C4orf33,0.8869478556833714
C4orf48,-0.519082840551789
C5,0.8109731191095938
C5AR1,0.9297899289589985
C5orf15,0.8192753351986598
C5orf22,0.4271459949679227
C5orf24,-0.5229356648934496
C5orf30,-0.49275435547672586
C5orf51,0.31662004186180087
C6,0.6557547786681821
C6orf106,0.7296800919833231
C6orf120,-0.31453448726546496
C6orf136,-1.2079885032569164
C6orf203,-0.9446844171968655
C6orf47,0.37495290241788537
C6orf89,0.04349596202396851
C7,0.5470341160819784
C7orf25,0.40630996175805983
C7orf26,0.5090171769044145
C7orf43,-0.19804823287989493
C7orf50,0.27900150287107917
C7orf57,0.4302008356872056
C8A,0.7674563563413814
C8B,0.7422608752586455
C8G,0.717767889370681
C8orf33,0.648172604985598
C8orf37,-0.052296986477078145
C8orf59,0.6834380669982983
C8orf76,0.7677581041612034
C8orf82,-0.49755253264526184
C8orf88,0.5761558604040871
C9,0.8617051447154129
C9orf16,-0.9293789134839343
C9orf40,-0.2345637827491438
C9orf64,0.6520579979089509
C9orf72,-0.6748608067106374
C9orf78,0.13684314104362594
C9orf85,0.5262836896609878
CA1,0.3685988019150679
CA10,-1.4434346748633038
CA11,-0.9164160469914151
CA12,1.2118525834908929
CA13,0.8874646559041653
CA14,-0.7600526597489344
CA2,0.5176866374651654
CA3,0.27085667301128735
CA4,-1.2903869488102855
CA5B,-0.38684939492352566
CA8,-0.3682217378634382
CA9,0.5603858631197496
CAAP1,-0.46666082000647746
CAB39,-0.5371366964923285
CAB39L,-1.352395246439261
CABIN1,0.20576415260305259
CABLES1,-1.522546841806455
CABLES2,-0.2811220470124697
CABP1,-1.3325094320423245
CACFD1,-0.3131818020702609
CACHD1,-1.1091655269524345
CACNA1A,-1.339231286596157
CACNA1B,-1.6271401215062644
CACNA1E,-1.5329139713692852
CACNA2D1,-1.237474521918986
CACNA2D2,-1.6318629504382745
CACNA2D3,-1.5362035535952585
CACNB1,-1.4991772301278865
CACNB2,-0.3815856212985671
CACNB3,-1.3100294786884006
CACNB4,-1.549864591377287
CACNG2,-1.555166995971766
CACNG3,-1.3165563393041955
CACNG4,-0.6982024891614448
CACNG7,-1.0369026170439677
CACNG8,-1.4938397197204392
CACTIN,0.6628407359564111
CACUL1,0.2580899519258627
CACYBP,-0.6680478063854577
CAD,0.9489102438585546
CADM1,-1.194959092100662
CADM2,-1.5910425617575268
CADM3,-1.5684363198276743
CADM4,-1.45186296554082
CADPS,-1.1482074480519315
CADPS2,-1.325690863765225
CALB1,-0.49405166500869435
CALB2,-0.9109731014924449
CALCOCO1,-1.3276677308143512
CALCOCO2,0.9792543384025372
CALCRL,0.050017344136319225
CALD1,1.0449476678918077
CALHM2,0.7265142762975974
CALHM5,0.5757946218257536
CALM2,-1.4185277161537178
CALML3,-0.48432344621239176
CALML5,0.3430215386718811
CALR,1.4029118774279137
CALU,1.341908516617928
CAMK1,0.3765018368337731
CAMK1D,-1.610144767492867
CAMK1G,-1.2855235481507523
CAMK2A,-1.5941342152754725
CAMK2B,-1.6020177801408069
CAMK2D,0.5185300744781188
CAMK2G,-1.4718603537250525
CAMK2N1,-0.497449884702143
CAMK2N2,-0.6258404207784365
CAMK4,-1.5432215848055357
CAMKK1,-1.638080338154662
CAMKK2,-1.304458482171307
CAMKMT,-0.3240385372370136
CAMKV,-1.5800117466438923
CAMLG,-0.3904961468736863
CAMP,0.9901330153437857
CAMSAP1,-1.0550787021818187
CAMSAP2,-1.2054342889704328
CAMSAP3,-1.6646934121261752
CAND1,-0.763330971658623
CAND2,-0.20602093587297426
CANT1,0.7929736493647955
CANX,0.7068667762235542
CAP1,1.279058322166805
CAP2,-1.2587031359760648
CAPG,1.1758633629209374
CAPN1,0.519000791222945
CAPN15,0.5430648121491338
CAPN2,0.6037454502395148
CAPN5,0.214696816287043
CAPN7,0.4098933262639647
CAPNS1,0.6648804736779736
CAPRIN1,0.7132031282422335
CAPRIN2,0.5411527731714723
CAPS,0.18216372363796463
CAPZA1,1.1778015664880805
CAPZA2,0.6462791214520154
CAPZB,1.1783479388141673
CARD11,0.8903041901356397
CARD16,1.0147088338441357
CARD19,0.39980710500980265
CARD6,1.1799770476272338
CARD8,0.8758611663270689
CARD9,1.318087638791705
CARHSP1,0.41036071818983244
CARM1,0.4814518631664637
CARMIL1,0.04700521016533951
CARMIL2,-1.6349214415749813
CARNMT1,1.0369851577787144
CARNS1,-0.8218384794316415
CARS,0.40710138790064954
CARS2,-0.019343373981714602
CARTPT,-0.9135513610939796
CASC3,0.4020382364390949
CASC4,0.4702426069122221
CASK,-0.9106176832737757
CASKIN1,-1.6440264813290337
CASKIN2,-0.25256848783677893
CASP1,1.1391793415096703
CASP10,0.8568217562134663
CASP14,1.036266403633291
CASP2,0.742307927229444
CASP3,0.3895362842103086
CASP4,1.3763072343985243
CASP6,0.3312230846416264
CASP7,1.3339810830018366
CASP8,1.5643317341892553
CASP9,0.18672458923634921
CAST,1.2424005926889077
CASTOR1,-0.05726117528305996
CASTOR2,-0.606917641812146
CAT,0.6105513147792878
CAV1,1.1929217794002815
CAV2,0.8735552641745192
CAVIN1,1.2128649795502067
CAVIN2,0.043262234995448096
CAVIN3,0.9139579721673765
CBARP,-0.9051658600891079
CBFA2T2,-0.5359632541641306
CBFB,0.9754946482045765
CBL,0.3874330048106716
CBLB,0.17151083606720385
CBLL1,0.44376778010805384
CBLN1,-1.3733007749714679
CBLN2,-0.8875167840640962
CBLN4,-1.0470122722920632
CBR1,-0.2223060897357989
CBR3,0.08174973251792636
CBR4,-0.36743909351291704
CBS,-1.0554417534575722
CBWD2,0.3899372530702151
CBWD3,0.7010548303933661
CBX1,-0.2535295297219108
CBX2,-0.635361159070286
CBX3,0.48379507012862344
CBX4,-0.542118073937268
CBX5,-0.23008792256106053
CBX6,0.11191187361271493
CBX7,-0.5339941088096831
CBX8,-0.595178188726442
CBY1,1.2862073924704014
CC2D1A,0.307568485628637
CC2D1B,0.8336933732935947
CC2D2A,0.11280523869672832
CCAR1,0.4816524403739047
CCAR2,0.19295066686712548
CCDC102A,1.169296128456988
CCDC102B,0.785994856211792
CCDC106,0.036646887677871304
CCDC115,-0.24225496178745848
CCDC117,0.44317127319098915
CCDC12,-0.4149833853143856
CCDC120,-1.017543269194835
CCDC124,-0.17522094921625514
CCDC126,0.4025151184601235
CCDC127,-0.8001584095883874
CCDC130,0.5485151400888626
CCDC134,0.8099748579407258
CCDC136,-1.4669703315991087
CCDC137,0.7973995977672964
CCDC149,-0.14551704474661664
CCDC167,-0.06959682823407645
CCDC174,0.27326778105622573
CCDC177,-1.4901468860633695
CCDC184,0.03953829162476559
CCDC186,0.568026994837738
CCDC22,0.9634114613345846
CCDC25,0.7599565615162556
CCDC28A,0.2639490521712481
CCDC28B,-0.1721591091783829
CCDC32,-0.4025313790362025
CCDC43,-0.7502503555571983
CCDC47,1.008767918619672
CCDC50,0.45830705967350144
CCDC51,-0.17237159679188635
CCDC58,0.03156073221484763
CCDC59,0.7336149254807376
CCDC6,-0.8502437971534829
CCDC61,0.7303736269697481
CCDC71L,0.9687319113004165
CCDC8,0.41868465440818936
CCDC80,0.8015207843576225
CCDC82,-0.09796963945447415
CCDC84,-0.7341578360611769
CCDC85A,-1.1715684325158007
CCDC85B,-1.1323574201483533
CCDC85C,-0.46739656686282605
CCDC86,0.7663866923136027
CCDC88A,-0.3798101864032405
CCDC88B,1.043360147089674
CCDC88C,0.05343802950933109
CCDC9,0.7768607262511551
CCDC90B,-0.20905783531597139
CCDC91,0.07795602623700419
CCDC92,-1.4107715419603473
CCDC92B,-1.1525339632826774
CCDC93,0.7547555054232264
CCDC97,-0.4971940928301666
CCDC9B,0.7898322880872493
CCER2,-0.923564533473441
CCK,-1.3262915835416562
CCL14,0.6616627826138155
CCL18,0.6989040134341533
CCL2,0.7877066728234057
CCL20,0.925479507960391
CCL5,0.8491827648546006
CCM2,0.3841752730558342
CCNA2,0.07338461635809429
CCNB1,0.4347607177880137
CCNB2,-0.30770198035683316
CCNC,0.8473185996172052
CCND1,0.6321408774637314
CCND2,-0.6197328774270529
CCNDBP1,1.0454324769538537
CCNH,1.2207606346441606
CCNK,0.6812298917393098
CCNL1,0.0505841357508299
CCNL2,-0.19085167194897806
CCNT1,1.1103728455679225
CCNT2,0.29456103144491796
CCNY,-0.9494820341591852
CCNYL1,-0.3744144846441727
CCP110,-0.0008042310862981482
CCPG1,1.1830592026477373
CCR1,0.5574359787465962
CCRL2,0.4245625463117799
CCS,0.19068570468876614
CCSAP,-1.5359820794488388
CCSER2,-0.4869489790975393
CCT2,0.20124068065729514
CCT3,0.1803881167056004
CCT4,0.21196787919160986
CCT5,-0.21351288286932973
CCT6A,0.01425711679076072
CCT6B,-0.5583333825909499
CCT7,0.07565986918577738
CCT8,0.27144339395925277
CCZ1,0.3003531219582871
CD109,0.8498408092224502
CD14,0.960888829522687
CD151,0.581709122652726
CD163,1.1054599780280943
CD164,-0.7131620168739741
CD177,0.678823086292376
CD180,0.8496970574337965
CD2,0.3748087010667762
CD200,-1.5783110839572907
CD200R1,-0.18546155394255898
CD248,0.4278656335338213
CD274,0.731055392706117
CD276,1.1408314013807703
CD2AP,1.1938694223450736
CD2BP2,0.6857915724300447
CD300A,1.0346555609676733
CD300LF,0.9964804791332249
CD320,0.0932637825551228
CD33,0.6977414582328609
CD34,0.9115134079130538
CD36,0.5453412571049613
CD37,1.0573432910175198
CD38,-1.0405694710060207
CD3E,1.328042540470026
CD3EAP,0.5894545730202325
CD4,1.0738050109361685
CD40,0.6719656638159912
CD44,0.6541673280217452
CD46,0.4255595497450919
CD47,-1.4838016824053597
CD48,0.8103856449852682
CD53,0.44356779665138335
CD55,-0.9273800317919414
CD58,0.33985086983418583
CD59,-0.8986234518181593
CD5L,0.4251213187214064
CD63,1.0115016139625528
CD68,0.6429640090882394
CD72,0.7162261407401069
CD74,0.2882898034832171
CD81,-1.0840373739936697
CD82,-0.929758516354084
CD84,0.6696943821917694
CD8A,0.6707371946027467
CD9,-0.7695965278323977
CD93,0.41727210954107696
CD99,0.34901058987169487
CD99L2,-1.3668396842960753
CDA,0.8034881899271022
CDADC1,-0.1078793230370817
CDAN1,0.47238067732246547
CDC123,0.3593159988200708
CDC16,0.4409960314652771
CDC20,-0.011624403953106911
CDC23,0.6086900547154366
CDC26,0.3251436815839518
CDC27,0.6700482597497062
CDC34,-0.41241628470664904
CDC37,0.32920018657736383
CDC37L1,-0.6399191366581858
CDC40,0.5596853986294099
CDC42,-0.09529909511385892
CDC42BPA,-0.07582336104516349
CDC42BPB,-1.093672553612464
CDC42EP1,-0.5359344699258718
CDC42EP2,-0.413651752401739
CDC42EP3,1.1614188099116505
CDC42EP4,-0.9058641807495768
CDC42EP5,0.7898533091157425
CDC42SE1,-0.010051948111840915
CDC42SE2,-0.6825101968763542
CDC5L,-0.0957971416204656
CDC73,0.10406453473912924
CDCA3,0.9926837046543594
CDCA5,0.01749439560197035
CDCA7,-0.6276106264055923
CDCA7L,-0.5721429590886038
CDCA8,0.10741726856434819
CDCP1,0.6008103953672018
CDH1,-0.5283509749947717
CDH10,-0.7710857085224971
CDH11,-0.0712744771778829
CDH13,-1.4826014350067456
CDH18,-0.7752307936034579
CDH2,-0.7914351004738152
CDH20,-1.1939232453024116
CDH4,-0.6597702558132128
CDH5,0.2376974321836131
CDH6,-0.605921952870766
CDH8,-1.1133729681506517
CDH9,-0.4283393631840659
CDIP1,-1.416083501746118
CDIPT,-0.20933446554711893
CDK1,0.17638184554876257
CDK10,0.35604100978490044
CDK11A,0.3172075666753397
CDK11B,0.666292019455071
CDK12,0.6897673656977917
CDK13,0.5509573804160781
CDK14,-1.1933229980882938
CDK16,-0.2913115888401904
CDK17,-0.35720247868760807
CDK18,-0.7586532886126083
CDK19,-0.35967843391188936
CDK2,0.6894633202767643
CDK20,0.30272839404002894
CDK2AP1,-0.3627461734238461
CDK3,0.7996610115865252
CDK4,-0.10575905622879556
CDK5,-0.9079746122438344
CDK5R1,-0.5915008127732518
CDK5R2,-0.8576652027440084
CDK5RAP1,0.18105210773227162
CDK5RAP2,0.7991947060876415
CDK5RAP3,0.7113255165393457
CDK6,0.0734563693671271
CDK7,0.7096927684291754
CDK8,-0.1424214141956166
CDK9,0.788423975724682
CDKAL1,0.8240516141461107
CDKL5,-1.3119063987629258
CDKN1A,0.9900896390937615
CDKN1B,-0.9010326606396778
CDKN1C,-1.0514061990532517
CDKN2A,0.20946744469666145
CDKN2AIP,0.4974635106124608
CDKN2AIPNL,0.4717317282733897
CDKN2B,-0.2118883641584931
CDKN2C,-0.29117484768072927
CDKN2D,-0.7994002848395301
CDKN3,0.6077520239231058
CDO1,0.7041791298053984
CDPF1,0.27350249714387687
CDR2,0.47045416019926245
CDR2L,-0.14389026200353994
CDS1,-0.5948304617581525
CDS2,-0.7301355859183056
CDV3,0.46111842076109155
CDYL,0.4787912055912992
CDYL2,0.22635870331052832
CEACAM8,0.830508756161846
CEBPA,0.7493259286088019
CEBPB,1.065380588381917
CEBPD,1.3255183967733806
CEBPG,0.545937321494697
CEBPZ,0.9541401656880671
CEBPZOS,-0.11119351615212236
CELF1,-0.025250382778800422
CELF2,-0.7727189441289042
CELF3,-1.0787914976543829
CELF4,-1.5770987151831688
CELF5,-1.126117595963432
CELF6,-0.8548908671515847
CELSR2,-0.7309205834009371
CEMIP2,1.1000592418760917
CEND1,-1.475623655134985
CENPB,-0.3202334163978251
CENPC,0.5315539147231596
CENPF,0.3211517190642378
CENPH,0.43189817618292314
CENPK,0.3795956995078946
CENPL,0.5763030884911183
CENPM,0.26012725504123924
CENPN,-0.6811020439367889
CENPS-CORT,0.3106093880787765
CENPU,0.15786250476558378
CENPV,-0.9541151616205741
CENPVL1,-0.5900424259232651
CEP104,0.42777721463496293
CEP112,0.9942296596320099
CEP120,0.6998488689976149
CEP128,0.7259567432215954
CEP131,0.8837792045423438
CEP135,0.6237456705890362
CEP164,0.6338664741293789
CEP170,-0.9076896042315166
CEP170B,-1.623149241413954
CEP192,0.5868162732852842
CEP250,0.0544277143590557
CEP290,0.9596646242942924
CEP350,1.0060908584436685
CEP41,-0.6580496576571231
CEP44,0.5233418128368557
CEP55,0.8042555451700986
CEP57,0.023898587019989495
CEP63,0.8587880432007993
CEP68,-0.9209874911199254
CEP76,0.4070356825786503
CEP78,-0.24994518047249215
CEP83,0.9913699775335995
CEP85,0.41203404448713943
CEP89,0.9076313314538919
CEP97,-0.7544622998163196
CEPT1,0.17778949449538992
CERCAM,1.2501651437164643
CERK,-0.8031875201648513
CERS1,-0.39518159934559105
CERS2,0.8823870893762938
CERS4,-0.863459395958539
CERS5,0.42505631067367855
CERS6,-0.3473292472303039
CES1,0.5319600306258072
CES2,0.8579207416183521
CETN2,-0.03533634698506271
CETN3,0.4961090441407744
CETP,0.5022881955492983
CFAP20,-0.25130425673765167
CFAP298,0.38462747577566786
CFAP36,-0.2467200816227318
CFAP52,0.5232010116894428
CFAP97,0.23068894569850765
CFB,0.5851339620370621
CFD,0.45273328210707176
CFDP1,-0.1503127920717499
CFH,0.7093011846040849
CFHR1,0.6776488186312429
CFHR2,0.7873992092519596
CFHR3,0.3927695124670898
CFHR4,0.9785363344064071
CFHR5,0.657724461604716
CFI,0.678401592911674
CFL1,0.24617479546985618
CFL2,-0.8313259466388525
CFLAR,1.0697449171734106
CFP,0.7122692625336483
CGAS,1.0049126981672838
CGGBP1,-0.37406287792491255
CGN,0.26442965809010954
CGNL1,0.060586790071534516
CGREF1,-0.6094438647278932
CGRRF1,0.2721718258838236
CHAC2,-0.09249522575892445
CHADL,-0.799985384887135
CHAF1A,-0.14186513381367072
CHAF1B,0.2383671900630088
CHAMP1,-0.5007852800779888
CHAT,0.13356031171733318
CHCHD1,-0.21556763339986817
CHCHD10,0.28610208094674
CHCHD2,0.32264959824916634
CHCHD3,-0.4580239094569946
CHCHD4,-0.7246608650618231
CHCHD5,0.16696835009201996
CHCHD6,-1.2517308650591261
CHCHD7,-0.062269131238986905
CHD1,0.8153514075850372
CHD1L,0.07221532802767491
CHD2,0.5298321649794768
CHD3,-0.22732235636471332
CHD4,0.08030178485938275
CHD5,-0.7415399717874194
CHD6,-0.04505882784640146
CHD7,-0.5171313160259604
CHD8,-0.28139383904912185
CHD9,0.5088042426881244
CHDH,-0.41786018377052603
CHEK1,0.07375088917934024
CHEK2,0.2805357790698851
CHERP,0.36675620254581065
CHFR,0.21984276501330002
CHGA,-1.6431699510775357
CHGB,-1.6546682694562387
CHI3L1,0.8644673528219633
CHI3L2,0.6191037641642053
CHIC1,0.06030168155423742
CHIC2,0.23731259760508824
CHID1,0.7429897673380785
CHIT1,0.9146558167375828
CHKA,-0.4132427579501313
CHKB,0.5880711176251219
CHL1,-0.42153852091321337
CHM,0.18311637323121255
CHML,-1.0415822304999174
CHMP1A,0.832112197730345
CHMP1B,0.42809600298221234
CHMP2A,0.31267509242079883
CHMP2B,0.19697032456964736
CHMP3,0.16474497373349123
CHMP4A,1.0748325774060177
CHMP4B,0.7369910837488127
CHMP5,0.002977235175441708
CHMP6,-0.4080124295548552
CHMP7,-0.40031717430973024
CHN1,-0.7783569284180201
CHN2,-0.8539951864192085
CHODL,0.14744594098704047
CHORDC1,0.08500546856230108
CHP1,-0.25541470758640533
CHPF,1.0281396839457972
CHPF2,1.3403449694304252
CHPT1,0.5941905007655062
CHRAC1,0.616759695221684
CHRD,-0.24034679470130565
CHRDL1,-0.14575966619378183
CHRDL2,0.26344624247844545
CHRM1,-1.3664734628113053
CHRM3,-1.023961934227094
CHRM4,-0.6245969483422197
CHST1,-0.9592973189882902
CHST10,-0.017672058731714978
CHST11,0.32118210197298835
CHST12,0.3874630273766001
CHST14,0.9296044564536377
CHST2,0.8519445825070182
CHST3,1.1850697644920347
CHST6,-0.03490473949499155
CHST7,0.6833865458948051
CHST9,-0.3768454008437928
CHSY1,1.0171573015789175
CHTF18,0.46227015772568425
CHTF8,0.810616804867899
CHTOP,0.5427267465127478
CHUK,-0.37727803715628466
CHURC1,0.2723416315725568
CIAO1,0.3905043414467312
CIAO2A,1.2311028116333402
CIAO2B,-0.05403491616501534
CIAO3,0.42402013517005566
CIAPIN1,-0.014882617929642006
CIB1,0.09816101275961397
CIC,0.11108121106385291
CINP,0.5944091532949229
CIP2A,0.6743366086502116
CIR1,0.8333392086179175
CIRBP,-0.5415034213981365
CISD1,-1.441964374932331
CISD2,-0.14494836807552072
CISD3,-0.4898235859689148
CIT,-1.5061928941101501
CITED1,-0.11946868154289803
CIZ1,-0.20455544894221803
CKAP2,0.1791756745975216
CKAP2L,-0.016181092452281103
CKAP4,1.3613028519274153
CKAP5,-0.40284273930390974
CKB,-1.138834898067912
CKM,-0.36393760191391383
CKMT1A,-1.6775624030233407
CKMT2,-0.5911558376224691
CKS1B,0.1675820292571241
CKS2,-0.009553850006184066
CLASP1,-0.4803722911690249
CLASP2,-1.428500289399286
CLASRP,0.2560648130093171
CLC,0.9327436804482245
CLCC1,0.2878744133989751
CLCN2,-0.37120960460520147
CLCN3,-0.5072500743294686
CLCN4,-1.0768641035344615
CLCN5,0.4070052505904938
CLCN6,-1.4176749742788783
CLCN7,0.5354832580485527
CLDN10,-1.0422549867620279
CLDN11,-1.0087846973450363
CLDN12,-0.6369239309271593
CLDN5,-0.5492661243954802
CLDND1,-0.8659248790931745
CLEC11A,0.3839537991971002
CLEC14A,0.09294903413570618
CLEC16A,-0.22132498838832285
CLEC18A,0.7806756712952658
CLEC2B,1.3806746705276707
CLEC2L,-1.5031119081171058
CLEC3B,0.5247715673225171
CLEC5A,1.0774122557634191
CLGN,-0.29987792815686465
CLIC1,1.4166054740022571
CLIC2,0.3747465317498416
CLIC3,1.0854007163181172
CLIC4,0.507492930047563
CLIC5,-0.26320452813395334
CLIC6,0.50143866029379
CLINT1,1.129533493040165
CLIP1,0.5041710001133205
CLIP2,-0.6640030433381086
CLIP3,-1.3812903441838758
CLIP4,-0.034340298138311395
CLK1,0.627882782949962
CLK2,0.40802860708345456
CLK3,0.6979004421100139
CLK4,0.5105451638178007
CLMN,-0.25052013572985987
CLMP,-0.28849378850745594
CLN5,0.4342356098314768
CLN6,0.7161374559136041
CLN8,-0.1698467174471131
CLNS1A,0.3258725134096955
CLOCK,0.7024335893078957
CLP1,0.4943955162453709
CLPB,0.46808417309008576
CLPP,0.6524612513643493
CLPTM1,-0.24884355405270125
CLPTM1L,0.8998241122385001
CLPX,0.6822138464084451
CLSPN,0.6213231932909311
CLSTN1,-1.0966466320138903
CLSTN2,-1.1572802858778475
CLSTN3,-1.151759166913021
CLTA,-0.2102789558803964
CLTB,-1.2595429206198814
CLTC,-1.0024537695564373
CLTCL1,-0.4081044527462353
CLU,0.865143876114443
CLUAP1,0.9723719973781687
CLUH,0.10307167848537109
CLVS1,-1.3660011786797406
CLVS2,-1.4003699382446029
CLYBL,0.04934233144112453
CMAS,-0.5717006978343234
CMBL,0.16642444140426912
CMC1,-0.3536210965615145
CMC2,-0.29240711210886383
CMC4,-0.3280690522343025
CMIP,-0.37065254662625985
CMKLR1,0.7599517976013066
CMPK1,-0.18418532176198463
CMPK2,-0.3232423952943792
CMSS1,0.40890283749449297
CMTM3,0.5179815393262716
CMTM4,-1.3768115169540769
CMTM5,-0.8239487617536421
CMTR1,0.16769850538411935
CMTR2,0.7641587456177411
CNBP,0.199114588144054
CNDP1,-0.6741406872453455
CNDP2,0.3265818523952434
CNEP1R1,0.06691425930051267
CNGA1,1.1987387230402886
CNIH3,0.46145328041563904
CNIH4,0.23583107786612723
CNKSR2,-1.5373512644431777
CNKSR3,0.22320022645931398
CNN1,0.3045844150211435
CNN2,1.3850635033861987
CNN3,0.5357039758215
CNNM1,-1.3477914850921437
CNNM2,-1.4353505491944007
CNNM3,-0.195217863214517
CNNM4,0.26503363895626997
CNOT1,0.8225681893960193
CNOT10,1.016678487437783
CNOT11,0.6939158998214465
CNOT2,0.6727858126717684
CNOT3,0.8947366686499323
CNOT4,-0.1606888636250266
CNOT6,0.5135706839653668
CNOT6L,0.49365975271553186
CNOT7,0.4724964830270464
CNOT8,0.6628217088102899
CNOT9,0.8573351260459183
CNP,-1.2122648095743962
CNPY2,0.812336311079668
CNPY3,0.9636432893529329
CNPY4,1.2275726672296305
CNR1,-1.3004222287177107
CNRIP1,-1.6119958785043424
CNST,-0.9765838471653543
CNTFR,-1.326699752872825
CNTLN,-0.33025583591513447
CNTN1,-1.617841797208657
CNTN2,-1.3199937142414406
CNTN3,-1.231938626311536
CNTN4,-0.023383476305490605
CNTN5,-1.2759079433467444
CNTN6,0.06673788308578477
CNTNAP1,-1.6345520277856902
CNTNAP2,-1.6924968287902544
CNTNAP3,0.7628852258614308
CNTNAP4,-1.2880840800105955
CNTNAP5,-1.188306183106851
CNTRL,0.8937486762131273
CNTROB,0.6964282240643218
COA1,-0.3202049603419291
COA3,-0.2541868636753105
COA4,-0.2655412090345518
COA5,-0.653191428830185
COA6,-0.8929212195059888
COA7,-0.8320500400562538
COASY,0.015664449266995638
COBL,-0.3621736876708014
COBLL1,0.5647698259740156
COG1,0.7371599951778147
COG2,0.7177429757441471
COG3,0.8386507439294939
COG4,0.8735208909351128
COG5,0.6064908275994904
COG6,0.8158218700003208
COG7,0.7047612561670157
COG8,1.002812132702963
COIL,0.32882472910450644
COL11A1,0.5600359725862207
COL12A1,1.1165123018579917
COL14A1,0.9446509180174383
COL15A1,0.9704722698788507
COL16A1,0.5848639984391575
COL18A1,0.6473997416964647
COL1A1,0.846655612557933
COL1A2,0.8381660701461473
COL20A1,-0.28075969543702106
COL22A1,1.069981703851607
COL28A1,-0.7254865750999406
COL3A1,0.905555609865849
COL4A1,0.12126929823590663
COL4A2,0.24367577543939628
COL4A3BP,1.318965094796439
COL5A1,1.22318420824728
COL5A2,0.9613946344192943
COL5A3,0.5169249975407575
COL6A1,0.6450727873315405
COL6A2,0.726105640845591
COL6A3,1.0660257062365663
COL7A1,0.6129318569382125
COL8A1,1.1015715083978992
COL9A2,-0.6526277832858307
COL9A3,-0.7487021621878502
COLEC10,0.8798407899096914
COLEC11,0.8807167499933632
COLEC12,0.5872237110220289
COLGALT1,1.4005139739842938
COLGALT2,0.9173934353658896
COMMD1,1.000503660256559
COMMD10,1.1272504526755482
COMMD2,0.6892432762088301
COMMD3,0.6061935713976152
COMMD3-BMI1,-0.615627542379116
COMMD4,0.5112291068377065
COMMD5,1.0366014110690278
COMMD6,0.368738843549421
COMMD7,0.8886676859269421
COMMD8,1.1186712660597142
COMMD9,0.3619574800160048
COMP,0.5725942472038209
COMT,0.26559813340940924
COMTD1,-0.812810678068349
COP1,0.7159810418632945
COPA,1.4943419055516014
COPB1,1.6757372228259895
COPB2,1.6217068960900671
COPE,1.622366301746926
COPG1,1.3837808699919831
COPG2,0.6013994039240185
COPRS,0.03759403588628453
COPS2,-0.0034018759547301426
COPS3,-0.20965644051390386
COPS4,0.32234618949583177
COPS5,0.45453718320025327
COPS6,0.2611184867641213
COPS7A,0.034031229205765734
COPS7B,0.5837707948532281
COPS8,0.3566319230194377
COPS9,-0.29400722278246394
COPZ1,0.9499948021760412
COPZ2,1.226181588196773
COQ10A,-0.982265256774935
COQ10B,-1.0629452445130614
COQ3,-1.3208972616772252
COQ5,-0.37454806647840644
COQ6,-1.0803862613288007
COQ7,-1.1104918134794757
COQ8A,-0.09265660954723615
COQ8B,0.22444870760099145
COQ9,-0.5102804880491297
CORO1A,0.8601900618109931
CORO1B,0.8837887568256995
CORO1C,0.7333217783883352
CORO2A,-0.7458215516914841
CORO2B,-0.1659762148987204
CORO6,-1.4393550166621996
CORO7,0.49438185480415264
CORO7-PAM16,-0.6768424420224193
COTL1,0.7638729027774767
COX11,-0.4460512832611157
COX14,0.5255672760939583
COX15,-0.6054960532817093
COX16,-0.29171122244952274
COX17,-0.2906556353157961
COX18,-0.19508231365640544
COX19,-0.3272504798973116
COX20,-0.22475504775482294
COX4I1,-1.345841598257751
COX4I2,-0.21891783124351133
COX5A,-1.0818289206130647
COX5B,-0.7806986972067202
COX6A1,-0.21432447598234944
COX6B1,-1.2874566725015506
COX6C,-1.076922634880106
COX7A1,-1.190509876802469
COX7A2,-1.1030723089654713
COX7A2L,-1.2627594407692415
COX7B,-1.0990358804244265
COX7C,-1.2994344645284117
COX8A,-0.6993719779999941
CP,0.8088179443154796
CPB2,0.800391207563913
CPD,0.6030169176120593
CPE,-1.3579526670208222
CPEB2,-0.49689959414290286
CPEB3,-1.5598601242314714
CPEB4,0.290986638836104
CPLX1,-1.6800067986667204
CPLX2,-1.641568249992051
CPLX3,-1.4528139127736734
CPM,0.1594872991647247
CPN1,0.41064584224533185
CPN2,0.44737817049774264
CPNE1,0.6592292007378865
CPNE2,-0.49828123108939804
CPNE3,1.0046799524002912
CPNE4,-0.34847435260294557
CPNE5,-1.6125157920303557
CPNE6,-1.478506897655162
CPNE7,-1.5193970561557069
CPNE8,-0.24555906589580706
CPNE9,-0.9662541104797784
CPOX,0.8337865995597225
CPPED1,0.12629101791957295
CPQ,0.6146692784426835
CPS1,-0.2041690907606119
CPSF1,0.7750828355716008
CPSF2,0.7694743640129347
CPSF3,0.47943801639889977
CPSF4,0.33221996357118766
CPSF6,0.10687594311136046
CPSF7,-0.4909464159382581
CPT1A,-0.07576932869479266
CPT1C,-0.9831147884759943
CPT2,-0.16490866121893658
CPTP,-0.7398297572984416
CPVL,0.5817276837317313
CPXM1,0.40576226572212426
CRABP1,-0.04025248574015912
CRABP2,0.23280316280414698
CRACR2A,1.4741202839721743
CRADD,0.5399414008231839
CRAT,-0.6568399916782531
CRB2,0.7720512175168031
CRBN,-1.207523482054991
CRCP,0.7110653802796157
CREB1,-0.3912345183763051
CREB5,-0.2475389598704673
CREBBP,-0.033677724095779724
CREG1,0.2853182024564831
CREG2,-0.6201799316677652
CRELD1,-0.024999734221139276
CRELD2,0.7373656009189027
CRH,-0.6516718673336037
CRHBP,-1.3627261050969117
CRIM1,0.2931061380650904
CRIP1,0.7387074302369795
CRIP2,-0.7719703100170434
CRIPT,-0.35428072567423285
CRISP3,0.8812917552043453
CRISPLD1,-0.013549931829093736
CRISPLD2,0.8602925225575938
CRK,-0.06940671618127303
CRKL,-0.649032702491423
CRLF3,1.0931269261890502
CRLS1,-0.5747906466150954
CRMP1,-1.4427602497465704
CRNKL1,0.16998967267711768
CROCC,-0.10481511368265342
CROT,0.9139722700826709
CRP,0.3806595937269127
CRTAC1,-1.3053636388518783
CRTAP,1.4472915147160195
CRTC1,-1.5556446583010228
CRTC2,0.37180594489751245
CRTC3,-0.2988329926500035
CRY1,0.5863531886856576
CRY2,-0.18561638869041197
CRYAB,-0.3780972764944902
CRYBB1,0.4232743067738233
CRYBG1,1.1414229374607496
CRYBG3,0.8040658942358295
CRYGS,0.6610599290906667
CRYL1,-0.5564987221090995
CRYM,-1.5545493342741858
CRYZ,0.02183775895692039
CRYZL1,-0.012259303859602593
CS,-1.1802568958364261
CSAD,0.03728131297472562
CSDC2,-1.2255519564193094
CSDE1,0.2139347435326383
CSE1L,-0.33008259911500487
CSF1,0.4581292156080494
CSF1R,0.2543236240204695
CSF2RA,0.7243781850288599
CSK,0.9840035530263764
CSMD2,-0.7717219091472933
CSNK1A1,0.3514287396871567
CSNK1D,-0.7961095645411564
CSNK1G1,-0.6085620935529662
CSNK1G2,-0.5982359874941254
CSNK1G3,-1.3378336078872266
CSNK2A1,-0.860545320132414
CSNK2A2,-0.8184971054656194
CSNK2B,-0.7012653611605758
CSPG4,-0.2613740137310711
CSPG5,-1.3560911255131094
CSPP1,0.6385058307587661
CSRP1,-0.22076864750592132
CSRP2,0.7187588811176191
CST3,-0.6392890484628452
CSTA,1.4159915319614
CSTB,0.5802181194481206
CSTF1,0.3653411819416059
CSTF2,0.30365905208281396
CSTF2T,-0.44113967158883266
CSTF3,0.40829442007059374
CTBP1,-1.2972505809456143
CTBP2,-0.697201738400741
CTBS,1.1009854481700714
CTCF,-0.007935866378812162
CTDNEP1,0.4375358515900153
CTDP1,0.7630424822469206
CTDSP1,0.5354718570301473
CTDSP2,0.41127289625648406
CTDSPL2,-0.0627574974323119
CTF1,0.4875142129099733
CTGF,0.2218340553881423
CTH,-0.4556210890334548
CTHRC1,0.7732857012493133
CTIF,-0.9072173337466584
CTNNA1,0.20836643507677696
CTNNA2,-0.7928078792872991
CTNNA3,-0.8166777568565899
CTNNAL1,0.47493924268182125
CTNNB1,-1.0026222518035648
CTNNBIP1,-0.2073153500548248
CTNNBL1,0.16424111947120223
CTNND1,0.5873454371927301
CTNND2,-1.2346839671501602
CTPS1,0.09189288240389208
CTPS2,-0.5479122313633048
CTR9,0.5737787673723111
CTSA,0.9282653801137783
CTSB,1.1097754485253783
CTSC,1.179755991361929
CTSD,-0.3013261536175395
CTSF,-0.43875276763762094
CTSG,1.0023772956081898
CTSH,0.6931274448448376
CTSK,1.0150363796498596
CTSL,1.1293249511655188
CTSO,0.6774491163003473
CTSS,1.2071330171641423
CTSZ,1.1494552946578074
CTTN,-0.16609820979679632
CTTNBP2,-1.1658673881721464
CTTNBP2NL,0.7337248679964532
CTU1,0.5114445713940686
CTU2,0.655751651156733
CTXN1,0.2640296938758997
CUEDC1,-0.6140446464780414
CUEDC2,-0.9094350604640644
CUL1,-0.5230973037101452
CUL2,-0.8945521843910144
CUL3,-0.9143979841194482
CUL4A,0.13200449461084166
CUL4B,-0.5201252808974254
CUL5,-0.5670648089686442
CUL7,0.8768738196997452
CUL9,0.16648514690004662
CUTA,-0.5416437169160728
CUTC,-0.44118526629937127
CUX1,0.656608544658105
CWC15,-0.07233976686709973
CWC22,0.5475689617285991
CWC25,0.29020907417928843
CWC27,0.00838536786235885
CWF19L1,0.45847029094270886
CWF19L2,0.14338234689931928
CX3CL1,-0.14548677216086392
CX3CR1,0.4775477569685851
CXADR,-0.9866383238598281
CXCL10,-0.17697375185024855
CXCL12,0.41285265384926206
CXCL13,0.4084448352206803
CXCL14,0.46375508342301636
CXCL16,-0.3538730999691493
CXCL5,0.7463564571318755
CXCL8,0.47173220062112864
CXCR4,0.41236246042949243
CXorf36,-0.29550685671076915
CXorf38,0.9251778424944221
CXorf56,0.22246890716119638
CXorf57,0.07244064545114598
CXXC1,-0.0002273635674975942
CXXC4,-0.2601758349612012
CXXC5,-0.6485506742971241
CYB561,0.12479953075059055
CYB5A,0.41319873291342335
CYB5B,0.31158492412092376
CYB5R1,0.29608939501471776
CYB5R2,-0.33217152849318765
CYB5R3,0.24552132314738634
CYB5R4,0.991615977660981
CYBA,1.0488513998680558
CYBB,1.007641452188544
CYBC1,0.8213263854526069
CYBRD1,-0.16108141727787287
CYC1,-1.2434527514667966
CYCS,-0.9074651760652087
CYFIP1,0.3949287773472119
CYFIP2,-1.569639027499257
CYGB,-0.21547938009824674
CYHR1,0.458035646765248
CYLD,-0.7231582634245565
CYP1B1,1.0317259409742088
CYP20A1,0.7477742332831272
CYP27A1,0.6228438513751107
CYP2J2,-0.20753204583048504
CYP2S1,0.9960416067380466
CYP2U1,0.2764068796691506
CYP46A1,-1.2043660268596068
CYP4F11,0.29775680144709515
CYP4F12,1.2563591267930887
CYP4F3,0.269301620265038
CYP4V2,0.9718095337126641
CYP4X1,-1.4919659844467899
CYP51A1,0.06084569716844353
CYP7B1,-0.11625450092371778
CYR61,0.9268828402523742
CYREN,0.22849811238170434
CYSTM1,0.7086683473475229
CYTH1,-0.9041157217684481
CYTH2,-1.0808290711743016
CYTH3,-1.6323084179938707
CYTH4,1.045508680502285
CYTL1,0.2310586624917217
D2HGDH,-0.17297180365579742
DAAM1,-1.3841554171074315
DAAM2,-1.2686638027436334
DAB1,-0.432347501798491
DAB2,1.3849524341525976
DAB2IP,-1.1161054034115345
DACT3,-1.0661910964965553
DAD1,1.1614459656441865
DAG1,-0.3360475288338671
DAGLA,-1.2103909046408137
DAGLB,0.25127492444252886
DALRD3,0.6611252006661668
DAP,0.9614821330662446
DAP3,0.06572653265157383
DAPK1,-0.421689369670169
DAPK2,0.3318142057447274
DAPK3,1.0370013690808029
DAPP1,0.8409549841554078
DARS,0.7814653519031284
DARS2,-0.3692839383080778
DAXX,0.3168462147993751
DAZAP1,0.6799568160711656
DAZAP2,-0.05469455404076047
DBH,0.3414797937526184
DBI,-0.2608180599973952
DBN1,-0.7218460381208684
DBNDD1,-0.4293629726471312
DBNDD2,-0.2558552734877598
DBNL,0.8412160821280112
DBR1,0.7109836584126105
DBT,-0.7652996219604755
DCAF1,0.25405141260942976
DCAF10,0.4137709463088354
DCAF11,0.09681182711860638
DCAF13,0.6307243848475015
DCAF15,-0.34101593908713884
DCAF16,0.16435055212891797
DCAF5,0.4205000687572028
DCAF6,0.3890807593730453
DCAF7,-0.7455441584762781
DCAF8,0.6084490189973994
DCAKD,-0.2165122350108814
DCBLD1,0.25212416065440757
DCBLD2,0.9976963948531458
DCC,-1.028916540060823
DCD,0.5821361923645372
DCDC2,1.376292977077059
DCHS1,-0.26155756508963457
DCK,0.8718674741451136
DCLK1,-0.8169885841807556
DCLK2,-0.5964623628709607
DCN,1.1163769025870722
DCP1A,0.484880149292715
DCP1B,0.6232514686871835
DCP2,-0.17393220254944664
DCPS,0.11008264934460377
DCTD,0.872132846974047
DCTN1,-1.1248713267683486
DCTN2,-0.9503344334587553
DCTN3,-1.0124826064695154
DCTN4,-1.1660056784632622
DCTN5,-0.9289352061922587
DCTN6,-0.9009373540549639
DCTPP1,0.6298181541664079
DCUN1D1,-0.132995961736057
DCUN1D2,-0.7902460909092592
DCUN1D3,-0.052367474464367125
DCUN1D4,-0.21032151865212387
DCUN1D5,0.3226887514254127
DCX,-0.7591995549272161
DCXR,-0.0844729214068641
DDA1,0.3063917920842887
DDAH1,-1.2917674642467403
DDAH2,-0.5610682818395983
DDB1,0.06395250015717915
DDB2,0.9430178832394367
DDHD1,-1.2589177937877263
DDHD2,-1.0782595465667506
DDI1,-0.03284219781363675
DDI2,0.1469974391846295
DDO,0.7340898633223095
DDOST,1.1360192921413717
DDR1,-0.9870820670053102
DDR2,0.612724274803341
DDRGK1,0.3278904844991255
DDT,-0.2873635316541052
DDX1,-0.34222137602531344
DDX10,0.6624734686743432
DDX17,-0.20741477977886635
DDX18,1.0280429226030698
DDX19A,-0.004739018975825759
DDX19B,0.6859524481034953
DDX20,0.6926078927913597
DDX21,0.9744728727580756
DDX23,0.6358365195683684
DDX24,0.8180550859187918
DDX25,0.15446045998912183
DDX27,0.7462328986824758
DDX28,-0.11229368147880506
DDX31,0.478505031971447
DDX39A,0.6150591634167379
DDX39B,0.08034444680856802
DDX3X,0.8643409051098818
DDX3Y,-0.20647809824352237
DDX41,1.0083427942328462
DDX42,0.5445184400953876
DDX46,0.7316574481713025
DDX47,0.945043171131384
DDX49,0.7636443635337482
DDX5,0.3121101024243247
DDX50,0.6909127101085744
DDX51,0.33375758885650997
DDX52,0.4339733003252205
DDX54,1.1520622554493596
DDX55,1.148863622953617
DDX56,0.6603889277739932
DDX58,-0.08180110712113037
DDX59,0.3247372966538229
DDX6,0.23308883960996346
DDX60,0.4982914636916612
DDX60L,0.31935981582313977
DECR1,0.13789103621033882
DECR2,0.5248926112228488
DEF6,1.2867366019912607
DEF8,-0.2517745098238397
DEFA1B,0.45020193667327657
DEFA3,0.5572409164257857
DEFA4,0.8090130577156485
DEGS1,0.09985080377951285
DEK,0.1411703899006866
DENND1A,-0.8269907324744572
DENND1B,0.7697201747054462
DENND1C,1.0888071201697518
DENND2A,0.3360239516439433
DENND3,0.9252772018772701
DENND4A,0.7515219591102325
DENND4B,-0.32377994945224087
DENND4C,0.442423340996841
DENND5A,-0.39758493291358865
DENND5B,-0.5925576685101144
DENND6A,0.914320477796163
DENR,0.3284963385707125
DEPDC5,-0.36207800294766296
DEPTOR,-0.2520248654222196
DERA,0.9197528068805694
DERL1,0.5642272280833868
DERL2,0.7680675371280046
DES,0.15192086331061505
DESI1,-0.4822835537287927
DESI2,0.0967396315024297
DET1,-0.08721515476357747
DFFA,-0.3769426486298427
DFFB,-0.15261014212313617
DGAT1,0.3670012162843787
DGCR2,-0.4800069294007694
DGCR8,-0.07084657391056101
DGKA,0.7704324522540721
DGKB,-1.5495209750491985
DGKD,-0.13604561482638206
DGKE,-1.3346976449303614
DGKG,-0.8296724198698469
DGKH,-0.7576326122340065
DGKI,-1.2059562612833892
DGKQ,-0.8618672675381162
DGKZ,-0.5451811419909864
DGLUCY,-0.6095097333184927
DGUOK,-0.33577077579585834
DHCR24,-0.07709377440223986
DHCR7,0.586237989450006
DHFR,0.3874232612571608
DHODH,0.23834829775742733
DHPS,0.3640328574154579
DHRS1,-0.08059025896200703
DHRS11,-0.45523822905555844
DHRS13,0.42968917186222055
DHRS3,0.8265953355740577
DHRS4,0.4338931257615687
DHRS7,0.15614363203480236
DHRS7B,0.3566069552879166
DHRSX,0.6606316347398695
DHTKD1,-0.8065730830053703
DHX15,0.865345858279452
DHX16,0.80986419059036
DHX29,0.8205551482578404
DHX30,-0.7071716360323994
DHX32,0.9842641542906121
DHX33,0.7734206781212515
DHX34,0.32137381834180145
DHX35,0.5297967193581349
DHX36,0.20029426907986436
DHX37,0.7990253240994913
DHX38,0.32997542360939053
DHX40,0.12775028026743274
DHX57,0.6405705270345163
DHX58,0.4495033431722546
DHX8,0.5059093482180533
DHX9,0.1220229645393669
DIABLO,-0.3159239174447933
DIAPH1,1.2942681797073177
DIAPH2,0.7949438055451732
DICER1,0.6786283244189993
DIDO1,0.4154835207111227
DIMT1,0.3357661386220686
DIP2A,-0.6765721711186233
DIP2B,-1.1824859925562152
DIP2C,-1.330038758523972
DIRAS1,-1.621162158375709
DIRAS2,-1.7426269565786385
DIS3,0.33127678403679206
DIS3L,0.10443398642522761
DIS3L2,-0.361818011648051
DISC1,0.14164830761998054
DISP2,-0.7416880114432272
DIXDC1,-0.6482411483859882
DKC1,0.7673903890124998
DKK1,1.0584785069259988
DKK3,-1.4378668709089268
DLAT,-1.2540253880590448
DLC1,0.21269182995198527
DLD,-0.690683387601706
DLG1,-0.8876999748420351
DLG2,-1.668596162860613
DLG3,-1.591020464536792
DLG4,-1.540106687342582
DLG5,-0.45849137254215366
DLGAP1,-1.604027614021875
DLGAP2,-1.4118994996077778
DLGAP3,-1.4564701814970218
DLGAP4,0.14241295527478637
DLGAP5,0.2996870936759768
DLL3,-0.7767874855213883
DLST,-1.0646037515747284
DMAC1,0.014647342015452086
DMAC2,0.14158122070673773
DMAP1,-0.02759786164221647
DMD,-0.5813727931791532
DMGDH,0.09159551686559209
DMRTA2,-0.3348958398738903
DMTF1,0.2790040665259282
DMTN,-1.0878706504511197
DMWD,-1.338264242248474
DMXL1,-0.2875303947646621
DMXL2,-1.6326998043045127
DNAAF2,0.1754398654402764
DNAAF5,0.8761622859149635
DNAJA1,-0.17517891863639817
DNAJA2,-0.15787217720008784
DNAJA3,-0.3526225779605584
DNAJA4,-1.245596036458664
DNAJB1,1.0775184631592092
DNAJB11,1.22969492856436
DNAJB12,-0.663879021892559
DNAJB14,-0.03771035312207771
DNAJB2,-1.5004922916370353
DNAJB4,-0.9845879713351493
DNAJB5,-0.3459668103150789
DNAJB6,-0.7802315450551794
DNAJB9,0.7606666870987797
DNAJC1,1.182264699043026
DNAJC10,1.150676411255434
DNAJC11,-1.1647460663626297
DNAJC12,-1.2911497404066723
DNAJC13,1.4119186300508546
DNAJC14,0.13949202506370073
DNAJC15,0.41972672366654884
DNAJC16,0.23513756694883228
DNAJC17,0.4763171010227105
DNAJC18,0.08686089434079056
DNAJC19,-0.7351209986172471
DNAJC2,0.6108257479529133
DNAJC21,1.1393583201436601
DNAJC24,0.26060408158326953
DNAJC25,1.0158432905525832
DNAJC25-GNG10,-0.2840696576818871
DNAJC3,1.226173885701356
DNAJC30,-0.6860644363305866
DNAJC5,-1.4610831302495944
DNAJC6,-1.666459204274127
DNAJC7,0.46411873662088227
DNAJC8,0.1905096042261031
DNAJC9,0.298490708107771
DNAL1,-0.5166879131826199
DNAL4,-1.0491383434253758
DNALI1,0.8624261734066381
DNASE1L1,0.40250892609831795
DNASE2,1.214334509419984
DNER,-0.9449530277479965
DNLZ,0.12360041095862825
DNM1,-1.675609624821146
DNM1L,-1.4908870810421195
DNM2,0.8465198173767119
DNM3,-1.6606109567338718
DNMBP,1.2559012202368667
DNMT1,0.001694045767526123
DNMT3A,-0.14276720043243857
DNPEP,0.2616209360868433
DNPH1,0.1649996584512018
DNTTIP1,0.6916883189286089
DNTTIP2,0.4480482008759221
DOC2A,-1.308778455121721
DOC2B,-1.188325813453884
DOCK1,-0.1347143338158033
DOCK10,0.5604226564989436
DOCK11,0.7535345629007363
DOCK2,1.0340420547102103
DOCK3,-1.241326952825648
DOCK4,0.21402713122770298
DOCK5,-0.027763494284696433
DOCK6,0.39914053534657945
DOCK7,0.7878313220945734
DOCK8,1.127752972003871
DOCK9,-1.1513600667788655
DOHH,0.7044778266069542
DOK1,1.212906802519125
DOK2,1.129255363070211
DOK3,1.3323311788877241
DOK5,-0.2764892230793684
DOLPP1,-0.5502921560581437
DOP1A,-0.8727125776798322
DOP1B,0.7587559455122415
DPAGT1,0.5350635947707214
DPCD,0.6716669338849421
DPEP1,-0.17603852409485277
DPF1,-0.9005263365810514
DPF2,0.177768540484546
DPF3,-0.07506229946972817
DPH1,0.5967406816521457
DPH2,0.3141338068096704
DPH3,-0.14481018322442188
DPH5,0.05663769639974951
DPH6,0.11990028424692022
DPH7,0.4868227069755649
DPM1,0.8537999086028407
DPM3,0.14740368727676434
DPP10,-1.6406576365869794
DPP3,0.5519420894435392
DPP4,1.210093776700663
DPP6,-1.561753502393619
DPP7,0.7818065697751426
DPP8,0.17034656626354566
DPP9,1.0458554925536556
DPT,1.0140696575637755
DPY19L1,0.29980722411217375
DPY19L3,0.19425476766341634
DPY19L4,0.5931170213654811
DPY30,0.2058515758514725
DPYD,1.3764644929836107
DPYS,0.21262404036074398
DPYSL2,-1.3639349485773384
DPYSL3,0.225618272362604
DPYSL4,-1.40796797535022
DPYSL5,-0.9459286033752575
DR1,0.446873036478328
DRAM2,0.44344701977637707
DRAP1,0.415466648954951
DRAXIN,0.04454382196052725
DRG1,0.799234884919962
DRG2,0.41222250434598057
DROSHA,0.35844261057458693
DSC2,0.34002254546393595
DSCC1,0.13116922581914187
DSG2,0.47690969143945816
DSN1,0.36152033685951335
DSP,0.14170496479033357
DST,-0.5792516624741002
DSTN,-0.7173685974944257
DSTYK,-0.6420486767874466
DTD1,-0.8478893555797009
DTD2,-0.134434021664305
DTL,-0.21038684646560707
DTNA,-0.5502809180752721
DTNB,-0.8493733852519014
DTNBP1,0.7290074013300942
DTWD1,0.32510786347847226
DTWD2,0.7268423332522715
DTX1,-0.38076752795651647
DTX3,-0.6022558983116187
DTX3L,0.8803838118470335
DTYMK,0.9716901728492097
DUS1L,0.5157340374572068
DUS2,0.3420252642966289
DUS3L,0.2387957651447058
DUS4L,0.40906415831771464
DUSP11,0.5072453612374533
DUSP12,1.1534910680089785
DUSP14,0.14949956683572205
DUSP19,-0.31263130910672066
DUSP22,-0.5020834909413445
DUSP23,0.7589225458483424
DUSP26,-1.426706802903294
DUSP3,0.1452201400373696
DUSP6,0.7460910166581172
DUSP7,0.06620206208749913
DUT,-0.33469573462292906
DVL1,-1.045111495052529
DVL2,0.5889799033475869
DVL3,0.18100543365763594
DXO,0.3806324460019056
DYM,0.8698250233334366
DYNC1H1,-0.9479113912306545
DYNC1I1,-1.6122099740319418
DYNC1I2,-0.05289137988472828
DYNC1LI1,-0.2830141849083313
DYNC1LI2,-0.9559402541850659
DYNC2H1,0.28408339190125853
DYNC2LI1,0.297758566788039
DYNLL1,-0.7064415864688743
DYNLL2,-1.430298603535873
DYNLRB1,-0.6409405758045984
DYNLT1,-0.8868167021822075
DYNLT3,0.2015194603683449
DYRK1A,-0.16666945997318305
DYRK1B,0.3744185716725271
DYSF,1.115448182551824
DZIP3,-0.3943700334089452
E2F3,0.39088572976322067
E2F4,0.8059196861547999
E2F5,-0.1708725494350517
E4F1,0.6137896562393046
EAF1,0.8318821800525785
EAPP,0.021459333653077898
EARS2,-0.32521705008065516
EBAG9,0.4079980967660599
EBF1,1.0462085238070284
EBNA1BP2,1.1762745600516142
EBP,0.4229728085259268
ECD,0.826221818029675
ECE1,1.0324531499651675
ECH1,-0.41119562164190515
ECHDC1,0.020554360993909664
ECHDC2,0.3234027644626414
ECHDC3,-0.12636298852903927
ECHS1,-1.1717371254968185
ECI1,-0.06814574668609892
ECI2,0.3945975444425948
ECM1,0.5193803191897453
ECM2,0.9924847835346475
ECPAS,0.7580487266792797
ECSCR,-0.4759353001035241
ECSIT,-0.6813669196965482
ECT2,-0.077970541789135
EDC3,0.2981291171534386
EDC4,-0.09958234191419463
EDEM3,1.274853980855852
EDF1,-0.46475607388226875
EDIL3,-0.8002981636488358
EDNRB,-0.9005349177652684
EEA1,0.8792050317489724
EED,0.5467789331245412
EEF1A1,0.9980390996838375
EEF1A2,-1.064858486663315
EEF1AKMT1,-0.01636407962508605
EEF1AKMT2,0.17290498969444684
EEF1AKMT4,0.9731282605708793
EEF1B2,1.0673075302587707
EEF1D,1.0864141669826322
EEF1E1,0.45979602312280254
EEF1G,0.9305707098751407
EEF2,1.2408297666387578
EEF2K,1.0610686765232173
EEFSEC,0.8476448992915581
EEPD1,-1.047893489149966
EFCAB14,-0.3094349490141728
EFCAB7,-0.07210925090558887
EFEMP1,0.8669228096182942
EFEMP2,0.8392946993513375
EFHC1,0.7605997382137255
EFHD1,-0.44145776133653236
EFHD2,-0.4550705561584024
EFL1,1.1226381490124009
EFNA1,-0.37264374871435313
EFNA5,-0.4655614431918149
EFNB1,-0.45013856083134385
EFNB2,-0.14083701780801253
EFNB3,-0.9563204492867294
EFR3A,-0.7423943012346386
EFR3B,-1.233515236843715
EFS,-0.2499797092004598
EFTUD2,0.7231167806614717
EGFL8,-0.28878675730394743
EGFLAM,0.8095606572532099
EGFR,-0.6017846920508976
EGLN1,-0.22521126698206095
EGR1,0.567862231313222
EGR2,0.9613549983956283
EGR3,0.9146770506183294
EHBP1,0.7116928148119372
EHBP1L1,1.4085649132725806
EHD1,0.5189090552598593
EHD2,0.8848377839632837
EHD3,-1.5566014087290418
EHD4,1.076095594709475
EHHADH,0.7851862227451702
EHMT1,-0.057340837260872676
EHMT2,-0.17112212906840107
EI24,-0.12318274188509562
EID2,0.3050883600485762
EIF1,0.197721633583727
EIF1AD,0.3769941118743791
EIF1AX,0.2599226040450463
EIF1AY,-0.39009142336105107
EIF1B,-1.307529793464325
EIF2A,0.8764533402702877
EIF2AK1,0.36553732973864683
EIF2AK2,-0.05877623478787092
EIF2AK3,0.9954457885351404
EIF2AK4,1.2257688801948228
EIF2B1,0.49635833039651095
EIF2B2,1.1233491687253416
EIF2B3,0.7294482171301523
EIF2B4,0.9987323206540961
EIF2B5,0.6479510668061397
EIF2D,1.2346853034364185
EIF2S1,1.1114500433954049
EIF2S2,0.834429232984017
EIF2S3,1.0573533147806276
EIF3A,0.9356511294952099
EIF3B,1.278137273423181
EIF3C,0.9574781108564019
EIF3D,0.9838755448108145
EIF3E,0.9456529468616475
EIF3F,1.3235112044273003
EIF3G,0.910899390633546
EIF3H,1.235185769778817
EIF3I,1.007789176009289
EIF3J,0.32602282964519047
EIF3K,1.0912925359027734
EIF3L,1.152780986093679
EIF3M,1.1546196910775959
EIF4A1,1.377691042840576
EIF4A2,-0.1571607950891395
EIF4A3,0.7640049264114306
EIF4B,0.15791602172695374
EIF4E,1.1393270159161157
EIF4E2,0.7636689098959821
EIF4E3,-0.18745126573425966
EIF4EBP1,1.0351879573986218
EIF4EBP2,-0.49142455323797185
EIF4EBP3,-0.14365659933117753
EIF4ENIF1,-0.33149724815268555
EIF4G1,1.2387644530231692
EIF4G2,0.3261904361600899
EIF4G3,0.11296396034153214
EIF4H,0.29401824758863176
EIF5,0.16945661243723883
EIF5A,0.8175055354545373
EIF5A2,-0.2203428075763849
EIF5B,1.0977435833855549
EIF6,0.8246914325265978
EIPR1,-1.0161563650934997
ELAC1,0.09070181713756875
ELAC2,0.2829197306811098
ELANE,0.9326042962816892
ELAVL1,0.10158828607269539
ELAVL2,-1.5387013124712676
ELAVL3,-1.2247330833684398
ELAVL4,-1.2295609638512457
ELF1,1.1208232488401744
ELF2,0.30761630874591106
ELFN1,-0.9994018118958409
ELFN2,-1.4298513512953255
ELK1,0.08288943757722536
ELL,1.098579154100832
ELMO1,0.1468356666260915
ELMO2,0.6545291858831339
ELMOD1,-0.6865690266991492
ELMOD2,0.8763724758282592
ELMOD3,0.6146808838258331
ELMSAN1,1.0516538859803832
ELN,-0.0003943180484232235
ELOA,0.19718545678761729
ELOB,0.3744448137588502
ELOC,0.04630623896073878
ELOF1,-0.3133171967833509
ELOVL1,0.41778518970138856
ELOVL2,-0.21029248019822216
ELOVL4,-0.6982009932718216
ELOVL5,0.8411959291553546
ELP1,0.7619043371831563
ELP2,0.5146178263308103
ELP3,0.9511376308050068
ELP4,-0.4367644798095992
ELP5,-0.0439654623046874
ELP6,-0.27259512333045044
EMB,1.2493769847821026
EMC1,0.7244145327674794
EMC10,0.5555221345695416
EMC2,0.8954692359312084
EMC3,0.06354504464007198
EMC4,0.21558837737368566
EMC6,0.19132756201962314
EMC7,0.701237054331575
EMC8,0.7616194915677033
EMC9,0.3372543466009499
EMCN,-0.6876217461826863
EMD,0.3165570067252613
EMG1,0.9921376558813852
EMID1,0.9487106393132914
EMILIN1,0.6038636585827948
EMILIN2,0.04505611852417794
EMILIN3,-0.9316755586071068
EML1,0.7873199321526096
EML2,0.6536333476797727
EML3,0.7400889914893978
EML4,1.1975108010960112
EML6,-0.6886961365752676
EMP3,0.11753291642719774
EMSY,-0.029601315715733864
ENAH,-0.16890433105692254
ENC1,-0.42464837169209146
ENDOD1,0.6860785590030264
ENDOG,-0.2414711437827402
ENDOV,0.23944747032104208
ENG,1.2450240879910774
ENGASE,0.09097877783483188
ENKD1,-0.25200782420675094
ENO1,0.16773792925187336
ENO2,-0.8656228366193507
ENO3,-0.43531105194498143
ENOPH1,-1.0440018961106479
ENOSF1,0.9683960347504869
ENPEP,0.7835340701119891
ENPP1,0.693789319417702
ENPP2,-0.382021408748025
ENPP4,0.2851824139684561
ENPP5,-0.08631141407161365
ENPP6,-0.8084585568587732
ENSA,-0.791278131774594
ENTPD1,0.6111158794104887
ENTPD2,-0.47721764752713514
ENTPD3,-1.0365641374294443
ENTPD5,0.4424924833273095
ENTPD6,0.049658226608544714
ENTR1,0.37766264683224304
ENY2,0.17395759319864515
EOGT,1.1548481779626791
EP300,0.266300429751131
EP400,-0.13895026612284242
EPB41,0.33756240531309223
EPB41L1,-1.3216201867945294
EPB41L2,-0.6677523675430865
EPB41L3,-1.4050861504559407
EPB41L4A,0.12667604673957017
EPB41L4B,-0.8425663801455696
EPB41L5,-0.6326411147234657
EPB42,0.3266761543157184
EPC1,0.06571194463491337
EPC2,0.04318935937500599
EPDR1,-0.6590288549465
EPG5,0.28076987374359513
EPHA2,0.30884810639159266
EPHA3,0.6502656199439043
EPHA4,-1.5379196367626666
EPHA5,-0.6844143577613213
EPHA7,-1.0319215083160311
EPHB1,-0.9555374470998912
EPHB2,-1.1476901059367917
EPHB3,-1.1533892453984933
EPHB4,0.47571444935210666
EPHB6,-1.6301772743211758
EPHX1,-0.36339152295355553
EPHX2,0.13050978171367067
EPHX4,-0.7957351260667017
EPM2A,-1.2023010674912498
EPM2AIP1,-0.4188459189835961
EPN1,-1.168997889984779
EPN2,-0.8495831373897063
EPN3,-0.5556299697435012
EPPK1,0.3877271920517362
EPRS,0.6113289232989016
EPS15,0.8134202037770666
EPS15L1,-1.1977952127290947
EPS8,0.9053506262992049
EPS8L2,0.5821117350517135
EPSTI1,-0.09896091090848019
ERAL1,0.11437095867585059
ERAP1,0.8280807662567415
ERAP2,0.44677829223740234
ERBB2,0.6091500178544454
ERBB3,-0.9033288875551033
ERBB4,-0.7220501068152259
ERBIN,-0.21370611767035214
ERC1,0.4176673942190932
ERC2,-1.6429009646838328
ERCC1,0.21461563437869546
ERCC2,0.6998219261496421
ERCC3,1.0703913855702998
ERCC4,0.5735046444704425
ERCC6,0.6306953405945652
ERCC8,0.0044591454150639115
ERF,0.22160554635457413
ERG,0.24967047834964926
ERG28,-0.22421155726368464
ERGIC1,0.9176631698238791
ERGIC2,1.033922941595756
ERGIC3,0.6369831120860979
ERH,0.5404958048115956
ERI1,0.9680669168809803
ERI3,-0.843875818394824
ERICH1,0.09536414162831733
ERICH3,0.45181059876582924
ERLEC1,0.2704554617438154
ERLIN1,0.22645799062535288
ERLIN2,0.9550010904552837
ERMAP,0.33360854787237487
ERMN,-1.0774804895534107
ERMP1,-0.6416963853649982
ERO1A,1.0975272700990786
ERO1B,0.9259581421677648
ERP29,1.4542929478950641
ERP44,1.2733786767349078
ERRFI1,0.5560975285795224
ESAM,0.025739395152490165
ESCO2,-0.5785017577869593
ESD,-0.4633638953027087
ESF1,0.5659806459503027
ESM1,0.41549287313863836
ESRRA,0.6370004722929103
ESS2,0.3958915595633681
ESYT1,0.5863177882389388
ESYT2,0.4332477683341447
ETF1,1.3811109665037837
ETFA,-0.24393526160075557
ETFB,0.10461819777525869
ETFDH,0.057495410678579426
ETFRF1,-0.05381630288893442
ETHE1,0.5726435353606778
ETNK1,-0.43714478388716127
ETNK2,0.3708606711719065
ETNPPL,-0.496272386243096
ETS1,0.6671606413393341
ETV1,-0.2526645278501979
ETV3,0.01060541716711287
ETV6,1.16347760646196
EVA1B,0.5347470553272768
EVA1C,0.42823219481686914
EVI2A,-0.8261166223817693
EVI2B,0.965221366126435
EVI5,0.29141817735341546
EVI5L,-0.9468647966714216
EVL,0.030384937233065033
EWSR1,-0.05214648908233331
EXD2,-0.2809803917494306
EXOC1,-0.22768729430378828
EXOC2,-0.7778073515532314
EXOC3,-0.5085861148769519
EXOC4,-0.42982970378337687
EXOC5,-0.6580435300121026
EXOC6,-0.5438428032977305
EXOC6B,-0.6397598075239577
EXOC7,-0.48823674013029944
EXOC8,-0.7104119039711483
EXOG,-1.0014288824522746
EXOSC1,0.5883259954968421
EXOSC10,0.6218207814533872
EXOSC2,-0.13281492558984956
EXOSC3,0.3430292861039734
EXOSC4,0.7584329354881825
EXOSC5,0.44314064921491003
EXOSC6,0.5224126592103004
EXOSC7,0.6332661571277418
EXOSC8,0.2420661937896052
EXOSC9,0.8360218336007396
EXT2,1.0905569827374268
EXTL2,-0.3104476245313313
EXTL3,0.03453203053504465
EYA3,0.9262085846867935
EYA4,0.4415517230188604
EZH1,0.4290441048308199
EZH2,0.3280193568008525
EZR,-0.2327086651860513
F10,0.9663659622942085
F11,0.5696452987914542
F11R,0.4865166345038202
F12,0.5943975356421631
F13A1,1.1964140938614602
F13B,0.6916015689101782
F2,0.9556805519616247
F2R,0.19960328239739186
F3,-0.3012711684403748
F5,0.8384466551636014
F7,0.8353970133400623
F8A2,-0.53806573870144
F9,0.8510263436011618
FA2H,-0.8776207679591781
FAAH,-1.3284803621578507
FAAP100,0.3050778258501021
FABP1,-0.45310527272083434
FABP3,-1.4162284829037666
FABP4,0.2441685063187437
FABP5,0.45052762207867436
FABP6,-1.4808259320493002
FABP7,0.12013251793475324
FADD,0.4659784191590531
FADS1,-0.18516807856075126
FADS2,-0.7691227293141771
FADS3,0.3887221309171972
FAF1,-0.37084760417270707
FAF2,0.5205860590611286
FAH,0.22257295242197297
FAHD1,-0.7524195582303845
FAHD2A,-0.38345202017587354
FAHD2B,-0.47695555835400805
FAIM,-0.14579871742554285
FAIM2,-1.6005193372125215
FAM102A,0.4245512290594628
FAM102B,-0.09151648585824082
FAM104A,0.5517060031447418
FAM107A,-0.977780564549569
FAM107B,-0.5254820270940375
FAM110B,-0.9475077338730473
FAM110C,0.8871811434454004
FAM111A,1.0570553472357855
FAM111B,0.12793818045197405
FAM114A1,1.2442701766987772
FAM114A2,0.8886894183705245
FAM117A,0.687579956573426
FAM117B,-0.6074567212685722
FAM118A,0.46063497956221433
FAM118B,-0.14480190375385704
FAM120A,1.0823584614094106
FAM120B,-0.225461165904083
FAM120C,-0.38596068522242705
FAM122A,0.5820307554658993
FAM122B,0.1260338560097681
FAM124A,-0.5577079669563146
FAM126A,0.48010491540342376
FAM126B,-1.5174701158786037
FAM129A,1.2106811410158778
FAM129B,1.3150144685827188
FAM131B,-1.47729468572892
FAM133B,-0.44182089033855343
FAM135A,0.4619440199007948
FAM136A,-0.45660556636473415
FAM13A,-0.19775415000333435
FAM13C,-0.9667295835504339
FAM151B,0.7890030471074271
FAM160A2,0.18620671210319303
FAM160B1,-0.4020392978418177
FAM160B2,-0.024264167543594853
FAM162A,-0.38071581982404096
FAM162B,-0.6683854361607388
FAM163B,-1.140528446607087
FAM167A,-0.32246304798543957
FAM168A,-0.05395226217943803
FAM168B,0.8538003046214945
FAM169A,-0.7865179952926027
FAM171A1,-1.3577488244187381
FAM171A2,-1.4078122962121786
FAM171B,-1.3856319527012442
FAM172A,1.0131778810505487
FAM174A,-0.42749476807425774
FAM177A1,-0.6249740959935567
FAM181B,0.18960952298390327
FAM184B,0.04503021271343424
FAM185A,-0.15039392861061213
FAM189A2,-0.7474951756485297
FAM192A,-0.40148678397740684
FAM193A,-0.025407267400298545
FAM193B,0.3672897453671937
FAM198B,0.15442364008701337
FAM19A1,-1.290676624245556
FAM19A2,-0.43768824545739904
FAM19A5,-1.4270732725122195
FAM204A,-0.15710847110540738
FAM206A,1.2805935620041229
FAM207A,0.22619744539702652
FAM208A,0.3710620860996971
FAM208B,-0.07728048707810774
FAM20B,0.4904602750217901
FAM20C,1.0897298524852808
FAM210A,-0.7785503882002476
FAM210B,-0.7195091791837398
FAM213A,-1.1446821297742726
FAM213B,-0.8579938075874325
FAM219A,-0.6244804230831622
FAM219B,0.8976219999081161
FAM221A,-0.6309158203024609
FAM229B,-0.08117664370612789
FAM234A,0.03523835612956726
FAM234B,-0.5183587757810301
FAM241A,0.8756999817279931
FAM241B,-1.1507764621117826
FAM32A,0.23659297436284177
FAM3A,0.4567761253433569
FAM3C,0.0186319725095856
FAM45A,0.2029266070898345
FAM49A,-1.0500953457473179
FAM49B,0.04198835078593341
FAM50A,0.5708233242113343
FAM50B,0.11747312591484607
FAM53B,-0.10160469368121769
FAM53C,0.49276239666360083
FAM57A,0.7081870904180834
FAM69A,-0.5829876426278418
FAM76A,0.21016405362454116
FAM76B,-0.2250719821458793
FAM81A,-1.1867705662944203
FAM84A,0.5500747784321488
FAM84B,-0.13824181103019423
FAM89A,0.08578799910056534
FAM89B,-0.4841839411004131
FAM8A1,-0.4767324735216616
FAM91A1,1.1404510312408163
FAM92A,0.08132491788862561
FAM98A,0.452410854270186
FAM98B,-0.14770727141924384
FAM98C,0.010980533388474344
FANCD2,0.032261810884265905
FANCI,0.13144493828243695
FAP,1.138663665110328
FAR1,0.530738291622527
FAR2,0.6981724314348579
FARP1,-0.9530869609774715
FARP2,-0.2854941784875818
FARS2,-0.14327722031916357
FARSA,-0.5527190395958037
FARSB,-0.6229623489625742
FAS,0.6466321465977037
FASN,0.2889414477423145
FASTKD1,-0.10831806919971271
FASTKD2,0.35227585245395
FASTKD5,-0.09722984318131347
FAT1,0.5331263431416631
FAT3,-0.669221753979311
FAU,0.94110337164241
FBL,0.5098729195091205
FBLIM1,1.2741502283766453
FBLL1,-0.41843254964126947
FBLN1,0.24557982874989082
FBLN2,0.3792074065495433
FBLN5,0.29219452245294797
FBLN7,-0.03312813164089319
FBN1,0.48783593167931005
FBN2,0.5622461538113219
FBP1,1.065659102528563
FBP2,1.1623575787073277
FBXL12,0.45621550051475035
FBXL15,-0.6822234729961437
FBXL16,-1.4320892284426012
FBXL17,-0.32386055422244286
FBXL18,-0.8904441699681629
FBXL19,0.3293162538890146
FBXL2,0.3138751281384683
FBXL20,-1.065754329001334
FBXL3,0.5790362951379326
FBXL4,-0.3166222110016069
FBXL7,-0.26059691219151915
FBXL8,0.06300359900167267
FBXO10,0.17030557763088838
FBXO11,-0.08257626400089177
FBXO17,-0.1253897918101437
FBXO2,-1.2648940334300436
FBXO21,-0.6447792058696853
FBXO22,1.0928806337078036
FBXO27,-0.08418188755959469
FBXO28,0.11349179411813268
FBXO3,-0.4990347303570557
FBXO30,-0.7431663524674417
FBXO31,-1.3942735265425603
FBXO36,0.12391643889161726
FBXO38,0.8221229603715878
FBXO4,0.6028624676421459
FBXO41,-1.506533881878768
FBXO42,0.0039557042976065505
FBXO44,-1.0620856595503456
FBXO45,-0.5697843417069267
FBXO6,0.19929515995688102
FBXO7,0.2677737031499573
FBXO9,0.8144317797178212
FBXW11,-0.5455757025624322
FBXW2,0.46110740862207045
FBXW5,0.357588265459161
FBXW8,0.9611471354200833
FBXW9,-0.16814005672950028
FCER1G,1.0663235515029696
FCF1,-0.13990641736434922
FCGBP,0.28457305654382103
FCGR1A,0.8038524673200036
FCGR2A,0.7170489515610954
FCGR2B,1.1955411341121485
FCGR3A,0.92057079030363
FCGRT,1.108251655430345
FCHO1,-0.11624733443800225
FCHO2,1.1455714412482891
FCHSD1,1.0688444259845982
FCHSD2,-0.1611733626709382
FCN1,1.0802258584326965
FCN2,0.8074688020958771
FCN3,0.4012226153983028
FDFT1,-0.29038393424850045
FDPS,-0.27804868528780147
FDX1,0.6042176206447032
FDX2,-0.7777798544848361
FDXR,0.17498067805676137
FECH,-0.6860292535672259
FEM1A,0.7207936562270952
FEM1B,0.3090681811424585
FEM1C,0.8941189759025368
FEN1,0.06318960796668695
FER,0.3309366249032172
FERMT1,-0.353930490508903
FERMT2,0.00935998868046482
FERMT3,1.1570391406002702
FES,1.2468570687822407
FETUB,0.529267669960172
FEZ1,-1.1704601360563025
FEZ2,0.7152286189617566
FGA,0.5325495096992688
FGB,0.5976889122537317
FGD1,-0.1124665602429355
FGD2,0.7371735302754943
FGD3,0.7478969002334792
FGD4,0.15723085557664043
FGD5,0.4175301621554982
FGF1,-0.4449797801347869
FGF12,-1.6568770974657183
FGF13,0.4594007409510749
FGF2,0.23147402783496873
FGFBP2,0.3354812132007958
FGFBP3,-0.8444655513849879
FGFR1,-0.21126935744052894
FGFR1OP,0.2505814877416046
FGFR1OP2,-0.16658955010309434
FGFR2,-0.8490858605594789
FGFR3,-0.826865323311455
FGFRL1,0.995197270447052
FGG,0.5348339143729088
FGGY,0.8872840995925503
FGL1,0.6662186665353657
FGL2,0.9967970447914107
FGR,1.0599842064259386
FH,-0.7123331480101924
FHIT,-0.8127217373629598
FHL1,-0.5816427385013814
FHL2,0.9523883696353501
FHL3,1.0313035141650975
FHL5,-0.24400332689727705
FHOD1,1.3770845798821116
FIBIN,0.3247050451519933
FIBP,-1.269445523557871
FICD,0.2588523670115302
FIG4,-0.06634681822604296
FIGNL1,-0.04388090391954812
FILIP1L,0.82290754423168
FIP1L1,0.17852134432266287
FIS1,-0.6184668266141207
FITM2,0.33274544328591615
FIZ1,-0.38294456834490875
FKBP10,1.2059586607339787
FKBP11,1.3667066050489578
FKBP14,0.7606061223195695
FKBP15,1.1385127254018412
FKBP1A,0.660565141828314
FKBP1B,-1.0139710514529015
FKBP2,0.5039529729794727
FKBP3,-0.16736539267955552
FKBP4,-0.3264345435667111
FKBP5,0.9673459483748554
FKBP7,0.8275568990667523
FKBP8,-1.3326775406094522
FKBP9,1.0446892454223085
FKBPL,0.5775059112316944
FKRP,-0.2634767048213487
FLAD1,-0.032727368227901475
FLCN,-0.22444711952513346
FLI1,0.5901048701634186
FLII,1.4692012877280152
FLNA,1.333252351767043
FLNB,1.072856323435175
FLNC,0.49325835536314666
FLOT1,-0.3536796657752479
FLOT2,-0.649324324004023
FLRT1,-0.8879605143555386
FLRT2,-0.07841778191939817
FLRT3,-0.07437142677427669
FLT1,0.6602819687484947
FLVCR1,0.18913341183811264
FLYWCH1,-0.3734627397355281
FLYWCH2,0.527163078365065
FMC1,-0.08073334590511104
FMN2,-0.6819353354811546
FMNL1,1.1376486137063848
FMNL2,-0.7726046859426939
FMNL3,0.6978001856523328
FMO4,0.9610933527931848
FMOD,0.7856757764740743
FMR1,0.04008000779747008
FN1,0.7997706593757894
FN3K,-1.1268289476555806
FN3KRP,-0.8434644503933787
FNBP1,0.4522355990610071
FNBP1L,-0.498965630334158
FNBP4,0.6423066952199894
FNDC3A,0.38136011948177095
FNDC3B,1.4747001762688103
FNIP1,0.33969187178315696
FNIP2,-0.37430921236279324
FNTA,0.9862284155241428
FNTB,-0.012184535245690875
FOCAD,0.13483988763942711
FOLH1,-0.7841994761798734
FOLR1,0.7851757595131943
FOLR2,0.33069414271567305
FOLR3,-0.18777418446742178
FOPNL,0.23122098611964648
FOS,1.0948614354610275
FOSL2,1.3573581636752081
FOXC1,-0.15563348840248742
FOXF1,-0.14727030163492294
FOXG1,-0.4951408826128358
FOXJ2,0.23523614681208005
FOXJ3,0.08112764333313582
FOXK1,0.47860800728759767
FOXK2,0.1169034867340547
FOXO1,0.1355445266239106
FOXO3,-0.18990038345724908
FOXO4,-0.8424046125509279
FOXP1,1.0271300924440954
FOXRED1,-0.29382028866793186
FOXRED2,-0.12241892493257861
FPGS,0.8500850135312251
FPGT,0.061570344997415115
FPR1,0.7736814814375623
FPR2,0.19730894769379517
FRA10AC1,-0.02133968606698998
FREM2,-0.04047917850921577
FRG1,0.2918327122837687
FRMD3,-0.0750355909533021
FRMD4A,-1.0946326543083857
FRMD4B,0.6321254708802215
FRMD5,-0.050541660935946545
FRMD6,0.44135583427437247
FRMD8,1.1814823667994565
FRMPD3,-0.9274000521122148
FRMPD4,-1.103683204637943
FRRS1L,-1.5121833722364662
FRS2,0.07826470540523645
FRS3,-0.45672792252817473
FRY,-1.2020713378728005
FRYL,0.9211816774793973
FRZB,0.13640281692848893
FSBP,-0.42080583262011456
FSCN1,-0.21348032910176612
FSD1,-1.3026139069136946
FSD1L,-1.5775572881849076
FSIP1,0.42702651986198864
FST,0.6223316199730441
FSTL1,0.8338075227217288
FTH1,0.08507941060911733
FTL,0.2248457558580335
FTO,-0.5001291574424964
FTSJ1,0.9764155594483348
FTSJ3,1.2090134784935627
FUBP1,0.22084225639091487
FUBP3,0.18825127406028874
FUCA1,0.9366845060458764
FUCA2,0.4473782833920104
FUK,0.31928274766834974
FUNDC1,-0.6544330836724643
FUNDC2,-0.5797317105394781
FUS,-0.06427449237381445
FUT11,0.6942522353082989
FUT8,0.2410828442801321
FUT9,-0.9666218775886495
FXN,-0.5109462527334461
FXR1,0.3554035643024426
FXR2,-0.24592225826997266
FXYD1,-0.9570290633289176
FXYD6,-1.0823973123624961
FXYD7,-1.1783797480352756
FYB1,1.0753640731071
FYCO1,1.398172660468552
FYN,-1.2965424977824986
FYTTD1,0.6623358915983193
FZD1,0.30282367951235045
FZD2,-0.3704263051207448
FZD3,-0.04132171329464726
FZD6,0.6491530438540218
FZD7,0.24767686388462057
FZR1,0.4804444277909451
G3BP1,1.2199550817889617
G3BP2,-0.31658466317530937
G6PC3,0.8908823210478485
G6PD,1.0514951944111757
GAA,0.7401708512623306
GAB1,-1.0987894752366691
GAB2,-0.6879613484061653
GABARAP,1.0641376034451557
GABARAPL1,-0.6274200477090617
GABARAPL2,-1.412057190820987
GABBR1,-1.7013500340166667
GABBR2,-1.646866088645219
GABPA,0.35004344254815034
GABPB1,0.17473173046803264
GABPB2,0.4780973661348775
GABRA1,-1.5447724455262284
GABRA2,-1.465672720229798
GABRA3,-1.4372072263703468
GABRA4,-1.088651654985065
GABRA5,-1.0466516310939757
GABRB1,-1.1098990367869312
GABRB2,-1.3027386696843615
GABRB3,-1.2999596450718518
GABRG2,-1.5774029575730006
GAD1,-1.5601221478774985
GAD2,-1.6222381348600994
GADD45GIP1,0.18440871008034299
GAK,0.4361524744336933
GAL3ST4,1.1482799866592492
GALC,-0.4526662179427805
GALE,0.5451380942614787
GALK1,1.1133270599975233
GALK2,0.9571899279510933
GALM,0.9801030425312811
GALNS,0.8535853668627498
GALNT1,1.0348905135462116
GALNT10,0.79633542763523
GALNT11,0.5919932945044362
GALNT13,-0.15075234204369994
GALNT14,0.20893799609406805
GALNT15,0.02291365683628005
GALNT16,-0.35519529126265065
GALNT17,-0.22711750881331907
GALNT18,0.8274380980274519
GALNT2,1.3997801907585994
GALNT4,1.2995904607781767
GALNT5,1.3186749539101812
GALNT7,1.0517994326442466
GALT,0.2997812142128038
GAMT,0.08907714893279534
GAN,-0.9781898257311032
GANAB,1.4704481962688747
GANC,0.2960770713266565
GAP43,-0.4194914340595951
GAPDH,0.29881025080408175
GAPDHS,0.34903765337208903
GAPVD1,-0.23462273378671794
GAR1,0.40816786796186544
GAREM1,-0.045848724065504255
GAREM2,0.10359076561506969
GARNL3,-1.146679580000976
GARS,0.22814890246853953
GART,0.24440517051272903
GAS1,-0.4260776175506432
GAS2,0.6055814952072177
GAS2L1,-0.0680502181342637
GAS2L3,0.33926849601109166
GAS6,0.7382102163327156
GAS7,-0.29511096550367516
GAS8,0.8514571285623329
GATAD1,0.5167153054709284
GATAD2A,0.7817558864850335
GATAD2B,-0.7568560564356022
GATB,-0.4300413271433001
GATC,-0.3979680355155528
GATD1,-0.6657789414567439
GATD3A,-0.6340290915832193
GATM,0.6527604001193199
GBA,0.9946724305587793
GBA2,-0.944752611864932
GBE1,1.2806788623821361
GBF1,0.9086089258335417
GBP1,0.3729528369629401
GBP2,0.8127016042540203
GBP3,0.8535335039468944
GBP4,0.41479727112506637
GBP5,1.0033684951484154
GBP7,-0.03647671563943905
GC,0.559693547653568
GCA,0.8329698454707264
GCAT,-0.6610265041455726
GCC1,1.0343921171061121
GCC2,1.1459469221095215
GCDH,-0.4881879078881676
GCFC2,0.4248309583454408
GCHFR,-0.08844718520997297
GCLC,-0.45666532514983493
GCLM,0.7832492019541355
GCN1,0.9270805024792557
GCOM1,0.984536992530815
GCSH,-0.6216701255274881
GDA,-1.5194965291483924
GDAP1,-1.614143827224766
GDAP1L1,-1.5628305010061625
GDAP2,0.3093666770477451
GDE1,-0.024372169239425548
GDF15,0.6794827049090996
GDI1,-1.4723125862870683
GDI2,-0.16362086331616577
GDPD1,-1.3712817021749957
GDPD2,0.1566171491490161
GDPGP1,0.06784631457778964
GEM,0.8324895112522435
GEMIN2,0.48482263903805084
GEMIN4,0.5262773466211002
GEMIN5,0.6738410300676521
GEMIN6,0.8978325764281381
GEMIN7,0.5750992617195546
GEMIN8,0.5285201109093804
GET4,-0.11813484830776963
GFAP,-0.2766363062775923
GFER,-0.30551152608576465
GFM1,0.061312880720937366
GFM2,0.04589209364904728
GFOD1,-1.3241235776565141
GFOD2,0.005274471854914328
GFPT1,0.4921189317431536
GFPT2,1.3658042327982045
GFRA1,-0.8695449158824071
GFRA2,-1.4263977552083493
GGA1,-0.3574578478084427
GGA2,0.8154678643999329
GGA3,-0.9930655584584022
GGACT,0.15929573319376839
GGCT,0.10573639640958556
GGCX,0.998169180852017
GGH,0.26519443386103175
GGNBP2,-0.13518675636214567
GGPS1,-0.011000513110417765
GGT1,0.06521139402922091
GGT5,0.3363618327341674
GGT7,-1.244086843535253
GHDC,0.5330194500609586
GHITM,-0.8179557206559516
GID4,0.25111130873886817
GID8,0.4150312047533784
GIGYF1,0.519702794844296
GIGYF2,0.36059248415835343
GIMAP1,0.5896002347684876
GIMAP1-GIMAP5,1.0115523265812427
GIMAP2,0.9540709517016701
GIMAP4,0.8755146067618047
GIMAP6,1.2255135634230192
GIMAP7,0.8548925429188554
GIMAP8,1.0082996989440254
GINS1,0.21406459107426842
GINS2,0.1816813637631953
GINS3,0.3263008509716958
GINS4,0.3711856710026772
GIPC1,0.3627423860122989
GIPC2,0.07697891332529867
GIPC3,0.4678321680515418
GIT1,-1.3669639159532543
GIT2,0.9012739456017411
GJA1,-0.9201182741740709
GJB1,-0.7006962754290922
GJB6,-0.8440978833153572
GJC2,-0.9863830668343465
GK,-0.536205508448484
GK2,-0.392695546986466
GKAP1,-0.809460242280555
GLA,1.2034180713432912
GLB1,1.2102240734202883
GLCCI1,-0.8359403172477169
GLCE,0.6329017230724642
GLDC,-0.14720169975968606
GLDN,-0.09982974938687142
GLE1,0.5460024744000987
GLG1,0.19046605872191014
GLI1,0.43007456699868185
GLIPR1,0.7966669059698936
GLIPR2,-0.462201818350405
GLIS3,0.23907013470436927
GLMN,-0.16650634249025337
GLMP,0.9096410063952198
GLO1,-0.9664360736888798
GLOD4,-0.30930880282464823
GLRX,0.44055267857461533
GLRX2,-0.5740687934913558
GLRX3,0.4403634781856621
GLRX5,-0.7255269479513418
GLS,-1.6320950201704667
GLS2,-1.4916678910769359
GLT8D1,0.718333104067727
GLTP,-0.6297999089623094
GLUD1,-0.9963909021192434
GLUD2,-0.19078557706004245
GLUL,-0.41108332444004214
GLYR1,-0.14967857569148138
GM2A,-0.03423270947309764
GMDS,0.03344621176933511
GMEB1,0.3150883958428581
GMEB2,0.2329291256717793
GMFB,-1.0621071251548206
GMFG,1.262629797932742
GMIP,1.2160470912729782
GMNN,0.07980233607942214
GMPPA,1.3365788498915903
GMPPB,1.1706645088860625
GMPR,-0.3114789757261317
GMPR2,-0.29807503903792265
GMPS,0.5026063493656365
GNA11,-0.5916976564263545
GNA12,-0.6119965328368686
GNA13,-0.528392992074837
GNA14,-0.13801154447778818
GNA15,0.08447046501401083
GNAI1,-1.686539763305353
GNAI2,0.4192544170800093
GNAI3,-0.06281591096346158
GNAL,-0.7630966024821264
GNAO1,-1.7541736686620042
GNAQ,-1.4094800355276678
GNAS,-0.642024379699381
GNAZ,-1.6946062323286775
GNB1,-1.5190128773059062
GNB1L,-0.4110384428458692
GNB2,-0.6736287298444471
GNB3,-1.0720118362167974
GNB4,-0.2134040210847959
GNB5,-1.5193290805995439
GNE,0.6651848964586717
GNG11,-0.4548691597061688
GNG12,0.46113341966963545
GNG13,-1.36958501564872
GNG2,-1.6108645036487563
GNG3,-1.319252541891185
GNG4,-1.5547494474050383
GNG5,0.10219273412261168
GNG7,-0.7529234876078803
GNG8,-1.1060918684676269
GNGT2,0.7657183076087366
GNL1,-1.3807253310936798
GNL2,1.1426311369137674
GNL3,0.8815948220352922
GNL3L,0.999123904488312
GNLY,0.07235548911905787
GNPAT,0.21135947422201085
GNPDA1,0.6643307482818704
GNPDA2,-0.1226098292451711
GNPNAT1,0.6266073591306212
GNPTAB,0.5945944742682017
GNPTG,0.4583697012563144
GNS,1.1023984007383172
GOLGA1,1.0856019240033195
GOLGA2,1.257751525988279
GOLGA3,0.9286346834500634
GOLGA4,1.142034958246176
GOLGA5,0.7430297003566901
GOLGA7,-0.5362844659214279
GOLGA7B,-1.3930692709271604
GOLGB1,1.1203671540909355
GOLIM4,0.567892917551359
GOLM1,-0.11421771543790021
GOLPH3,0.9992748862104703
GOLPH3L,0.8186588065366955
GOLT1B,0.7510869250408304
GON4L,0.5835643913019428
GON7,0.5613474030132433
GOPC,-0.17156355732538103
GORAB,0.6045659100148664
GORASP1,0.9320474500004543
GORASP2,-0.0014049970031142578
GOSR1,0.5633333545924413
GOSR2,0.4153782612311797
GOT1,-1.5688398611054508
GOT2,-1.3055878446785851
GP1BA,0.3644547287314335
GP1BB,0.30241320277152844
GP5,0.4396724331984336
GP6,0.489319993207572
GP9,0.3628939539632493
GPAA1,0.5027383572367401
GPALPP1,-0.04670813811436766
GPAM,0.4258923975095221
GPANK1,-0.1650372550986423
GPAT3,-0.6416741657290491
GPAT4,-0.2644264031744383
GPATCH1,0.5886054279137372
GPATCH11,-0.053702446100076115
GPATCH2,0.04563273314249296
GPATCH2L,-0.037191132827022466
GPATCH4,0.8931645018780818
GPATCH8,0.37483941183924685
GPBP1,0.6230531785412383
GPC1,0.2268233583150599
GPC2,-0.323435260494773
GPC4,0.3645579653081739
GPC5,-1.122534543641729
GPC6,0.41860172086146874
GPCPD1,-0.05318294605228832
GPD1,-0.7142627331394769
GPD1L,-1.0233896632662198
GPD2,-0.7080825709625695
GPHN,-1.3434018174292812
GPI,-0.5762402656629741
GPKOW,0.4031583599641375
GPLD1,0.6965183164593196
GPM6A,-1.4951682782685456
GPM6B,-1.4127010998371192
GPN1,0.6482670977954657
GPN2,0.2142418964845445
GPN3,-0.11968848070226504
GPNMB,0.544041715211594
GPR107,0.7631165180501596
GPR108,1.3827857439385367
GPR155,0.13935866536121394
GPR158,-1.604994578164865
GPR17,-0.850293836017474
GPR180,-0.014878631310830434
GPR37,-0.06878863774181496
GPR37L1,-0.8095923972112018
GPR39,1.4329731767720273
GPR84,0.886572075817605
GPR89A,0.18266223825825378
GPRASP1,-0.46664897051887577
GPRASP2,-0.9056832696889708
GPRC5B,-1.2759590020311111
GPRC5C,-0.7959523678584788
GPRIN1,-1.6362899876568786
GPRIN3,0.47097094553051966
GPS1,0.052959745150142866
GPS2,0.5029351285973274
GPSM1,-1.2607725267607353
GPSM2,-1.0620734532527054
GPSM3,1.1246160664970077
GPT,-0.5530170832549728
GPT2,-0.16038255012770858
GPX1,1.1022628034182134
GPX3,0.8021561781657718
GPX4,-0.812506314181513
GPX7,0.9631634908651023
GPX8,1.0861838216037536
GRAMD1A,0.5311985287584422
GRAMD1B,-0.626512670475132
GRAMD1C,0.485836848225719
GRAMD2B,-0.1406424482504504
GRAMD4,0.02374508294678314
GRAP,0.5853423872668655
GRAP2,1.571251464141374
GRASP,-1.0599404784277244
GRB10,0.5830628431257219
GRB2,0.442267987335611
GREM1,-0.4393632305765577
GRHPR,-0.5660441775205506
GRIA1,-0.9789666333621656
GRIA2,-1.5320483133838265
GRIA3,-1.6044206686418638
GRIA4,-0.9803991199655517
GRID1,-1.0311454499118002
GRID2,-0.38557980591586816
GRIK2,-0.9142811555319705
GRIK3,-0.5306723415676478
GRIK5,-0.6277259550108408
GRIN1,-1.6174589944825382
GRIN2A,-1.3813052953866198
GRIN2B,-1.5475448611890386
GRIP1,-0.8375074671015548
GRIPAP1,-0.9213504367061627
GRK2,-0.6221274401606487
GRK3,-0.7621825948319522
GRK5,-0.5971805387395823
GRK6,-0.20459216107173872
GRM1,-1.5254391944962538
GRM2,-1.627111767019549
GRM3,-1.5512436540966337
GRM5,-1.3090873971110204
GRM7,-1.3854982895444405
GRN,0.3990723170445525
GRPEL1,0.16318907665025828
GRPEL2,0.24197821297806676
GRSF1,0.18528946862976176
GRTP1,-0.14079557900727507
GRWD1,0.9966957556928524
GSDMD,0.8671477898255823
GSDME,0.7049376014925981
GSE1,0.4188411362427344
GSG1L,-1.1032600986871368
GSK3A,-1.3614914687394144
GSK3B,-1.1170288416862304
GSKIP,-0.17270231453927398
GSN,0.6106372719606896
GSPT1,0.8940612823800009
GSPT2,0.6041769419910554
GSR,0.35438298571816906
GSS,0.8630629167154544
GSTA1,1.0795940652915732
GSTA4,-1.1249314041201166
GSTCD,0.016246184009667864
GSTK1,1.187666991399119
GSTM1,-0.12229885870835147
GSTM2,-0.6432417978383225
GSTM3,-0.6000829829518679
GSTM4,-0.24566121402066857
GSTM5,-0.8620285448508497
GSTO1,0.10388487681647957
GSTO2,0.44011773532099363
GSTP1,0.2616609970104487
GSTT1,0.37274101470652304
GSTT2B,-0.1558843150993079
GSTZ1,-0.32323368429851185
GSX1,-0.6472079476410683
GTDC1,-0.7029765627051254
GTF2A1,0.42434185080105974
GTF2A2,0.05234151650314991
GTF2B,0.4254798167261229
GTF2E1,1.1130123556887486
GTF2E2,1.2202888454794008
GTF2F1,0.036590259692152585
GTF2F2,0.059326763898705226
GTF2H1,0.8479212023232481
GTF2H2,0.9278032290388505
GTF2H3,0.6217519132942175
GTF2H4,0.9263675169122343
GTF2H5,0.6003871938099375
GTF2I,-0.33576652353414405
GTF2IRD2,0.34851144140474827
GTF3A,0.3583167358850722
GTF3C1,0.19972532849250738
GTF3C2,0.1698299087372675
GTF3C3,0.20637891743740616
GTF3C4,-0.061069492106519296
GTF3C5,0.1776195196897395
GTF3C6,0.49642370309536665
GTPBP1,-0.7585516272186729
GTPBP10,0.025892727520747467
GTPBP2,0.398402993828638
GTPBP3,0.4529029456382829
GTPBP4,1.0349641902199136
GTPBP6,0.15005454185188186
GTPBP8,0.05670227745416927
GTSE1,-0.06255902195865001
GUCD1,0.08178356559765224
GUCY1A1,-0.438698265206111
GUCY1A2,-0.9753387903709212
GUCY1B1,-0.9221920171182448
GUF1,-0.26248472361844594
GUK1,-1.0660239344276081
GULP1,0.29150789587545023
GUSB,1.0454670471179335
GXYLT1,0.8576552691032919
GYG1,0.19321650830151393
GYG2,-0.36462485577216475
GYPA,0.33320379511398934
GYPC,0.5651860078070354
GYS1,0.912209368240126
GYS2,0.8015267901336536
GZF1,-0.5174659110700073
GZMA,0.3866781552142602
H1F0,0.4035928916085513
H1FX,0.6905287429240106
H2AFV,0.6434729765898094
H2AFX,-0.5028894414454573
H2AFY,1.0052123308652237
H2AFY2,0.03341232016132614
H3F3A,0.3981605469438871
H6PD,1.1738558603814715
HAAO,0.6547943223632273
HABP2,0.9242295932136753
HABP4,-0.8533404504391382
HACD2,0.0649717958372702
HACD3,-0.07501691525344875
HACE1,-1.1083765600616597
HACL1,0.7478570806804049
HADH,-0.6944337312227873
HADHA,-0.1405218522795251
HADHB,0.09782548777174699
HAGH,-1.1493639833212934
HAGHL,-0.5799007074362776
HAMP,0.5246152767916343
HAPLN1,-1.312796330451841
HAPLN2,-1.1753458569997268
HAPLN3,-0.8307455171064025
HAPLN4,-1.1598525508118716
HARS,1.056878142431514
HARS2,-0.19585470416434084
HAT1,0.5344509104269483
HAUS1,0.25514462418953937
HAUS2,0.5990835208401409
HAUS3,0.5989830216373667
HAUS4,0.8160014977955249
HAUS5,0.6283921933638033
HAUS6,0.35538734809450223
HAUS7,0.5768227619563332
HAUS8,0.4519877334135278
HAVCR2,0.3525324087015838
HAX1,0.06373345692713542
HBA2,0.2829113475856273
HBB,0.30477431970746405
HBD,0.2979201545363034
HBE1,0.6121009060247597
HBEGF,0.8652449879515397
HBG1,0.04113610711975995
HBG2,0.2746655770958002
HBM,0.2086927591101314
HBP1,0.5958653981372317
HBQ1,0.21421767717297682
HBS1L,-0.5161678653726375
HBZ,0.11632821648624676
HCCS,0.5878579048598911
HCFC1,-0.2812629029054219
HCFC2,0.27799526207986963
HCK,1.1757348785971105
HCLS1,1.0185640320295424
HCN1,-1.4674762426817474
HCN2,-1.2989573201148203
HDAC1,1.017201972126011
HDAC10,0.9358761850730329
HDAC11,-1.0149994930281936
HDAC2,-0.6274495694095095
HDAC3,0.16750844266917142
HDAC4,-0.7419102016699763
HDAC5,-1.1026911099327088
HDAC6,0.3620213196115093
HDAC7,1.2018390195157718
HDAC8,0.4532580632232564
HDAC9,0.11022600783178935
HDDC2,-0.23278201208558136
HDDC3,0.43292451613991284
HDGF,0.5631067821975482
HDGFL2,0.05735114879547834
HDGFL3,-1.1710844886284213
HDHD2,-0.8207895979597084
HDHD3,-0.3632991928630614
HDHD5,-0.2829190863612686
HDLBP,1.486915385199592
HEATR1,0.9324022045310018
HEATR3,0.8580164838056981
HEATR5A,0.05612093471118855
HEATR5B,0.4659829501560062
HEATR6,0.1525097587272726
HEBP1,-0.07605312057078514
HEBP2,0.07816100150541391
HECA,-0.9073899608648079
HECTD1,0.321175139750934
HECTD3,0.4663678442937019
HECTD4,-1.4647010314833713
HECW1,-1.5028774740444524
HECW2,-1.3749418412269518
HEG1,0.11333025644664105
HELLS,-0.05692666050611138
HELZ,1.233060225161729
HELZ2,0.5741034262301361
HEPACAM,-0.781448694557576
HEPH,0.7398567993121727
HERC1,-0.8955042789240616
HERC2,-0.24995825301638888
HERC3,0.7296470513775435
HERC4,-0.5013431770694787
HERC5,-0.20440782820247078
HERC6,-0.19690519275151314
HERPUD1,1.1795560275170591
HES1,0.4291423582993601
HEXA,1.2075967932080964
HEXB,1.255103510885563
HEXDC,-0.24674412827241965
HEXIM1,0.44064715796260023
HEXIM2,0.1722015273582464
HEY1,-0.5035127931374692
HFE,1.1372575296681382
HGD,0.6466381748366266
HGF,0.4474713593776214
HGFAC,0.21238767138066528
HGH1,0.7818973942805199
HGS,-0.7663139084236901
HHATL,-1.3291346507255923
HHIP,1.1282043763799845
HHIPL1,0.3895330896969304
HIBADH,-0.19811493425251123
HIBCH,-0.3047592615875947
HID1,-1.3354460487085595
HIF1AN,0.2649151772591545
HIGD1A,-0.5608333662956988
HIGD2A,-0.6778848368937574
HIKESHI,0.14245765045662317
HILPDA,0.5964496569563399
HINT1,-0.28491220109454946
HINT2,0.25986243034713763
HINT3,-1.3542117170887833
HIP1,-0.10329721705368786
HIP1R,-0.9296205752079634
HIRA,0.5618631578749211
HIRIP3,-0.2256705091986349
HIST1H1A,0.6300235302927235
HIST1H1B,0.3127878416662444
HIST1H1C,0.11925618231917612
HIST1H1D,0.11333522851085912
HIST1H1E,-0.13505582018795864
HIST1H2AB,0.300036104346012
HIST1H2BA,0.6302125197019631
HIST1H3A,0.4923627108124561
HIST1H4G,1.168750146738546
HIST2H2AA4,0.7863869728979394
HIST2H2AB,-0.013546742226989275
HIST2H3A,0.1556471026064749
HIST2H3PS2,0.3004226893291483
HIST2H4B,0.4269704927443352
HIST3H2BB,-0.1933514227511632
HK1,-1.5522905846284243
HK2,1.0407626850491865
HK3,1.3328627761175273
HKDC1,0.510831395504527
HLA-A,0.0350769451300364
HLA-B,-0.12651949741637825
HLA-C,0.04132216120116719
HLA-DMA,0.8865747426057428
HLA-DMB,0.5547692849839108
HLA-DPA1,0.4924864811954839
HLA-DPB1,0.5777406676437078
HLA-DQA1,0.2291371689437497
HLA-DQB1,0.31335539768881554
HLA-DRA,0.6423259939242756
HLA-DRB1,0.34231262657506517
HLA-DRB3,0.07240293113424633
HLA-DRB4,0.4204328726954777
HLA-DRB5,0.1474754463097514
HLA-E,0.48989765970570576
HLA-F,-0.2199195772392573
HLA-G,0.436431034802107
HLCS,0.5369274664365973
HLTF,0.6402225351598281
HM13,0.9899744158526986
HMBOX1,-0.7405203262636404
HMBS,0.3847218699731076
HMCES,0.01079624068214587
HMG20A,0.18968857384411944
HMG20B,0.5234185979151516
HMGA1,0.6191517284997194
HMGA2,0.5191239393565524
HMGB1,-0.22469462356512268
HMGB2,0.06512429452520643
HMGB3,-0.1851469947939938
HMGCL,0.8535068990063928
HMGCLL1,-0.43974550629273496
HMGCS1,-0.5472196213734505
HMGN1,0.45939210650273254
HMGN2,-0.3845690678987714
HMGN3,-0.6198692425919217
HMGN4,0.04631948005303643
HMGN5,-0.4773538685726477
HMGXB4,0.3156056940715336
HMMR,0.6044060767838575
HMOX1,1.0602486759009204
HMOX2,-1.1415885470519316
HMX3,0.12098183020384208
HNMT,0.14360725006210623
HNRNPA0,-0.2658201981975093
HNRNPA1,0.15377743624550827
HNRNPA1L2,0.4239680091925758
HNRNPA2B1,-0.44588507430461577
HNRNPA3,0.26279335252944025
HNRNPAB,0.012885266702233698
HNRNPC,-0.14779974254149747
HNRNPD,-0.0013839475110318015
HNRNPDL,-0.4168930913308835
HNRNPF,0.8725787145880987
HNRNPH1,0.23489687078091967
HNRNPH2,-0.03219353085720079
HNRNPH3,-0.040410993775568296
HNRNPK,0.19099522998687948
HNRNPL,0.1797624927935625
HNRNPLL,-0.4336613817570364
HNRNPM,0.2156769477923276
HNRNPR,-0.5045823989647364
HNRNPU,0.21547091104459176
HNRNPUL1,0.08615695996987899
HNRNPUL2,-0.004694142290121612
HOGA1,-0.0287983044760031
HOMER1,-1.5563589878872943
HOMER2,-0.49749265901673545
HOMER3,0.9762598382817012
HOOK1,-1.0821421002021383
HOOK2,0.24575215259587901
HOOK3,0.2707445733773444
HOPX,-0.04437538838374551
HOXA13,0.8887686647461942
HOXB4,-0.1102574467682797
HOXC10,-0.29157591383517345
HOXD9,0.6790157444465583
HP,0.6410077960206066
HP1BP3,0.35116892996813664
HPCA,-1.6550428158581705
HPCAL1,-1.0956994867365875
HPCAL4,-1.6285007921688734
HPD,0.4083753826679126
HPF1,-0.18058615789392946
HPGDS,0.44818221900411837
HPR,0.7432295940040271
HPRT1,-1.2836686496356653
HPS1,0.5333342469204791
HPS3,1.1341999296528824
HPS4,0.6555904283534084
HPS5,1.1030947890743263
HPS6,0.8018332820490692
HPSE,0.7529088867398286
HPX,0.5832723741287853
HRAS,-1.2915877638846278
HRC,0.40818809553257274
HRG,0.39233700089014
HRH1,0.2671323724494612
HRNR,-0.10988810859280632
HS1BP3,0.6519388089578968
HS2ST1,0.8801169721108342
HS6ST1,-0.03951207060775325
HS6ST2,-0.7162898638042163
HSBP1,-0.885199503629728
HSCB,-0.10362774220168708
HSD11B1,-0.08743995695373524
HSD17B10,0.13470374848417888
HSD17B11,0.6797658164132203
HSD17B12,0.6396075207359998
HSD17B14,0.5620631207749937
HSD17B4,0.6178546995340297
HSD17B6,0.40809672987903345
HSD17B7,0.5476440414983053
HSD17B8,-0.3362477132306033
HSD3B7,0.7145556164575824
HSDL1,-1.141357338954612
HSDL2,-0.3813191027130538
HSF1,0.9541218258999123
HSP90AA1,0.19702103435301482
HSP90AB1,0.8404723620850132
HSP90B1,1.3464917024890646
HSPA12A,-1.614499230758855
HSPA12B,-1.5305555929072845
HSPA13,0.34581497372838876
HSPA14,0.8398940084496299
HSPA1A,0.2465817850186474
HSPA1L,0.0938314697944929
HSPA2,-0.6698019024071435
HSPA4,-0.4574644525048014
HSPA4L,-0.7034515979827078
HSPA5,1.4029424779231068
HSPA6,-0.03304465008583468
HSPA8,-0.5668045985940666
HSPA9,0.0324578977752428
HSPB1,1.122992515658694
HSPB11,0.6004989676548902
HSPB2,0.3367597685418199
HSPB6,0.4812091093244053
HSPB7,-0.005299340741630723
HSPB8,-0.31774789374910395
HSPBAP1,0.8054997042441185
HSPBP1,-0.6134455372299519
HSPD1,-0.202177163638033
HSPE1,-0.5111064869926136
HSPG2,0.6310517521426613
HSPH1,-1.1544059286164983
HTATIP2,0.540019177162777
HTATSF1,-0.0782897256718012
HTD2,-0.4012361256162871
HTR2A,-1.1833774860971578
HTRA1,0.6608451808086013
HTRA2,-0.3423036995762748
HTRA3,0.6900651905431553
HTT,-0.5291527441371646
HUS1,0.5004192323926566
HUWE1,-0.3962543545278326
HVCN1,0.3475082942275544
HYAL2,0.6409971495652778
HYI,0.007252677760032222
HYKK,-0.05466317012899316
HYOU1,1.134201800644186
HYPK,0.4648811315510497
IAH1,-0.41488739050015133
IARS,0.8089868476831414
IARS2,-0.3405850238954691
IBA57,-0.7918181049503815
IBTK,0.7940797611769661
ICA1,-1.2975889265146956
ICA1L,-0.9564557592679449
ICAM1,0.5731348308081041
ICAM2,0.48090405200383063
ICAM3,0.9442239628192751
ICAM5,-1.664954562500521
ICE2,0.48738399295733337
ICK,0.01659987464629432
ICMT,0.5061689099104734
ICOSLG,-0.08996146946596367
ID1,0.17932424139825848
ID3,0.21714445893627737
ID4,-0.024013477891321522
IDE,0.9259969111164548
IDH1,0.6707016777656718
IDH2,-0.8347227383529203
IDH3A,-1.4219971315797295
IDH3B,-1.543342417193709
IDH3G,-1.464936128779451
IDI1,-0.9822345775270254
IDNK,0.2704395554961516
IDO1,0.887241436897527
IDS,-0.06440395553637454
IDUA,0.9965861014668638
IER3IP1,0.4493171865714297
IFFO1,0.5568801818074925
IFFO2,0.6814362451850555
IFI16,1.2194174340056394
IFI27L2,0.4547087874323158
IFI30,0.983125578041159
IFI35,1.2600727146685196
IFI44,-0.2241645148781633
IFI44L,-0.33346509012179404
IFI6,-0.19733732728904693
IFIH1,0.10057409318752852
IFIT1,-0.6763933567909133
IFIT2,-0.45216997058432706
IFIT3,-0.7088046032491722
IFIT5,-0.4407499632670923
IFITM1,0.005375953476538873
IFITM3,0.07483908284035692
IFNAR1,0.1013511277545171
IFNGR1,-0.04035094573119803
IFRD1,0.6964655688841197
IFRD2,0.6303029856580922
IFT122,0.7664823346300006
IFT140,0.5185212463325569
IFT172,1.0786460291186013
IFT20,1.084284573514524
IFT22,-0.08406924327685097
IFT27,0.6019060160644203
IFT43,0.296114709581898
IFT46,0.7542991677898929
IFT52,0.6481872505788329
IFT57,1.1439368787507365
IFT74,0.7063796493811884
IFT80,0.807414123417924
IFT81,0.5230267793789711
IFT88,0.5103443536986997
IGBP1,-0.052520819396131874
IGDCC4,0.32594805094652113
IGF1,0.7218269248779099
IGF1R,-0.49588615470836683
IGF2,0.4291686397819101
IGF2BP1,0.8466352511099454
IGF2BP2,0.8871723489970003
IGF2BP3,0.1903869102973348
IGF2R,0.8532346014919605
IGFALS,0.9741954321906535
IGFBP2,0.5483905297391565
IGFBP3,0.9624876986613086
IGFBP4,0.6091682622592413
IGFBP5,0.3926354756513908
IGFBP6,0.5885392469068191
IGFBP7,1.2680969389336378
IGFBPL1,-0.05256949700697463
IGHMBP2,-0.24832776137081353
IGLL1,0.47841198953030567
IGLL5,0.50053249350653
IGLON5,-1.216174266886453
IGSF1,-0.20754109441493002
IGSF11,-1.1576305194295557
IGSF21,-1.5706447271334882
IGSF3,-0.5802505826103199
IGSF6,0.9192771045179626
IGSF8,-1.486430239406912
IGSF9B,-1.2438773582849203
IK,0.22555752507851787
IKBIP,1.4770330470416115
IKBKB,1.3065567227484567
IKBKE,1.1984900360496709
IKBKG,1.0657027991821904
IKZF1,0.8550733253822683
IKZF5,0.2669548276259988
IL10RB,0.2892491192101739
IL13RA1,0.8467912198053908
IL13RA2,0.27815601619588676
IL16,1.047329419203041
IL17D,-0.21685473154487578
IL17RA,0.8841681566841546
IL17RB,-0.14594698893305397
IL18,1.2438954145231143
IL1B,0.9654177685052467
IL1RAP,0.20964423700824453
IL1RAPL1,-0.9365682981512365
IL1RN,0.8195932939817101
IL33,-0.2329535165192824
IL4I1,0.4679046766775622
IL6ST,-0.519430211592847
ILDR2,-1.0903707740417765
ILF2,0.03794732391350411
ILF3,0.13336963750957376
ILK,1.1561655387634016
ILKAP,-0.026062711384209084
ILVBL,-0.028330914765009957
IMMT,-0.6905018454406361
IMP3,0.846798585497825
IMP4,1.1993749847320336
IMPA1,-0.640382438201121
IMPA2,1.1979103189464007
IMPACT,0.3739322394357538
IMPAD1,0.6729195123135501
IMPDH1,1.2533580410819394
IMPDH2,1.1602432857979281
INA,-1.3664777110510664
INAFM1,0.16310077771237164
INAFM2,0.40137311663562886
INCENP,-0.3998514608374798
INF2,0.26429119153493896
ING1,0.27913322078119707
ING2,0.729354697349089
ING3,0.1264561603868984
ING4,-0.12088889732079089
ING5,-0.20918399054355613
INHBC,1.0682019262777596
INIP,0.36980854693214815
INKA2,-0.5997077680067322
INMT,-0.5877284314384121
INO80,0.48139435021936045
INO80B,0.8881843550041624
INO80C,0.6861459744291056
INO80E,0.637824575283928
INPP1,-1.17819080649298
INPP4A,-1.1308032096491312
INPP4B,-0.7727068404132662
INPP5A,-1.6975183495223796
INPP5B,1.1908774245700902
INPP5D,1.0112644178211074
INPP5E,-0.35085127185527964
INPP5F,-0.15102308500965111
INPP5J,-1.4158050751700078
INPP5K,-0.1730907808603216
INPPL1,1.007481330852992
INSIG2,0.8460460038194598
INSM1,-0.4907263131501463
INSR,-0.6127738459928196
INTS1,0.5626509780371693
INTS10,0.655554374418199
INTS11,1.2209287704505947
INTS12,0.7726590688538193
INTS13,0.8134957133626433
INTS14,0.45803046233109534
INTS2,0.7634559094697186
INTS3,0.6051424894852105
INTS4,0.9010571617473535
INTS5,0.8655477721858336
INTS6,0.6930610749789279
INTS6L,1.218659762401421
INTS7,0.9339320193519023
INTS8,0.9143545787481897
INTS9,0.793197158307356
INVS,-0.2737591949710018
IP6K1,-0.8035890200302145
IP6K2,0.0923596156473401
IPCEF1,-1.3516923521131323
IPO11,0.43753597690529805
IPO13,0.2866469544413427
IPO4,0.9907800452328528
IPO5,-0.2737404186661599
IPO7,0.035461494610769584
IPO8,0.3464957078961741
IPO9,0.20451844924316284
IPPK,0.34450455828699644
IQCB1,-0.005852239049063759
IQCE,-0.008030730154789613
IQGAP1,1.4841373748483782
IQGAP2,0.505792928533298
IQGAP3,0.42821590169898194
IQSEC1,-1.5731437900686263
IQSEC2,-1.3286631063363268
IQSEC3,-1.6803275174527639
IRAK1,0.6534233066762658
IRAK3,0.7995168927641363
IRAK4,1.3873552218987255
IREB2,0.9965038268305704
IRF2,0.8422346339880438
IRF2BP1,-0.4970859761303955
IRF2BP2,0.6442303689470912
IRF2BPL,0.643164355681066
IRF3,0.8743513354122121
IRF5,1.1469248026800174
IRF8,0.8300842688446378
IRF9,-0.3295065249220849
IRGQ,-0.26457821912929597
IRS1,-0.018565837099031743
IRS2,0.4150338291122666
ISCA1,-1.0608380135681288
ISCA2,-0.136590618376783
ISCU,-0.9304771529427192
ISG15,-0.3905786020501675
ISG20,0.8953649573093407
ISG20L2,0.8361657426105593
ISLR,0.40571394486648227
ISLR2,-1.0038416558588241
ISOC1,0.3486220698693313
ISOC2,-0.10814652303351996
ISPD,-0.6673476863271084
IST1,0.4395937080706779
ISY1,0.5920486927693812
ISYNA1,0.6874423550093085
ITCH,-0.4457102462989314
ITFG1,-1.1139173586919464
ITFG2,0.6508449281443952
ITGA1,0.47122203204471014
ITGA2,0.48122016446584626
ITGA2B,0.5044060602321634
ITGA3,1.0840817372956666
ITGA4,1.3842645047860391
ITGA5,1.1628795052049425
ITGA6,0.0397078249165252
ITGA7,0.5963655979659255
ITGA9,0.07375912967320802
ITGAL,0.7335905792268624
ITGAM,1.2170815874271945
ITGAV,0.7477750905158943
ITGAX,0.31201159827438013
ITGB1,1.053776544661499
ITGB1BP1,-0.05815888654015229
ITGB2,0.9289756884578125
ITGB3,0.7177976477346663
ITGB4,0.32446366339442756
ITGB5,1.2415006195846954
ITGB8,-0.3025895102013446
ITGBL1,0.6000148153737718
ITIH1,0.2905207682363187
ITIH2,0.6946449524067158
ITIH3,0.4383713482045663
ITIH4,0.7039433285564547
ITIH5,-0.2632905388240237
ITM2A,-0.9200869755006247
ITM2B,-0.09190034864720273
ITM2C,-0.8147659751454444
ITPA,0.337908609452899
ITPK1,-1.1161274568207218
ITPKA,-1.0190291888098237
ITPKB,-0.052192380822042056
ITPKC,1.12960700576678
ITPR1,-0.2534017004441569
ITPR2,0.8286117566924671
ITPR3,0.8515111807602922
ITPRID2,1.2069148195179404
ITPRIP,0.8902152535883503
ITSN1,-1.2747336858583371
ITSN2,0.4706714173570846
IVD,0.1458983190722077
IVNS1ABP,0.6921422949636442
IWS1,0.021051730636995516
JADE1,-0.20305414705476554
JADE2,0.7598470476683687
JADE3,-0.4166959142340973
JAG1,0.03840545870701599
JAGN1,0.42182822080944093
JAK1,-0.7582296605415739
JAK2,0.3282559733199023
JAK3,0.49266948461486826
JAKMIP1,-1.253332970075999
JAKMIP2,-0.7531906219439088
JAKMIP3,-0.9804824700697015
JAM2,-0.7424635277124794
JAM3,-1.0170207352065121
JAZF1,-0.2158834769537162
JCAD,-0.728412088827703
JCHAIN,0.5667306415282878
JMJD1C,-0.17068205443578707
JMJD4,0.6666069768672582
JMJD6,0.6488114865116472
JMJD7,-0.6370268796446338
JMJD8,1.1183282567892405
JMY,-0.8455444833216953
JOSD1,-0.05529251050574216
JOSD2,-0.13005522662109723
JPH1,-0.3101084223722582
JPH2,0.14056884064877873
JPH3,-1.4121901671329096
JPH4,-1.1944799048506827
JPT1,-0.5509683152734005
JPT2,0.18547241897638767
JTB,0.9328580774788229
JUN,1.0043491719199904
JUNB,1.3282276931142514
JUND,-0.5778429688077169
JUP,-0.25566441855797845
KALRN,-0.7159288616884945
KANK1,0.11541216214083072
KANK2,0.8723461767026648
KANK3,-0.2971345323356855
KANSL1,0.028292170794356426
KANSL2,0.045968070270401604
KANSL3,0.13273213289749172
KARS,0.9317745081844777
KAT14,-0.2207249076633599
KAT2A,1.4766417097810347
KAT2B,0.30606139601975624
KAT5,-0.5101567626899295
KAT6A,0.3988822494597302
KAT7,-0.3204064821361769
KAT8,-0.0031711787672444426
KATNA1,0.5469607717788788
KATNAL1,-1.195346941809782
KATNB1,-1.1781210837197729
KATNBL1,-0.13102598524092546
KAZN,-0.8951019820100704
KBTBD11,-1.451418898879632
KBTBD2,-0.2661908339932903
KBTBD3,-0.5434849877978599
KBTBD4,0.3503543704855435
KBTBD6,-0.942643651519212
KBTBD7,-0.8293987628280135
KCMF1,0.226740186529172
KCNA1,-1.607361993058198
KCNA2,-1.0492459666362302
KCNA3,-1.1329370017741156
KCNA4,-1.4124576905022237
KCNA6,-1.0053576965190871
KCNAB1,-1.0368432703689054
KCNAB2,-1.0635786481299225
KCNB1,-1.2839793451611416
KCNC1,-0.9128914015026346
KCNC2,-1.098890430149171
KCND2,-0.6070375139048538
KCND3,-1.3838198466317975
KCNH1,-1.190010698317184
KCNIP1,-0.4334378035666314
KCNIP2,-0.8243693193247885
KCNIP3,-1.077356665543887
KCNIP4,-1.3390207906572775
KCNJ10,-1.0951577724970405
KCNJ11,0.6684562847987789
KCNJ3,-1.4392740500871224
KCNJ4,-1.1721222785635903
KCNJ5,0.3255155427834987
KCNJ6,-0.9039418372782029
KCNJ9,-1.0977247070317582
KCNMA1,-1.5453396416063394
KCNMB4,-0.9212982202204776
KCNN1,-0.6745093036739832
KCNN2,-0.3232342548194598
KCNN3,-0.7709041274725417
KCNQ2,-1.574238165725772
KCNQ3,-1.2306304893978428
KCNQ5,-0.8566726581541231
KCTD1,-0.7839473140039591
KCTD10,0.7168864014844014
KCTD12,0.769524835583052
KCTD13,-0.3591545380788661
KCTD14,0.2433203075474188
KCTD15,-0.5807717453334267
KCTD16,-1.6210691618689692
KCTD17,0.4476640836713084
KCTD18,0.6815846437208446
KCTD2,-0.03543683285512608
KCTD20,-0.03205034785545385
KCTD21,-0.2646288478104426
KCTD3,0.042960796943696464
KCTD4,-1.2100909197074525
KCTD5,0.7662677735550603
KCTD6,-0.29796970351342555
KCTD7,-0.07695443066016583
KCTD8,-1.4774305428454184
KCTD9,1.0492133804547579
KDELC1,0.790887847867739
KDELC2,1.1988625673184123
KDELR1,0.654276555816842
KDM1A,-0.03962952479997254
KDM1B,-0.028007720871026494
KDM2A,0.31804332403951496
KDM2B,-0.2123996443155488
KDM3A,0.5181112903702373
KDM3B,-0.31322298605126825
KDM4A,0.521148483568858
KDM4B,-0.04543141148079441
KDM5A,0.49736225072250095
KDM5B,0.2612164363373765
KDM5C,0.4201984094989344
KDM6A,0.49503273281748644
KDM8,-0.016480106484031483
KDSR,0.19478389643324784
KEAP1,0.4101461184392299
KEL,0.013240401733580692
KHDC4,-0.166891359691351
KHDRBS1,-0.25384504291206733
KHDRBS2,-0.9161051299449925
KHDRBS3,-0.3212161793458969
KHK,-0.2730252328121143
KHNYN,0.7241232167684808
KHSRP,-0.19165759337702032
KIAA0040,0.16035535297613018
KIAA0100,0.22971942695738262
KIAA0232,0.4100981393746892
KIAA0319L,0.6075520376083725
KIAA0355,0.26141389933343057
KIAA0391,0.010479099701750157
KIAA0513,-1.703936210440872
KIAA0556,0.3469436846375205
KIAA0754,0.43034249302568683
KIAA0930,0.32487837991646706
KIAA1107,-1.6792610195628774
KIAA1109,-1.165942126142302
KIAA1143,-0.045695217807647126
KIAA1147,-0.6232007126971977
KIAA1191,-0.27312516530975395
KIAA1211,-0.397884782231688
KIAA1211L,-1.3291611016019407
KIAA1217,-0.8192184235606607
KIAA1324,-0.7213089205622649
KIAA1324L,-1.049320339256516
KIAA1328,0.25354229508575366
KIAA1522,0.11939850849677597
KIAA1549,-1.4132015397659603
KIAA1549L,-1.4919174931036976
KIAA1671,-0.47356902673403056
KIAA1841,-0.8193422613866622
KIAA1958,-0.29973275192262844
KIAA2013,0.6776456085270457
KIDINS220,0.62044600820263
KIF11,0.2643775958784838
KIF13A,0.2697109467986485
KIF13B,0.896110928220325
KIF14,-0.023523450174861415
KIF15,0.277575195939095
KIF16B,0.8367785307295601
KIF18B,-0.08146692250083118
KIF1A,-1.4861607995143613
KIF1B,0.5209677331650807
KIF1BP,-0.9914238682396546
KIF1C,1.1125278185100962
KIF20A,0.4425779655702978
KIF21A,-0.8693375512065262
KIF21B,-1.0619795000119114
KIF22,0.059676477105208924
KIF23,0.4895366179445724
KIF26B,-0.09835111399626945
KIF27,0.7689232518329518
KIF2A,-1.6165771544150198
KIF2C,0.2001958167999932
KIF3A,-1.3038954447071243
KIF3B,-0.963136306138464
KIF3C,-1.0279626730805038
KIF4A,0.08603046222293431
KIF5A,-0.887089863054443
KIF5B,0.4040355088423162
KIF5C,-1.4190034325920877
KIF7,0.47135829506285853
KIFAP3,-0.9879881406336031
KIFC1,-0.031538774200224017
KIFC2,-0.9541080219286968
KIFC3,-0.17994997396756185
KIN,0.42848826944622304
KIRREL1,0.6882641292118683
KIRREL3,-1.21033023195929
KIT,-0.8920810643560149
KIZ,-0.24162517022340527
KLC1,-0.49237400777252305
KLC2,-1.2253638629817953
KLC3,-0.5076302705568565
KLC4,-0.10577751034673932
KLF12,-0.45041892493435787
KLF13,-0.3415331187680676
KLF16,0.9249965356849281
KLF3,0.25669908079847326
KLHDC10,0.24820631113443187
KLHDC2,-0.5442641465389046
KLHDC3,-0.10912302195566662
KLHDC4,0.3417145484773161
KLHDC8B,0.05256434284230793
KLHDC9,-0.45745144821780026
KLHL1,0.17201402559345375
KLHL11,-0.44160226909174793
KLHL12,0.5966818075475815
KLHL13,0.47796053167757446
KLHL2,0.26563392585133594
KLHL20,0.19273244737696393
KLHL22,-0.3173815439836467
KLHL25,-0.3383238243049427
KLHL26,0.15448240107395983
KLHL29,0.03046942207651307
KLHL3,-0.981728645762143
KLHL36,0.005987897286128494
KLHL4,0.17210425060536572
KLHL42,-0.6583042299146944
KLHL5,0.3611389606019656
KLHL7,-0.03887130361224115
KLHL9,0.24753969282843197
KLK6,-0.8840972651725214
KLKB1,0.7426248652373287
KMT2A,-0.5746644961647802
KMT2B,0.2932967506075651
KMT2C,0.04632996220584852
KMT2D,0.561018133387185
KMT2E,0.7910754049477852
KNDC1,-1.3708580227175455
KNG1,0.5523569422639594
KNL1,0.26003680828402664
KNOP1,0.9570015597580077
KNSTRN,0.17056149136196724
KNTC1,0.8414996451915928
KPNA1,0.7495141999352332
KPNA2,0.521143243025846
KPNA3,-0.17613063609888635
KPNA4,0.9106095621358137
KPNA5,-1.1066758894521258
KPNA6,0.21198790734549844
KPNB1,0.8132293881339832
KPTN,0.35578946170331593
KRAS,-0.9712729106216942
KRCC1,0.8503894233008037
KRI1,0.7193768149024655
KRIT1,0.3540144580914505
KRR1,1.0303896109740909
KRT1,0.13759064992225883
KRT10,0.15112394264992235
KRT13,1.051400053773757
KRT14,0.1453791593418554
KRT17,0.4126041616425682
KRT18,0.4716257614541953
KRT19,0.31063967348494187
KRT2,0.06261708642868319
KRT222,-0.9817800755376709
KRT4,1.1774771563777313
KRT5,-0.09209786995807384
KRT7,0.45669671914291515
KRT8,0.5571457668740362
KRT81,-0.7592843991970601
KRT84,0.39504348393329014
KRT9,-0.14050962470241724
KSR1,-1.1950850188475668
KSR2,-1.2501423540171885
KTI12,1.1797445292714472
KTN1,0.3192634147651343
KXD1,0.5213355320399241
KYAT1,-0.8334560949934509
KYAT3,-0.4382680821276543
KYNU,1.2569577604232598
L1CAM,-1.6895957850123637
L2HGDH,-1.0372766416038615
L3HYPDH,0.1569353202183577
L3MBTL2,0.38606293465554986
L3MBTL3,0.3525833484305465
LACC1,0.5312974485971611
LACTB,0.7137061793164174
LACTB2,-0.22785561934101994
LAGE3,0.2753155020343603
LAIR1,0.7570227375444836
LAMA1,0.38099054741805427
LAMA2,0.2385992125566443
LAMA4,0.6034193795651883
LAMA5,0.498145494562089
LAMB1,0.8467200232762713
LAMB2,0.18128746367409632
LAMC1,0.5801189943123739
LAMC3,0.39321822944759854
LAMP1,0.3344760678796548
LAMP2,0.10283005175186229
LAMP5,-1.2578732906249979
LAMTOR1,0.13176677088639493
LAMTOR2,0.682500575446387
LAMTOR3,1.0357492404602895
LAMTOR4,0.6309135393144734
LAMTOR5,0.5832910468536288
LANCL1,-1.4067338559294855
LANCL2,-0.5231109946264768
LANCL3,0.3917248351944308
LAP3,0.6457888203341793
LARP1,0.34544666795524603
LARP1B,0.371882533265371
LARP4,1.1978342279414762
LARP4B,0.3462197579351788
LARP6,-0.8639816801724899
LARP7,0.5297822930122442
LARS,0.8595985812358046
LARS2,-0.2723553258214768
LAS1L,0.6741472709328041
LASP1,0.52045546466857
LAT2,0.9309885374622023
LATS1,0.3294474542910642
LAYN,-0.038334143829191494
LBH,0.18514630608219418
LBP,0.6834576921489381
LBR,0.1114599906690717
LCAT,0.20926260098566682
LCLAT1,-0.01966445973095251
LCMT1,-1.2644174477572019
LCMT2,0.30509638408846995
LCN2,0.9390853194397966
LCP1,1.2035453680079953
LCP2,1.3164551224641745
LDAH,0.4861430192108911
LDB1,0.3828639722794204
LDB2,-0.8250507675472916
LDB3,-1.0004972200657658
LDHA,0.9433951631099771
LDHAL6B,0.6051779380521587
LDHB,-0.7639243684627417
LDHC,-0.2556149801209213
LDHD,-0.8593583637496068
LDLR,0.8029011184453776
LDLRAD3,-0.015533157981673304
LDLRAP1,0.8370931059929303
LECT2,1.1763889794756264
LEF1,0.5559244759804316
LEFTY2,0.43984946341602843
LEMD2,0.49110502966378794
LEMD3,-0.22947188683189107
LENG1,0.18552183885692164
LENG8,0.33205392383901755
LENG9,0.23468383859500144
LEO1,0.5268157742848703
LEPROT,0.47086327248326043
LETM1,-1.1781032979719093
LETMD1,-1.026771768234951
LFNG,-0.18437736562482043
LGALS1,0.8876875271745918
LGALS3,0.7937444647612977
LGALS3BP,0.22482807550872502
LGALS7B,0.783179230816505
LGALS8,0.8496375226984909
LGALS9,0.5447590487526188
LGALS9B,0.6581938694488036
LGALSL,-1.615338026815229
LGI1,-1.5812937681018586
LGI2,-0.9460528443076577
LGI3,-1.1856524087183251
LGI4,-1.0601904572923884
LGMN,0.6292642405796012
LHFPL2,-0.15033903655254222
LHFPL3,-0.38033294232578174
LHFPL4,-1.0531930384005581
LHFPL6,-0.5864796377062717
LHPP,-1.0901421527870878
LHX2,-0.09799144050723566
LIAS,0.19907398672445933
LIFR,-0.6439433156474833
LIG1,0.3996530759836896
LIG3,-0.2783829809439212
LIG4,0.5781782518426312
LILRA2,0.600730140186292
LILRA3,0.42777060978117687
LILRA6,0.2695308487148472
LILRB1,0.7357336420703857
LILRB2,1.0109537083155613
LILRB4,0.873105305034795
LIMA1,0.44682475537947475
LIMCH1,-0.8043053890977252
LIMD1,0.9642520460371775
LIMD2,0.6942830421117453
LIME1,-0.47991241263623996
LIMK1,0.17082008125843884
LIMK2,0.8725481835011869
LIMS1,1.0843446678076352
LIMS2,-0.40132605958829454
LIN37,-0.020609568187465257
LIN52,0.268701810402801
LIN54,0.14329929659127333
LIN7A,-0.7210975280142038
LIN7B,-1.189228752031317
LIN7C,-0.7503623702102638
LIN9,-0.33444315422308135
LINGO1,-1.5175556477019865
LINGO2,-0.39917052055468893
LIPA,-0.1685912188633575
LIPE,-0.9415117981602894
LIPG,0.23109957650331295
LIPT2,-0.419989399576435
LITAF,0.1785133169330139
LIX1L,-0.15713492872583945
LLGL1,-0.996563757881087
LLGL2,-0.13537183986841844
LLPH,0.6292644839958539
LMAN1,1.2539258343125472
LMAN2,1.1200416151742107
LMAN2L,0.5682036955319781
LMBR1,0.02206669717404007
LMBRD1,0.1412957728217495
LMBRD2,-1.2207070068795267
LMCD1,0.5812859844728067
LMF1,-0.04356726835605229
LMF2,0.8984319681425205
LMNA,1.0803805955144186
LMNB1,0.19388383374515913
LMNB2,-0.024836605111818982
LMO2,0.23216786995991662
LMO3,-1.143780250269995
LMO4,-0.4999397900644066
LMO7,-0.4649243842062638
LMOD1,-0.1722579541842223
LMTK2,-0.6255478122934476
LMTK3,-1.4393429654561056
LNPEP,0.6689635492217211
LNPK,-0.16155641938165027
LOC105378696,-1.5247281685079839
LOC110117498-PIK3R3,0.46679467043365686
LOC391322,0.2259401748146328
LOC728392,-0.11808086852124167
LOC730098,0.8007288812653239
LONP1,0.01761795606383514
LONP2,0.23800242827428164
LONRF2,-0.7570626463991977
LOX,1.0096792779444124
LOXL1,0.6132309457910359
LOXL2,1.1839921064863732
LOXL3,1.201855694140109
LPA,0.17163684568072934
LPAR1,-0.08188460171216572
LPAR5,-0.17772677284849953
LPCAT1,0.5781702373109557
LPCAT2,0.774136413710985
LPCAT3,0.9607386390709374
LPCAT4,-1.1657286831580214
LPGAT1,-0.5428219798398414
LPIN1,-0.345626721671587
LPIN2,0.6990317377459543
LPIN3,0.865284341075242
LPL,0.20679538985406504
LPP,1.133342138735843
LPXN,0.8596127714938745
LRBA,1.010800120579006
LRCH1,1.1464682741341683
LRCH2,-0.423040383917342
LRCH3,1.079758193637665
LRCH4,1.390219603159661
LRFN1,-0.4108820830178963
LRFN2,-1.1750243893732568
LRFN3,-0.8972714083900755
LRFN4,-0.46729245005436726
LRFN5,-1.6241264788684475
LRG1,0.4943442595307611
LRIF1,0.5663370523753095
LRIG1,-0.5110657642866387
LRIG2,-0.2968494488719093
LRMDA,1.140064360726063
LRMP,0.4388383930937996
LRP1,0.21915389746720912
LRP10,0.4746587674736163
LRP11,-0.8643970690905969
LRP1B,-0.6055979900229194
LRP4,-0.9802818751010491
LRP6,-0.8205486415495832
LRP8,0.29842944338215965
LRPAP1,1.2240900156987986
LRPPRC,-0.2866434793985906
LRRC1,-0.34292253528756794
LRRC14,0.1961693484714308
LRRC17,0.335299535546735
LRRC20,-0.6581884177932128
LRRC25,1.157242644230384
LRRC3B,-0.6346433398002177
LRRC4,-1.0984467581596684
LRRC40,-0.9308155840504608
LRRC41,0.055515377698135325
LRRC42,0.17983390448541048
LRRC45,0.41884238652163086
LRRC47,-0.9620724863729019
LRRC49,-0.5437129606040123
LRRC4B,-0.8856195250048847
LRRC4C,-0.11143691158102373
LRRC57,-1.2659432433744513
LRRC58,-0.4540516212181224
LRRC59,0.4718341863780819
LRRC7,-1.4595685534060552
LRRC73,-1.1760801702648418
LRRC75A,-1.3673071485039772
LRRC8A,-1.120538433362137
LRRC8B,-1.4642859799153265
LRRC8C,-0.5278247506223549
LRRC8D,-0.6231414248780545
LRRFIP1,1.3023390950628408
LRRFIP2,0.683481081875208
LRRK2,1.0729618291268324
LRRN1,-0.9933201648339777
LRRN4CL,0.6447903222054079
LRRTM1,-1.110061832568742
LRRTM2,-0.9400356610117593
LRRTM3,-0.6749448701317209
LRRTM4,-0.8626904486951404
LRSAM1,-1.0649146841747825
LRWD1,-0.16139656407034386
LSAMP,-1.423940545142759
LSG1,0.6116012807803175
LSM1,0.6768746156090821
LSM10,-0.5695422519708812
LSM12,0.7360225883056213
LSM14A,-0.36672136037096614
LSM14B,-0.6950505480036173
LSM2,-0.06630068623034074
LSM3,0.2869135439093825
LSM4,0.13001513893056954
LSM5,0.16075993024784785
LSM6,0.6498784293487103
LSM7,0.2663697052266243
LSM8,0.15854381786708155
LSP1,1.04648219169601
LSR,-0.06209368089348889
LSS,0.39222589412932674
LST1,0.7820628016020426
LTA4H,0.5805230399395727
LTB4R,0.5746193536800766
LTBP1,0.9312638147920063
LTBP2,0.8749623760307361
LTBP3,0.8978505414547551
LTBP4,0.13618352272359602
LTC4S,0.13434297718210453
LTF,0.909781430895806
LTN1,0.15575191312844403
LTO1,-0.8775659565916757
LTV1,0.38598996806224384
LUC7L,0.23904739158891009
LUC7L2,0.3326748343627659
LUC7L3,0.688615069065301
LUM,1.1850918028323056
LURAP1,0.566420414309391
LUZP1,1.0104904913676924
LUZP2,-0.431225516179501
LXN,0.5548219978170456
LY6E,-1.3655067336129463
LY6H,-1.6509178714996005
LY75-CD302,0.37604673055235205
LY86,1.0788466563491048
LY96,1.047378941694026
LYAR,0.709923929735238
LYN,0.8567608102810472
LYNX1,-1.4824640128262956
LYPD1,0.16924245830290247
LYPLA1,0.9575558896429238
LYPLA2,0.7428990163492112
LYPLAL1,-0.4907069035984164
LYRM1,-0.8594340371872311
LYRM2,-0.44393840360349024
LYRM4,-0.3285530744627465
LYRM7,-0.5010326580422375
LYRM9,-1.1796541330064074
LYSMD1,-1.2029505998555767
LYSMD2,-0.5823607180912512
LYSMD3,1.0342564341218665
LYST,0.029310545389910132
LYVE1,0.4108605990475212
LYZ,1.0964808726490427
LZIC,-0.3975606376883194
LZTFL1,-0.4715669343062965
LZTR1,-0.16734132896580053
LZTS1,0.4084885832090196
LZTS2,0.351577637048717
LZTS3,-1.350905868387752
M6PR,0.6308789967954932
MAB21L1,-0.08531626703433612
MACF1,0.6234469821764745
MACO1,-0.2463471339212126
MACROD1,-1.1395082484728722
MACROD2,-1.5065077870650074
MAD1L1,0.7112953905046928
MAD2L1,0.2522894713736542
MAD2L1BP,-0.3429072743596453
MAD2L2,0.17796752000109764
MADD,-1.5293460602645013
MAEA,0.2292029479810286
MAF1,0.4837633135547556
MAFB,0.7670483325017456
MAFF,0.8534596900554119
MAFG,0.8735489137167747
MAG,-0.9360461034539038
MAGED1,-0.23328406218502146
MAGED2,0.6095011995921389
MAGED4,-0.3445443637452944
MAGEH1,0.19498745412753793
MAGI1,-1.17137158228216
MAGI2,-1.0880627575156607
MAGI3,-1.1181776156907035
MAGOH,0.5739377446984156
MAGT1,1.0687798152317423
MAIP1,-0.7144161486420747
MAK16,0.5514178059766585
MALSU1,0.18818410871550098
MALT1,1.203002859604362
MAMDC2,0.750300360561291
MAML1,0.37608446202906365
MAML2,-0.0006953428077013018
MAN1A1,0.7534849245904423
MAN1A2,0.3817723713970199
MAN1B1,1.394812624646019
MAN1C1,1.1422646061796202
MAN2A1,1.4104855279666213
MAN2A2,-0.23776267039639182
MAN2B1,1.4545654520033398
MAN2B2,0.47818057633066746
MAN2C1,0.5233542885222926
MANBA,0.9130090698926404
MANBAL,0.10016963045149789
MANEA,0.46856534117278403
MANEAL,-0.5624819428291314
MANF,1.297270910656644
MAOA,-0.6381565898964757
MAOB,-0.19062655729027367
MAP1A,-1.4841136837311186
MAP1B,0.5718100987452306
MAP1LC3A,-0.9474185573214664
MAP1LC3B,-0.0005754830476644894
MAP1S,-0.17346020206749818
MAP2,-1.4556983046817336
MAP2K1,-1.337477673446147
MAP2K2,-0.346902993149639
MAP2K3,1.481270429754471
MAP2K4,-1.3276479764189593
MAP2K5,-0.010767774621771139
MAP2K6,-0.5897932643087849
MAP2K7,-0.5560416935277139
MAP3K1,0.3160125106717919
MAP3K10,-1.2831678090857852
MAP3K11,0.9066818108683856
MAP3K12,-0.8437447585704068
MAP3K13,-0.7940585083204181
MAP3K2,0.8823409446473855
MAP3K20,0.737469963891032
MAP3K3,1.0279396430931795
MAP3K4,0.14283936202955339
MAP3K5,-0.3040189213023399
MAP3K6,0.7049852944000163
MAP3K7,0.002210490770372418
MAP3K7CL,0.7278578358262442
MAP4,0.2851919088072914
MAP4K2,-0.5361992099365753
MAP4K3,-1.00786965888637
MAP4K4,0.0008962322730495373
MAP4K5,0.35422219465076454
MAP6,-1.7467738060950642
MAP6D1,-1.1377610872640571
MAP7,-1.0315040945702816
MAP7D1,-0.08262541763301065
MAP7D2,-1.536288279346278
MAP7D3,0.8993545984634344
MAP9,-0.26146974707760173
MAPK1,-0.8241192480796715
MAPK10,-1.4213368196135527
MAPK11,-0.05978091494571876
MAPK12,-0.18790004364659196
MAPK13,1.183669458673817
MAPK14,1.4682318297674777
MAPK1IP1L,0.09816479841399953
MAPK3,-0.9966315680203672
MAPK4,-0.25763876077988973
MAPK7,0.5401919849938472
MAPK8,-1.3226220773386586
MAPK8IP1,-1.0033681565402257
MAPK8IP2,-1.178116806657068
MAPK8IP3,-1.273092738917469
MAPK9,-0.10387730990993141
MAPKAP1,-0.010743064625833236
MAPKAPK2,1.4308404280334577
MAPKAPK3,1.4446817430934016
MAPKAPK5,0.6169552018926582
MAPKBP1,0.8852881242398214
MAPRE1,-0.0747110657599097
MAPRE2,-1.239515628632896
MAPRE3,-1.5707362402621585
MAPT,-1.6945588198874344
43891,-0.56226999053655
43892,-0.641787504014518
43891,-0.28319234522554404
43895,-0.47693313182697783
43897,0.4694368853239489
MARCKS,-0.5568082218037501
MARCKSL1,-0.699861982370148
MARCO,0.5554603253407274
MARF1,0.12088540684472379
MARK1,-1.5110365722313253
MARK2,-0.8741258460697067
MARK3,-1.2638618881147559
MARK4,-1.5174795368705798
MARS,0.3354448832858532
MARS2,-0.2800710357447762
MARVELD1,0.44721276703370094
MASP1,-0.5792188935435191
MASP2,0.3283318737786305
MAST1,-1.5673242840310018
MAST2,0.018958746823555986
MAST3,-0.9479158537402493
MAST4,-0.1210067209495643
MAT2A,-0.5335501701356584
MAT2B,-0.5015725993919
MATK,-0.08052181813906686
MATN2,-0.14201297544139252
MATN4,-0.4802092689502986
MATR3,-0.9164969349447735
MAU2,0.4480483427896563
MAVS,-0.2597960551385979
MAX,0.7556678346058392
MAZ,-0.7768342610668217
MB,-0.2713067975874186
MB21D2,-0.9562740443484703
MBD1,0.3435443961862098
MBD2,0.8990820391259877
MBD3,-0.6668982028637651
MBD4,0.795453003381561
MBIP,-0.10090198922505483
MBL2,0.6043351968304931
MBLAC1,-0.83453146514972
MBLAC2,-1.6741333215393746
MBNL1,0.7549923667897736
MBNL2,-0.5740557634329144
MBNL3,0.25723167270682445
MBOAT2,0.18710898987710822
MBOAT7,0.429233088202186
MBP,-0.9297247709169068
MBTD1,-0.24162655387875084
MCAM,-0.24763705050724721
MCAT,-0.2905862798085097
MCC,0.5922205767846668
MCCC1,-0.06941329249667845
MCCC2,-0.03329715095246449
MCEE,-0.37062819430151495
MCEMP1,1.251040057019834
MCF2L,-0.9459651241659379
MCF2L2,-1.0999043871282363
MCFD2,1.3866012066415476
MCL1,0.9419661894783511
MCM2,0.3889674004155248
MCM3,0.2659997253259044
MCM3AP,0.2346778979013701
MCM4,0.26989477774395837
MCM5,0.3058279743159271
MCM6,0.3232773818596183
MCM7,0.27929741659311913
MCMBP,0.6369143495095604
MCOLN1,-0.15642808929480204
MCRIP1,-0.8882607812404728
MCRIP2,0.8690033255686402
MCRS1,0.3383007448689067
MCTP1,-1.2636539439371801
MCTS1,0.3040502834336811
MCU,-1.1872410924651964
MCUB,-0.15964347417935756
MCUR1,-0.05759597424356356
MDC1,-0.502834114010765
MDFIC,0.6734526693387561
MDGA1,-0.05728223177370867
MDGA2,-1.1068118837642784
MDH1,-1.3487127319597167
MDH2,-1.1743209501298733
MDK,0.28145378666681453
MDM1,-0.6147951842587127
MDM2,0.7245933061374732
MDM4,-0.5418140702245672
MDN1,-0.19823955404613325
MDP1,-0.49224684638517385
ME1,-0.7757732634992729
ME2,0.5236491213631032
ME3,-1.253271449678572
MEA1,0.1642623674520381
MEAF6,0.002704067657741782
MECP2,0.2910208031493776
MECR,-0.6401146813234035
MED1,0.2925781144836653
MED10,0.8802196163633875
MED11,0.03717677704752961
MED12,0.005582735927735819
MED13,0.41534145633422204
MED13L,-0.0913242698200657
MED14,0.6180500339469875
MED15,0.7331579207313575
MED16,0.3941173279262127
MED17,0.5472351999733078
MED18,0.8282055285710259
MED19,0.09635228442891555
MED20,0.4353006905877592
MED21,0.7132327072312985
MED22,0.7581967107820562
MED23,0.293202897341958
MED24,0.7552751512376424
MED25,0.03163365239605296
MED26,0.45674308008426734
MED27,0.17528059699495652
MED28,0.2857489779858235
MED29,0.2994729387318376
MED30,0.5246458650577726
MED31,-0.21511041957808147
MED4,0.7392888918579712
MED6,0.6929787000216404
MED7,0.881398565500034
MED8,0.5229118858704523
MED9,-0.022438064145859325
MEF2A,0.397377914667771
MEF2C,0.45356220951212434
MEF2D,0.09932022242561704
MEGF10,-0.6767407830044745
MEGF8,-1.0009128563316116
MEGF9,-0.9016699094416614
MEIS1,-0.5045656840610239
MEIS2,0.46542297274982947
MELTF,0.15379596892932956
MEMO1,0.6868883688270533
MEN1,-0.1645761769858828
MEOX2,-0.24451104126241027
MEPCE,0.27765821565139104
MERTK,-0.1443464421385095
MESD,1.2089971126020957
MEST,-0.052548373165080535
MET,0.7600697398232161
METAP1,0.194028018414005
METAP1D,0.10363581823112854
METAP2,0.0608596024858167
METRN,0.03837910480772611
METRNL,-0.05169376141473635
METTL1,0.7292805330734784
METTL13,0.8223938398858649
METTL14,-0.03158995021129662
METTL15,0.4385314596863413
METTL16,0.30115153957380236
METTL17,0.4799991956588481
METTL18,0.824284179395133
METTL26,-0.03307471567623839
METTL2A,1.4188729770805113
METTL2B,0.35996822173428467
METTL3,-0.13178400277773739
METTL5,0.6432552237993101
METTL6,0.7700791389076036
METTL7A,0.11570008132488006
METTL7B,1.1514008165593062
METTL8,0.27819548075216816
METTL9,0.48766372636152333
MEX3A,-0.5438231552067361
MEX3B,-0.8193208403216781
MEX3C,-0.7296012151429874
MEX3D,0.23023418666485876
MFAP1,0.2635551265529493
MFAP2,0.43074184876428645
MFAP3L,0.17070252100322358
MFAP4,0.1606164348573129
MFAP5,0.8385949838104714
MFF,-0.9437921421187203
MFGE8,0.4928311431405842
MFHAS1,0.2566314445749377
MFN1,-0.23886745421004624
MFN2,-1.323390828386589
MFSD10,0.995865050206981
MFSD3,0.4444871944830051
MFSD4A,-1.4977717163074078
MFSD5,0.2197886464650908
MFSD6,-1.3485708241303018
MGA,0.2801741661735745
MGARP,0.47953344678457843
MGAT1,1.2156266458014096
MGAT2,1.1201364575702206
MGAT5,0.4972610821971595
MGLL,-0.8060013383407749
MGME1,0.12737771642065238
MGMT,-0.04619294781583595
MGP,0.4867283031074401
MGRN1,-0.954537244636223
MGST1,0.24639851542938787
MGST2,0.927920717184389
MGST3,-1.2698095513425618
MIA,0.988528737026313
MIA2,0.802613433959777
MIA3,0.44613836644496896
MIB1,0.7359171964745428
MIB2,-0.2020592680475225
MICAL1,0.9466085142221099
MICAL2,1.3236655899071375
MICAL3,-1.2647256699645542
MICALL1,0.5683186655130883
MICALL2,1.0435030414589428
MICU1,-0.9542182738322685
MICU2,0.38482941858973196
MICU3,-1.365394978297895
MID1,-0.2100965297742166
MID1IP1,-0.01772211255277998
MID2,-0.11872072655114084
MIEF1,-0.9329641536820774
MIEF2,0.10837967484512154
MIEN1,-0.4876518174457979
MIER1,0.7956620415619596
MIER2,-0.06752912257516645
MIER3,0.22854334419730182
MIF,0.03597997558530978
MIF4GD,-0.5275398188090551
MIGA1,-1.0303184795829572
MIGA2,-0.34319443331432153
MIIP,0.8148625793498107
MILR1,1.0480927155013857
MINDY1,-0.30924033227558456
MINDY2,-0.6135862170811208
MINDY3,-0.16652441694118503
MINDY4,0.2072188595484425
MINK1,-1.0636103225151876
MINOS1,-0.7001238368695253
MINOS1-NBL1,-0.7836486159111626
MINPP1,0.6362549412925764
MIOS,0.6550265961784484
MIPEP,0.2818366876563644
MIS12,0.2529716975351648
MIS18A,-0.17138499646203803
MISP3,0.5568605466847077
MITD1,0.5684610852408765
MITF,0.6228437175006223
MKI67,0.3240491406190864
MKLN1,0.4273268716189258
MKNK1,0.83216037882289
MKNK2,0.5413767601520134
MKRN1,-0.502947108243939
MKRN2,0.32636054211018317
MKRN3,-0.12407203986211562
MLC1,-1.0317484843335465
MLEC,1.234192335421698
MLF1,-0.10347846426296575
MLF2,-1.1797601615601527
MLH1,0.32109281974259984
MLIP,0.04136648495132063
MLKL,1.3102608162193468
MLLT1,0.2840868884985607
MLLT11,-0.7559314948507189
MLLT3,-0.7630791503416368
MLLT6,-0.1334735332424322
MLST8,-0.09926814810124188
MLX,0.8941946961255305
MLXIP,1.1329988542167924
MLYCD,-0.4350392013940207
MMAA,-0.2672881373993209
MMAB,-0.6275558189804282
MMACHC,-0.20053313582571575
MMADHC,0.8214534354046279
MME,0.6712751229918388
MMGT1,0.3774992132714239
MMP1,0.16580554714644236
MMP12,0.30030812162413034
MMP14,1.2521642946261926
MMP15,-0.5828006808877391
MMP16,-0.7168540921497903
MMP19,0.6110938979440467
MMP2,-0.18558825315596628
MMP24OS,-0.17935837042221564
MMP7,0.5436465967502654
MMP8,0.9359150873243525
MMP9,0.8779282739838998
MMRN1,0.7125247284629384
MMRN2,0.34098620019669057
MMS19,0.1822939037198986
MN1,-0.5799772282053832
MNAT1,1.0927507903985627
MND1,-0.5537734320303611
MNDA,1.3219756800660099
MNS1,0.8596803660448682
MOAP1,-0.3959630831544525
MOB1B,1.2325411946674723
MOB2,-0.6103756068017953
MOB3A,0.8731275636269453
MOB3B,-0.5435248890986737
MOB3C,0.10423250296705203
MOB4,0.5393780383329339
MOBP,-0.5840521855764663
MOCS1,-0.6666657784692798
MOCS2,0.24317286358576778
MOCS3,0.4259057881371989
MOG,-1.0393582652994418
MOGS,0.9753552987464222
MON1A,-0.646799237158959
MON1B,0.2548176842372819
MON2,-0.4115625127576019
MORC2,-0.01204423855377024
MORC3,0.5405526460384366
MORF4L1,0.5211707033871866
MORF4L2,0.33232303823153486
MORN2,0.22031381580005463
MORN4,-1.4983659261203757
MOSPD1,-0.2401722517834745
MOSPD2,0.09655533223976034
MOSPD3,-0.8766733402306667
MOV10,1.2847597793505035
MOXD1,0.15197926659149708
MPC1,-1.0099089940520187
MPC2,-0.5077105912463767
MPDU1,-0.09209683675922622
MPDZ,-0.6829475713635147
MPG,-0.022399672359853733
MPHOSPH10,0.9526051297680294
MPHOSPH6,0.3353956837095527
MPHOSPH8,0.17689960847879654
MPI,-0.24760209148738302
MPIG6B,0.24687601428833278
MPLKIP,0.5477902189180031
MPND,0.04417160307644463
MPO,0.9694295280954026
MPP1,0.31456864644189997
MPP2,-0.8278863610657765
MPP3,-1.1781951482995259
MPP5,-0.49398450823358186
MPP6,-0.3604969680849903
MPP7,-1.3383145807509267
MPPE1,0.5926941099703349
MPPED2,-0.9864322132258379
MPRIP,0.2400580405260721
MPST,-0.12815681107116603
MPV17,-0.24348217141922374
MPV17L,0.6284923512979017
MPV17L2,-0.4046031044039637
MPZ,-0.43410112309873267
MPZL1,-0.014424201383336614
MR1,0.8693847009334166
MRAS,-1.0119481617752621
MRC1,1.1981272158693985
MRC2,1.1813946936701687
MRE11,0.28237365810312365
MREG,0.46494907500424043
MRFAP1,0.42941523982785135
MRGBP,0.4612153849213926
MRGPRF,-0.2630548265739566
MRI1,0.24345567413941796
MRM1,0.4171197805038313
MRM2,-0.0031757476893536918
MRM3,0.09361868415551985
MRNIP,-0.21009483935637996
MROH1,-1.1126394890099651
MRPL1,0.0496152490647654
MRPL10,-0.14794395278692213
MRPL11,0.35832456542802515
MRPL12,-0.0665250038174583
MRPL13,0.34321290245168945
MRPL14,0.07162393079570292
MRPL15,-0.0010943755792941084
MRPL16,0.049381012774830535
MRPL17,0.3175051914142455
MRPL18,0.0683662186021794
MRPL19,0.06496950709017263
MRPL2,0.25922681897335637
MRPL20,0.11163585546819027
MRPL21,0.1788396939001801
MRPL22,0.389839624642976
MRPL23,0.22849744766587793
MRPL24,0.5390945521785466
MRPL27,0.2297882376044981
MRPL28,0.2001602789046682
MRPL3,0.007734136369452582
MRPL30,0.2502219063509498
MRPL32,0.09702059133535187
MRPL33,0.1901582542678067
MRPL34,0.18687098141433273
MRPL35,0.2158089216557809
MRPL36,0.31452164546735534
MRPL37,0.1957090514363125
MRPL38,-0.012070651313556537
MRPL39,0.04437013513515964
MRPL4,0.19320302584917126
MRPL40,0.29065846927581995
MRPL41,0.3097094068227919
MRPL42,0.21762841595344246
MRPL43,0.197313536578549
MRPL44,0.011366588365564253
MRPL45,-0.013031979187299106
MRPL46,0.14529166613612637
MRPL47,0.4052076590134388
MRPL48,0.1726200765088715
MRPL49,0.1533288163356496
MRPL50,0.44901384341667794
MRPL51,0.20734773288751035
MRPL52,0.031194747772028384
MRPL53,0.05626943198016819
MRPL54,0.18071817335140783
MRPL55,-0.025094676225521695
MRPL57,0.011406648683699765
MRPL58,0.35017016563093206
MRPL9,0.07697445050820356
MRPS10,0.49083672999818484
MRPS11,0.09586707903122488
MRPS12,0.22209362659803514
MRPS14,-0.2246238444869543
MRPS15,0.4707568968292901
MRPS16,-0.11749824402809442
MRPS17,-0.15561501488749258
MRPS18A,-0.3577804358919102
MRPS18B,-0.4959002061831269
MRPS18C,-0.1220827217432358
MRPS2,-0.03816242434093381
MRPS21,-0.07505380298818018
MRPS22,0.26069474774335394
MRPS23,0.20366046038387528
MRPS24,-0.055542851843221414
MRPS25,0.22764875479693208
MRPS26,0.03834671515063366
MRPS27,-0.26343458202142006
MRPS28,-0.37391454027466
MRPS30,-0.048587212501237875
MRPS31,-0.10384290308895425
MRPS33,0.23055791418047367
MRPS34,0.24756189375722856
MRPS35,0.09567753492108458
MRPS36,-0.9469010171946951
MRPS5,0.05184494946060579
MRPS6,-0.17387752515301547
MRPS7,0.41650840611518053
MRPS9,0.11636666212028177
MRRF,0.04513547073445812
MRS2,-0.4130252242653558
MRTFA,-0.2664251295560185
MRTFB,0.021441894891051062
MRTO4,0.9686597544574895
MRVI1,-0.9154597537538343
MS4A6A,0.7609239141390449
MSANTD2,0.06637922418000348
MSANTD3,0.20743011689301882
MSANTD4,-0.3019305439151927
MSH2,0.10503434427858781
MSH3,0.46341712925626233
MSH6,-0.0967183856315986
MSI1,-0.20707821645084984
MSI2,0.25690183733179117
MSL1,-1.3545845588594725
MSL2,0.04553130646202934
MSL3,-0.22643666962195091
MSMO1,-0.29835668583810837
MSMP,-0.5237091750898522
MSN,1.126964654133071
MSR1,1.118620191979748
MSRA,0.7554388531516771
MSRB1,0.742174947373925
MSRB2,-0.7706416921008004
MSRB3,0.920052976893234
MST1,0.39231304469255035
MSTN,-0.6589156950406938
MSTO1,1.0288459763301065
MSX1,0.13359557876401462
MT-ATP6,-1.1271540630133854
MT-ATP8,-0.975521419807424
MT-CO1,-0.5601555798601827
MT-CO2,-1.3270123104639837
MT-CO3,-1.108838906036371
MT-CYB,-0.2297678072057634
MT-ND1,-1.2468740185906169
MT-ND2,0.2817936065136875
MT-ND4,-0.6832021968163737
MT-ND4L,1.065190004762143
MT-ND5,-1.1834677230567152
MT-ND6,-0.6960146153744862
MT1A,-0.1516948903980988
MT1E,-0.19849859010431814
MT1F,-0.10245634923925834
MT1G,-0.30337905847730384
MT1H,0.013687541958912284
MT1M,-0.6323481818151955
MT1X,0.2823064633508165
MT2A,0.43104007631907526
MT3,-0.4187926525919783
MTA1,-0.6879169002054025
MTA2,-0.06522185799208147
MTA3,0.8393491688208061
MTAP,-0.10321091799691484
MTCH1,-1.323479680350312
MTCH2,-0.9658637511461703
MTCL1,-0.20326639927919965
MTDH,0.7257510851147368
MTERF2,0.11192366840026882
MTERF3,0.43477198145906604
MTERF4,0.22364627810725385
MTF1,0.5247898093846448
MTF2,0.11512299851272756
MTFMT,0.1295561096753372
MTFP1,-0.41865206132880317
MTFR1,0.8270114291298727
MTFR1L,-1.1277597396606358
MTG1,-0.08085083620198198
MTG2,0.5458219764540089
MTHFD1,0.5472881763541154
MTHFD1L,-0.0655499781590083
MTHFD2,0.7551440859150277
MTHFD2L,-0.5858219820903656
MTHFR,0.13893655456208961
MTHFS,1.082548757609184
MTHFSD,0.14725416822032106
MTIF2,-0.07608663985838973
MTIF3,-0.22820836476594678
MTM1,-0.2059297371730397
MTMR1,-1.1960071359888824
MTMR10,-0.15839136051057767
MTMR11,0.19845031975662997
MTMR12,-1.2194424586080976
MTMR14,1.0576373199092886
MTMR2,-1.32856374204181
MTMR3,0.19701102819319152
MTMR6,0.2472282758411549
MTMR7,-1.2499445595783458
MTMR9,-0.7961678445799347
MTO1,-0.014142788846128629
MTOR,-0.43932822484834777
MTPAP,-0.5551672349528278
MTPN,0.5071281627842423
MTR,0.44566224868244986
MTREX,1.0046739570917167
MTRF1,0.1245724836645749
MTRF1L,-0.203862316329184
MTRR,0.6213310776101952
MTSS1,-0.33966462324366703
MTSS1L,-1.301722963447006
MTTP,0.8700630106212401
MTURN,-1.5233635898125348
MTUS1,0.526385075122911
MTUS2,-1.5089914507798567
MTX1,-1.1225202946754267
MTX2,-0.7830042943311959
MTX3,-0.7234230649738205
MUL1,-0.008299952439418999
MUM1,-0.3831766505606069
MUSTN1,-1.1958987288977299
MUT,-0.6431018926888827
MVB12A,-0.07323072790889212
MVB12B,-0.9251249171305067
MVD,-0.39355624276635615
MVK,-0.11722969408157508
MVP,1.2936333072516848
MX1,-0.31183216157463556
MX2,0.12507095962888826
MXRA5,0.805427803595909
MXRA7,0.5132138753187448
MXRA8,0.6207895903880416
MYADM,0.38132085586502906
MYBBP1A,0.6449070565117656
MYCBP,1.6267323527544697
MYCBP2,-0.5249183445538638
MYD88,1.2161827951248223
MYDGF,1.2763519081155823
MYEF2,-0.7069324898734636
MYH10,-0.37023807386990404
MYH11,0.025586110683686887
MYH14,-0.2761313177136888
MYH9,1.4004640344124848
MYL1,-1.0645764001644245
MYL12A,1.0138385632769569
MYL12B,0.31463081701700496
MYL4,0.26764313601793355
MYL6,1.4401126956558103
MYL6B,-0.761997612803659
MYL9,0.8963935904140374
MYLK,-0.0982380784556333
MYO10,-0.5575704634609333
MYO18A,-0.9486185958685216
MYO1B,0.6633156754170999
MYO1C,1.1811155513264016
MYO1D,-0.6153937136454574
MYO1E,1.134267949498585
MYO1F,1.2052119882059302
MYO1G,1.1795219092021711
MYO5A,-1.6474232291084703
MYO5B,0.43601365316094615
MYO5C,0.3083106938255351
MYO6,-0.38984968789884555
MYO7A,0.7103613730772975
MYO9A,-0.36710880914669
MYO9B,0.9555709931926311
MYOF,1.2471202993783872
MYORG,-0.42526972173968824
MYRIP,-1.106549773993517
MYT1,-0.7298691997539963
MZB1,0.9091359421642721
MZT1,-0.0006014202806728724
MZT2A,0.46659279066574355
MZT2B,-0.10922647472213999
N4BP1,0.6585489556440163
N4BP2,0.07981235069132848
N4BP2L1,-0.04607571561516306
N4BP2L2,-0.0017689621877714037
N6AMT1,0.4777573196125998
NAA10,0.7846853335339755
NAA15,0.4549305715464015
NAA16,0.2450739656827236
NAA20,1.0283553541570036
NAA25,1.058553981765092
NAA30,-0.26120631312652104
NAA35,-0.8257939796509322
NAA38,0.04319574019591335
NAA40,0.49829867063505207
NAA50,0.9408851444717181
NAA80,-0.030246257387896935
NAAA,0.6328302324723922
NAALAD2,0.5524196357583038
NAALADL2,0.3528402926159284
NAB1,0.40368228946551965
NAB2,0.8133633723244288
NABP1,0.4286022703709733
NABP2,0.48523589766284875
NACA,1.2889763239508967
NACAD,-0.4017475502318615
NACC1,0.38859008190286104
NACC2,0.030549590523958916
NADK,1.1507696737840538
NADK2,-0.4718565008062401
NADSYN1,1.0697828136140595
NAE1,-0.20147363949584546
NAF1,0.721194314554476
NAGA,0.9748321186797664
NAGK,0.5443723660905386
NAGLU,0.7489276089227799
NAGPA,0.41219154617300896
NAIP,1.1965347663207464
NAMPT,1.0582452782248084
NANP,0.515437487615796
NANS,0.615292161687548
NAP1L1,0.9192825203274981
NAP1L4,-0.030008801744780007
NAP1L5,-1.2198115131144913
NAPA,-0.7203936944448397
NAPB,-1.696110695876474
NAPEPLD,-1.2675533916032333
NAPG,-1.549850628596593
NAPRT,0.8554401155315032
NARF,1.05499106408572
NARS,0.5068673962432344
NARS2,-0.6678410338635667
NASP,-0.025593018615554256
NAT1,0.9481673298619104
NAT10,1.0070880291310182
NAT14,-0.19600965374655036
NAT8L,-0.7770035212256308
NAT9,0.8159814724868678
NATD1,1.0308767303527167
NAV1,-0.7942137701734455
NAV2,0.39764755412496117
NAV3,-0.9396853328153818
NAXD,-1.0726635500845634
NAXE,-0.4930147588455084
NBAS,0.4347215136875602
NBDY,0.15107554158731176
NBEA,-1.503844368546478
NBEAL1,1.0347896979011184
NBEAL2,1.105578440185136
NBN,0.018118574463174483
NBR1,0.08251423046170582
NCALD,-1.3882766213550437
NCAM1,-1.4996690416950815
NCAM2,-1.3795717666717993
NCAN,-1.2420524283231935
NCAPD2,0.39427421503384363
NCAPD3,0.1341253812411262
NCAPG,0.3747888183673801
NCAPG2,-0.23537914676875998
NCAPH,0.3429538186524083
NCAPH2,-0.1891632580683616
NCBP1,0.1899437196968603
NCBP2,0.36328361902510564
NCBP2-AS2,-0.16414971345454812
NCBP3,0.9224057689926097
NCDN,-1.6169686217171308
NCEH1,-0.1677048298271116
NCF1,1.2277939675990321
NCF2,1.236559860499852
NCF4,1.3062779651398302
NCK1,1.0318280289685644
NCK2,-0.1126967977307658
NCKAP1,-1.3055027697358081
NCKAP1L,0.7926687722113045
NCKAP5L,0.2352574681839727
NCKIPSD,-1.2569940281771228
NCL,0.3731873900703939
NCLN,0.8317822215797908
NCOA1,-0.42514552518026477
NCOA2,0.38742027130428247
NCOA3,0.5360025321317478
NCOA4,-0.02742350477846956
NCOA5,0.0029996437252439202
NCOA6,0.2978648978994578
NCOA7,-1.4762687099327227
NCOR1,-0.025774751856168357
NCOR2,0.8002889004399509
NCS1,-1.5831998510960843
NCSTN,0.7761338145269103
NDC1,-0.1385261940744882
NDC80,0.22341025552046045
NDE1,0.2380794783196199
NDEL1,-1.1812661317863786
NDFIP1,0.42035461373221716
NDN,-0.01617867063279402
NDOR1,0.4022406636877618
NDP,-0.5287260930495712
NDRG1,0.19384485434537296
NDRG2,-1.0656539853447866
NDRG3,-1.302587639867551
NDRG4,-1.606405452581039
NDST1,0.5133187190835252
NDUFA1,-0.5311119775089024
NDUFA10,-1.276801513018635
NDUFA11,-1.4307928196816482
NDUFA12,-0.8882489565748297
NDUFA13,-1.307959515702421
NDUFA2,-1.3210666793647006
NDUFA3,-1.1855027138870669
NDUFA4,-1.1072042353955762
NDUFA4L2,0.18873338591060462
NDUFA5,-0.5210598321490421
NDUFA6,-0.8669102272878193
NDUFA7,-1.1111444926565428
NDUFA8,-1.1686270596034043
NDUFA9,-1.3502450501168002
NDUFAB1,-1.0996813941330505
NDUFAF1,-0.730706155720388
NDUFAF2,-0.4809445379929351
NDUFAF3,-0.8850807231295341
NDUFAF4,-0.8589355326190726
NDUFAF5,-0.560359640172708
NDUFAF6,-0.7896704760771562
NDUFAF7,-0.32601972394261347
NDUFAF8,-0.6085890400649807
NDUFB1,-1.3336213506517773
NDUFB10,-1.2687102266988024
NDUFB11,-1.2947704597412022
NDUFB2,-1.151814262172
NDUFB3,-1.3624004519740103
NDUFB4,-0.8966152791992528
NDUFB5,-1.2416296672042297
NDUFB6,-1.3259867957806932
NDUFB7,-1.1936971209125118
NDUFB8,-1.2920738932246163
NDUFB9,-1.087127185710071
NDUFC1,-1.3534433255706446
NDUFC2,-1.4864629305705699
NDUFS1,-1.2266296898607585
NDUFS2,-1.196187269107651
NDUFS3,-1.1314823163348322
NDUFS4,-1.1398495458693738
NDUFS5,-1.1245671715579297
NDUFS6,-0.8438359071131496
NDUFS7,-1.2253574154692255
NDUFS8,-0.972645035188134
NDUFV1,-1.3263712889583585
NDUFV2,-1.1872580296863233
NDUFV3,0.19090890897866453
NEBL,-1.0416785310581183
NECAB1,-1.5156950883764235
NECAB2,-1.5738830706189288
NECAB3,-1.0600124121340253
NECAP1,-1.6242471559950236
NECAP2,0.9982402470704066
NECTIN1,-1.670112956339754
NECTIN2,0.7479424449104703
NECTIN3,0.174967647686322
NEDD1,0.702953732003019
NEDD4,1.0122307073530301
NEDD4L,-0.8819256078526905
NEDD8,-0.14574491588203717
NEDD9,0.5348394312713363
NEFH,-1.157029574072454
NEFL,-1.132359078544409
NEFM,-1.0918866138297623
NEGR1,-1.6076195151063049
NEIL2,-0.1863692475283013
NEK1,0.06409816983081854
NEK11,0.42733309263562147
NEK3,0.19535809560377868
NEK4,0.10730560280380907
NEK6,0.7429258075889478
NEK7,0.005227923550731421
NEK8,0.2257035198939152
NEK9,0.8763725193640696
NELFA,-0.3401375858192101
NELFB,0.10492558869147202
NELFCD,0.0880341487333488
NELFE,0.4062246147206895
NELL2,-1.2407645304221937
NEMF,-0.12532339910504525
NEMP1,0.0963132080932804
NENF,0.0675295566048232
NEO1,-1.0089191013249577
NEPRO,1.3215333052479923
NES,0.770279754844442
NETO1,-1.0378137399985392
NETO2,-0.8726716437020725
NEU1,0.9118421056330053
NEU3,-0.8050473358868406
NEU4,-1.1890471235717002
NEURL4,-0.5448106691406938
NEUROD2,0.11597364739128024
NEXN,0.4759115263185416
NF1,-1.21592765636356
NF2,0.4562470193213272
NFAM1,0.5892653963846535
NFASC,-1.6203015968146532
NFAT5,0.031166618529232876
NFATC1,0.23759426697776484
NFATC2,0.8907283995509148
NFATC2IP,-0.008994697105528823
NFATC3,0.5517197386348868
NFATC4,0.9301041749860852
NFIA,-0.9027714424792086
NFIB,-0.7826481774928863
NFIC,0.7874725918810289
NFIX,-0.6061141126517449
NFKB1,1.344660004246494
NFKB2,1.0623738516002068
NFKBIA,0.5308591085419153
NFKBIB,0.28331679401042237
NFKBIE,0.7177728369272307
NFKBIL1,0.49271514569537067
NFRKB,0.9927592948657595
NFS1,-0.7432882007135636
NFU1,-0.1268926547888676
NFX1,0.2504657927547095
NFXL1,-0.5034253649454089
NFYA,0.08614497728623402
NFYB,0.631103542410928
NFYC,0.21557028979976273
NGB,-0.4853348388944422
NGDN,0.8679264093646262
NGEF,-0.9532303469969178
NGFR,-0.362367116589673
NGLY1,0.25106028853153894
NGRN,0.40134159195651664
NHEJ1,-0.23517517450748765
NHLRC2,-0.043102921063340786
NHLRC3,0.4553045203682857
NHP2,0.27740201949455146
NHS,0.6527239848882094
NHSL1,-0.04988183549173612
NHSL2,0.05691728679751126
NICN1,0.07706213868482605
NID1,0.4645575766153526
NID2,0.731273920125705
NIF3L1,-0.9404601238849535
NIFK,0.961867111918361
NIN,0.6459710927962323
NINJ1,-0.05749680792869829
NINJ2,-1.1016125224212048
NIP7,1.2909193687680527
NIPA1,-0.22747425528783083
NIPA2,0.794210541793184
NIPAL3,-1.3454713394874067
NIPBL,0.20641237289786035
NIPSNAP1,-0.9933009031230149
NIPSNAP2,-0.39579087044845507
NIPSNAP3A,0.11360602923407101
NIPSNAP3B,-0.8541146708973486
NISCH,-0.620843898902423
NIT1,-0.3665582765498727
NIT2,-0.7671288725387353
NKAIN3,-1.020142748718436
NKAP,0.4236954139340664
NKAPD1,-0.07040713883371577
NKIRAS1,-1.3701815165979692
NKIRAS2,-0.3255078981611317
NKRF,-0.26553577044392285
NKTR,0.5600556044371476
NKX2-2,-0.4435921851767075
NLE1,0.49443656118206236
NLGN1,-0.6764729996722777
NLGN2,-1.3218024087964317
NLGN3,-1.2156586342339146
NLGN4X,-0.24030663946425343
NLGN4Y,-0.6826265449965055
NLK,0.3728856237637962
NLN,-0.04615508941283787
NLRC4,0.9136424050921905
NLRX1,-0.20774612103045642
NMB,-0.07171671691497958
NMD3,0.8801589901964808
NME1,0.42202757997793694
NME1-NME2,0.8458005423970323
NME3,0.41721502506648767
NME4,0.30420914423789625
NME5,0.8721935795262484
NME6,0.31647506885246657
NME7,0.5448301966056956
NMI,1.3887482354150429
NMNAT1,0.08162104161396917
NMNAT2,-0.09594698663781759
NMNAT3,0.5070594905601742
NMRAL1,-0.4006595535324934
NMRK1,0.2125582622446136
NMT1,0.42489413545946486
NMT2,-1.0592916408011084
NNMT,1.2841220306989196
NNT,-1.306422805576492
NOA1,-0.27242288594140446
NOB1,0.47218281509723453
NOC2L,0.8216753701625141
NOC3L,1.291874973634809
NOC4L,0.9177044869614539
NOCT,0.22151745809545387
NOL10,1.1826862304575587
NOL11,1.0229028103119255
NOL12,0.3174037830463884
NOL3,0.79387603248158
NOL4,-0.7824057669295985
NOL4L,-0.48932538938510206
NOL6,0.9166494725179198
NOL7,0.8846044079733898
NOL8,0.9157485580325828
NOL9,0.37550995032365775
NOLC1,-0.23521430318011574
NOM1,0.39607111083110064
NOMO1,0.3477722689009849
NOMO2,0.12377031165148
NONO,0.1840999536273129
NOP10,0.7271729094874763
NOP14,0.7270745489290605
NOP16,1.0673553840819756
NOP2,1.1975076061632723
NOP53,0.87416727236086
NOP56,0.2775605423423838
NOP58,0.4564028480642092
NOP9,-0.28427732136829875
NOS1,-1.1373582839457603
NOS1AP,0.5817214041629772
NOS2,-0.08054118941088431
NOS3,0.20580307820774818
NOSIP,0.09579241687163162
NOSTRIN,0.08611302626436763
NOTCH1,-0.8388989569511354
NOTCH2,0.4485231193193
NOTCH3,0.17475553381936343
NOV,-0.5132345524762277
NOVA1,-1.0858083977253847
NOVA2,-1.0918284851422069
NPAS3,-0.3571334462396652
NPAT,-0.17844256110953888
NPC1,0.2100673818096423
NPC2,0.9675921700136577
NPDC1,-1.2045766433892338
NPEPL1,0.8439415831921673
NPEPPS,-0.7779951112495487
NPHP4,0.08082545692238355
NPL,0.569286325398331
NPLOC4,0.2880586156720206
NPM1,0.7350385104865412
NPM3,1.0983765537148156
NPNT,0.1085890148109151
NPPA,-0.5470906431229776
NPR2,0.24614429222519182
NPRL2,-0.3087096945654121
NPRL3,-0.08862675695829067
NPTN,-1.2246574116205968
NPTX1,-1.5900780337333245
NPTX2,-1.0541948557866216
NPTXR,-1.6507139103897384
NPY,-1.5872620138113294
NQO1,-0.17531460095132065
NQO2,-0.3917781287819718
NR1H2,0.4106372873992815
NR2C1,0.4838386006291516
NR2C2,-0.2012992352309671
NR2C2AP,0.4431682816014789
NR2E1,0.30029830958760495
NR2F1,-0.8889406572619216
NR2F2,-0.11468473251217812
NR2F6,0.5015322898795093
NR3C1,0.06509209506990295
NR3C2,-0.584888990306726
NRAS,-1.0321895202729081
NRBF2,0.7875506189269088
NRBP1,0.031876069594350506
NRBP2,-0.3450414148634886
NRCAM,-0.43877797184829015
NRDC,1.0189901376944874
NRDE2,0.29326777896711576
NRF1,-0.11186275179665364
NRGN,-1.3771169734267064
NRIP2,-1.2179718413076124
NRIP3,-0.4684076351805228
NRM,-0.019718246997832443
NRN1,-1.472695531891381
NRP1,0.8705635826925491
NRP2,0.8466495199550503
NRSN1,-1.4132167293331739
NRSN2,-0.8806297929653792
NRXN1,-1.6142108136424038
NRXN2,-1.4918999910753832
NRXN3,-1.6322622258249422
NSA2,1.1807354667135328
NSD2,-0.5083601600275655
NSD3,-0.08691633308078864
NSDHL,0.5900882097431006
NSF,-1.6711354967789402
NSFL1C,-0.13589661114372986
NSG1,-0.3504833325369596
NSG2,-1.515103506322324
NSL1,0.2998339717043699
NSMAF,1.2284873462260606
NSMCE1,0.48901093345806534
NSMCE2,0.6299309501852283
NSMCE3,0.11828322959014334
NSMCE4A,0.2963575888571891
NSMF,-1.1518476857668016
NSRP1,0.4695964167089832
NSUN2,1.040803948976441
NSUN3,0.8896051942326553
NSUN4,0.3827930629110239
NSUN5,0.2657404854097347
NSUN6,0.48591327337423573
NT5C,-0.495097009267716
NT5C1A,-1.0603160362568826
NT5C2,-0.5087960655346913
NT5C3A,-0.14409847577014182
NT5C3B,-0.17937640704107782
NT5DC1,-0.10238912256863303
NT5DC2,0.3459823374995913
NT5DC3,-0.5017321108654788
NT5E,-0.13498024221722538
NT5M,-0.2692448811175781
NTAN1,1.315733573499459
NTHL1,-0.8368496080744702
NTM,-1.4399247793891359
NTMT1,0.5130255928139679
NTN1,0.13274196770420887
NTN4,-0.21846900164979097
NTNG1,-0.2544531519446194
NTNG2,-1.5602469861541661
NTPCR,0.23459174472654895
NTRK2,-0.606025914406923
NTRK3,-0.951459988348598
NTS,1.0226770012944344
NUAK1,-1.353008783724923
NUB1,0.6283150546502274
NUBP1,-0.1759538483361986
NUBP2,0.9908771346833893
NUBPL,-0.7914221900674501
NUCB1,1.1219779157111254
NUCB2,1.2627121752623027
NUCKS1,0.11042891308975367
NUDC,0.05877472360589928
NUDCD1,0.8763789771491135
NUDCD2,-0.3365101616039574
NUDCD3,-0.33042349604228405
NUDT1,-0.05734672571223989
NUDT10,-0.018208610482091117
NUDT11,-0.5507675133563574
NUDT12,-0.42520077272116485
NUDT14,-0.9468508660509972
NUDT15,0.41978280428458825
NUDT16,0.46168867303731315
NUDT16L1,-0.11847443329719956
NUDT18,0.6469791987901027
NUDT19,0.4423558537382883
NUDT2,-0.119574864326776
NUDT21,0.1195200874665295
NUDT22,1.43151030834658
NUDT3,-1.2501116693268282
NUDT4,-0.4147007709755286
NUDT5,0.20856049699857682
NUDT6,-0.16659457634226127
NUDT8,0.06775595118421865
NUDT9,0.4469784907545372
NUF2,0.2885054938087551
NUFIP1,0.6171815636416541
NUFIP2,1.1563028824268367
NUMA1,-0.2922178422226135
NUMB,0.1293756698092591
NUMBL,-1.307339509019434
NUP107,0.5784576761298921
NUP133,0.5064123491915823
NUP153,0.22706487571357364
NUP155,0.6997305261074259
NUP160,0.8884991844748318
NUP188,0.46793615819213796
NUP205,0.46548160547778916
NUP210,0.2277669610073877
NUP214,0.9781811452406864
NUP35,0.46917543344991364
NUP37,0.8955554371268002
NUP43,0.21622171039397164
NUP50,0.6377598498103878
NUP54,0.9592575022907498
NUP58,0.9620134336852556
NUP62,1.0013941692447905
NUP85,1.0501545753848538
NUP88,0.6621029412020758
NUP93,0.6307688875558544
NUP98,0.7972688352876063
NUPL2,0.4772671923152335
NUPR1,0.7553001495870542
NUS1,0.37404499671436864
NUSAP1,0.16974643491903846
NUTF2,0.1750883721014535
NVL,0.5779375949953549
NWD2,-0.5789771322741892
NXF1,0.027969493280951274
NXN,-0.23923680693583502
NXPH1,-1.3953751832378067
NXPH3,-0.20928866436941446
NXT1,0.6837501121631046
NXT2,-0.027760776104613895
NYAP1,-1.3136948651764064
NYAP2,-0.8095069618753299
OAF,0.7700412946117838
OARD1,-0.11484292675447566
OAS1,-0.1955328276696127
OAS2,0.15419853815524132
OAS3,0.0742178251169669
OASL,0.4817573867577701
OAT,-0.8414995252505053
OBSL1,0.8742230280719505
OCIAD1,-0.6276961457268713
OCIAD2,0.6417892004348034
OCLN,-0.12897108883283384
OCRL,-0.7182657334642957
ODF2,0.7369756955580409
ODR4,0.4063031657764305
OFD1,0.9951502652546372
OGA,-1.244826678429738
OGDH,-1.0702403472608177
OGDHL,-1.5920498581058253
OGFOD1,0.6260818996595904
OGFOD2,0.811894689881382
OGFOD3,0.8338163481669787
OGFR,0.4419245080140216
OGFRL1,-0.33823336402738824
OGN,0.6904907121459926
OGT,-1.325045970463976
OIP5,0.13117235462020693
OLA1,-0.013424376772980697
OLFM1,-1.4920329950529108
OLFM2,-0.6811697143340731
OLFM3,-1.430930829655251
OLFM4,0.8521882739832034
OLFML1,0.5901251868437467
OLFML2A,0.35181656668860933
OLFML2B,0.9376395940851197
OLFML3,0.5618151705695464
OLIG1,-1.1034503561390006
OLIG2,-1.0659060738030215
OLIG3,-0.12253425586384672
OMA1,0.18470665312099058
OMD,0.6234599091278281
OMG,-1.6031297844054648
OPA1,-1.3453599720174123
OPA3,-0.7263227109734323
OPALIN,-1.24454924314581
OPCML,-1.650374850719877
OPHN1,-1.177848373986068
OPLAH,0.5442201430245059
OPTN,-1.2035176868575834
ORAI1,-0.08655222054768245
ORC1,0.18541204219627938
ORC2,0.43711453815372153
ORC3,0.2873131438483315
ORC4,0.3990560371925984
ORC5,0.18979032781230787
ORC6,-0.5198260868699608
ORM1,0.5756771215095087
ORM2,0.5202059759509755
ORMDL1,0.7106736300486838
ORMDL2,0.7487889019891387
ORMDL3,0.18255862484890167
OS9,0.6484653005562623
OSBP,0.1991550248759717
OSBP2,-0.3719828581833049
OSBPL10,0.2516312461725197
OSBPL11,0.5438718482655346
OSBPL1A,-1.000402543662957
OSBPL2,-0.9525577215327523
OSBPL3,1.1023202112226407
OSBPL5,0.4459632222175209
OSBPL6,0.25684131690928735
OSBPL7,0.07573159438610669
OSBPL8,-0.1495121858530008
OSBPL9,0.739963264028172
OSCAR,0.6094500585066583
OSCP1,-0.3903193507810411
OSGEP,0.32446654160522437
OSGEPL1,-0.3629490386216484
OSMR,0.7710125587427243
OSTC,0.1781772736802712
OSTF1,1.049264785916436
OSTM1,0.24507525162945004
OTUB1,-0.6493913610432996
OTUD1,0.40049642829326154
OTUD3,0.21648607121730312
OTUD4,1.1826864240047552
OTUD5,0.059362521596409
OTUD6B,-0.29058929413717016
OTUD7A,-1.3454329924195996
OTUD7B,-0.504888901538389
OTULIN,1.4335287448652156
OTULINL,0.5339188991484962
OVCA2,1.2035462514168214
OXA1L,-0.2872598935354118
OXCT1,-1.2998055330069098
OXLD1,-0.09061443881738337
OXNAD1,0.06619771672159558
OXR1,-1.4405368482694807
OXSM,-0.15467216140179316
OXSR1,0.48781751945494345
P2RX4,0.637960778243092
P2RX7,-0.7283537465910239
P2RY1,-0.08817646213931629
P2RY12,-0.6613787434127991
P2RY13,0.46388100234015534
P3H1,1.3329246625317894
P3H2,1.0087339695146142
P3H3,1.2612878028899448
P3H4,1.3567806104449773
P4HA1,1.1200240805529469
P4HA2,1.2761118011718464
P4HB,1.480631789200829
P4HTM,0.9462477103862339
PA2G4,0.6977020694761701
PAAF1,1.0737324331932152
PABPC1,0.6962462213617436
PABPC1L2A,-1.5862990327123032
PABPC3,-0.49365923622312885
PABPC4,0.7521735502624411
PABPC4L,0.7444141882790266
PABPC5,-0.460353003913614
PABPN1,-0.013670395469351598
PACRGL,0.16799718966803165
PACS1,-1.4745187327667968
PACS2,-0.9660332983279876
PACSIN1,-1.6907245705385605
PACSIN2,0.687113940123701
PACSIN3,-0.004299504860503086
PADI2,-0.33413636311056255
PADI4,0.8338662057830302
PAF1,0.6392026416740684
PAFAH1B1,-0.9031290824280825
PAFAH1B2,-0.6671970111234118
PAFAH1B3,-1.222637001222759
PAFAH2,0.9041459882386336
PAG1,-0.49152130597947535
PAGE2,-1.0859330334040762
PAGR1,0.7705725471703113
PAICS,0.5360266916974146
PAIP1,0.3524622554331289
PAIP2,0.9545162580444666
PAIP2B,-1.269179333341452
PAK1,-1.4225646392440048
PAK1IP1,0.6769348818235328
PAK2,0.5097629090464209
PAK3,-1.6144207987933836
PAK4,0.3130889781906017
PAK5,-1.0005049423619785
PALD1,0.35307511188163243
PALLD,0.703096218105115
PALM,-1.6179711549222096
PALM2,-1.022162114557875
PALM2-AKAP2,0.7266492040359148
PALM3,-0.4267437198691783
PALMD,0.5285484842421094
PAM,-1.137366787331652
PAMR1,0.8610813780447506
PAN2,0.6472298435150896
PAN3,0.2794778077144222
PANK1,-1.1305494090577033
PANK2,-0.7413553535851298
PANK3,0.5757811675185096
PANK4,-0.3921115202238421
PANX1,-0.9229166052997683
PAOX,0.028453318525107164
PAPLN,-0.09852623119750786
PAPOLA,0.5501861302988382
PAPOLG,-0.36081407429633483
PAPSS1,0.7970637591324332
PAPSS2,1.1274961085343402
PAQR4,-0.6728941727209534
PARD3,0.20263020248029778
PARD3B,-0.5669298481252419
PARD6A,-0.7063175864268114
PARD6B,0.035093283764108266
PARD6G,0.5019412791287934
PARG,0.20667813318175327
PARK7,-0.8120033517970124
PARL,-0.6191638210742696
PARN,1.0902409694608868
PARP1,-0.16312308155328845
PARP10,0.7823340007273784
PARP12,0.8794263423917914
PARP14,1.06361842239822
PARP16,0.272001479988067
PARP2,-0.8488221480620382
PARP4,1.3512928727561762
PARP9,0.976319123221066
PARS2,-0.5233826311942518
PARVA,1.0106613249977805
PARVB,0.6766502540883872
PARVG,1.163004185476145
PASK,0.06144376161034415
PATJ,0.8180247633898745
PATL1,0.8178417045552651
PATZ1,-0.34438151748852247
PAWR,0.2685549620557161
PAX6,-0.021901681785064676
PAXBP1,0.6309690430467438
PAXIP1,0.4511312727796192
PAXX,0.7372283306286846
PBDC1,0.7166569752021337
PBK,0.1798641874717063
PBLD,-0.7849707790530561
PBRM1,-0.13287103802886488
PBX1,-0.6286447940859097
PBX2,0.1369943377947758
PBX3,-0.3623376533973931
PBXIP1,0.14052500643354185
PC,-0.7969022221434989
PCBD1,0.5185057886159944
PCBD2,0.16261345699524987
PCBP1,0.9485362187381681
PCBP2,0.447155490244561
PCBP3,-1.2358691656436904
PCBP4,-0.633332052966803
PCCA,-1.1781135515791181
PCCB,-1.1038560548456433
PCDH1,-1.1390020197059116
PCDH10,-1.0413838195669416
PCDH12,0.2482955922078466
PCDH17,-0.7813708773262884
PCDH18,0.13447633777427545
PCDH19,-1.171039714943667
PCDH7,-1.4616740430862458
PCDH8,-0.6523554493090469
PCDH9,-0.762202911222619
PCDHA6,-0.4851837040630677
PCDHAC2,-0.3376165643969353
PCDHB10,0.41228144860817073
PCDHB14,0.15860667884999946
PCDHB16,0.06775318201224302
PCDHB3,-0.4087822887823366
PCDHB4,-0.9271660239663757
PCDHB5,0.39111913299554546
PCDHB7,0.023536970687196505
PCDHB9,0.7427092052902804
PCDHGA10,0.2517388494836664
PCDHGA11,0.698921848385966
PCDHGA12,-0.6876688385436304
PCDHGA5,-0.8191943737849745
PCDHGA8,0.39002291136758976
PCDHGA9,0.191523632321846
PCDHGB1,-0.04810514583925199
PCDHGB2,0.15709881292893807
PCDHGB3,-0.11367684356995247
PCDHGB5,0.10210923717396747
PCDHGB6,-0.6224104959870065
PCDHGB7,-0.6834313614355435
PCDHGC3,-0.5271831526202564
PCDHGC4,0.14936864318688553
PCDHGC5,-0.5248522923028294
PCF11,0.35859207480945127
PCGF1,0.13211952248052686
PCGF2,-0.3916861846510224
PCGF3,0.6843856367054305
PCGF5,0.5513415771066302
PCGF6,0.16419481379240575
PCID2,0.09647133763611918
PCIF1,-0.34363936903142334
PCK1,0.38378473978814986
PCK2,0.7038012087929222
PCLAF,-0.02726327338835653
PCLO,-1.644069544552468
PCM1,0.8670141660602144
PCMT1,-1.5092066888550568
PCMTD1,-0.05559540747090834
PCMTD2,-0.49417119668647613
PCNA,0.29527212008499615
PCNP,0.2078879771250886
PCNT,-0.20730169797745396
PCNX3,-0.38897054766498323
PCOLCE,0.8819733766210563
PCOLCE2,0.46059675612685236
PCP4,-1.30426086925842
PCP4L1,-1.5306812856175447
PCSK1,-0.9138429223300752
PCSK1N,-1.497691320142478
PCSK2,-1.3828840763574906
PCSK6,-0.20891521421968356
PCTP,1.093538863907043
PCYOX1,0.8190327957534786
PCYOX1L,0.2232038874071941
PCYT1A,1.0902236230761408
PCYT1B,-0.6518263726410412
PCYT2,-0.814638668762282
PDAP1,0.48977242889838224
PDCD10,0.9059214308010242
PDCD11,1.0612618693694924
PDCD2,0.6855595698229533
PDCD2L,0.4561080024399261
PDCD4,-0.15875311517174562
PDCD5,-0.13615761204759153
PDCD6,0.054526560244583855
PDCD6IP,1.0820841871126219
PDCD7,0.444923104623796
PDCL,-0.9524740375844738
PDCL3,0.8290462346298443
PDE10A,-0.9485918958614463
PDE12,0.3672845813722635
PDE1A,-1.5682881394138668
PDE1B,-1.326764013576443
PDE1C,-0.5047094654207434
PDE2A,-1.5972576790236612
PDE3A,0.7348581305529291
PDE4A,-1.2476186160167508
PDE4B,-0.4315721473714863
PDE4C,-0.5721087034084669
PDE4D,-0.7106644300331938
PDE4DIP,0.7452815565410889
PDE5A,0.26214658455584694
PDE6D,-0.5252155639891583
PDE7A,0.6420210324536559
PDE7B,-0.780405735091305
PDE8A,0.42295285274464745
PDE8B,-0.9103311496231108
PDE9A,-0.6193536331620073
PDF,-0.5630757494902359
PDGFA,-0.6252549112264859
PDGFB,0.22452152723038105
PDGFC,0.38817431943878333
PDGFRA,-0.3644148702846889
PDGFRB,0.3130144318411128
PDHA1,-1.4860144715902712
PDHA2,0.35267609320651927
PDHB,-1.3672946184577985
PDHX,-1.285070013533474
PDIA2,-0.6549757517503758
PDIA3,1.5246670744095963
PDIA4,1.3282959250406674
PDIA5,1.3255637246457261
PDIA6,1.4046676965205922
PDK1,0.1438569561610138
PDK2,-1.4778969745512254
PDK3,-0.7652743276250495
PDLIM1,1.1550997772325198
PDLIM2,0.3739052196972047
PDLIM3,0.5487086353454504
PDLIM4,0.7408759240714148
PDLIM5,0.8464716622391548
PDLIM7,1.2878353197374843
PDP1,0.30861708729239934
PDPK1,-1.119282458083067
PDPN,0.2740537175714586
PDPR,0.2783225688364179
PDRG1,0.9573936935937044
PDS5A,0.32615334166286913
PDS5B,-0.16712883273803297
PDSS2,0.25787659423508247
PDXDC1,1.1320885064925243
PDXK,-0.7365983113079997
PDXP,-1.6270463192466575
PDYN,-1.4628009901794115
PDZD11,0.034300462426862105
PDZD2,-0.5555041568143742
PDZD4,-1.2705319435958948
PDZD8,-0.39641227288444536
PDZRN3,0.4065442198666312
PEA15,-0.8984429092420537
PEAK1,-0.49809833334188347
PEBP1,-1.0779415665490102
PEBP4,-0.6586027147544268
PECAM1,0.7555082406843328
PECR,0.8739384660062239
PEF1,-0.17502598764590085
PEG10,0.23301802936884403
PEG3,-0.5732668870328255
PELI1,0.5406856174161421
PELI2,0.051112226719451204
PELO,0.2540495928365538
PELP1,0.5910520472485148
PEMT,0.1814325352258384
PENK,-1.3101437444476267
PEPD,0.7150922008992935
PER1,0.18243752665427287
PES1,0.6247735226472753
PET100,-0.46473954074346674
PET117,-0.3508813720388662
PEX1,0.905070247215756
PEX10,-0.06429140078869156
PEX11A,-0.5759818961057652
PEX11B,0.5791706016721812
PEX12,-0.09462973382699853
PEX13,0.6196444643955275
PEX14,-0.2634256530349821
PEX16,0.31271565253017397
PEX19,-0.1257414045177776
PEX2,0.09285975434853215
PEX26,0.546535622353327
PEX3,-0.10499988928223808
PEX5,0.31173201253562244
PEX5L,-1.3923386665022484
PEX6,0.7214663809324147
PEX7,0.0088489508568278
PF4,0.6760083160854654
PF4V1,1.0523140405536298
PFAS,0.4629642784897469
PFDN1,-0.4652572749479579
PFDN2,-0.25042843305554996
PFDN4,-0.26334603381776917
PFDN5,-0.5595082302385583
PFDN6,-0.4565860654451839
PFKFB2,-0.8443951087743826
PFKFB3,0.501781928195097
PFKFB4,0.3720483921141826
PFKL,0.6009662391686618
PFKM,-0.6377657125742167
PFKP,-1.473346577400996
PFN1,1.5126439592013299
PFN2,-0.5618603787197305
PGAM1,-0.90747626625274
PGAM2,-0.5498276894946318
PGAM5,-0.35095537234687074
PGAP1,-0.6250065790827566
PGAP3,0.28735916736947564
PGBD5,-1.293170512978994
PGD,0.5450665329600171
PGGHG,0.9318540021049351
PGGT1B,0.5126068092918032
PGK1,0.5362573523256966
PGK2,-0.009760441216313788
PGLS,0.6782426385442164
PGLYRP1,0.9324777375953424
PGLYRP2,0.4143060743310626
PGM1,-0.32799248240063167
PGM2,0.779482789533428
PGM2L1,-0.4755982844405067
PGM3,-0.3858999334844504
PGM5,0.569915593236274
PGP,-0.7823622125629213
PGPEP1,0.11925428866364501
PGRMC1,-0.5406184297274447
PGRMC2,0.11883963023985827
PGS1,-0.33587419600346047
PHACTR1,-1.3637786511535501
PHACTR2,-0.9025555562592463
PHACTR3,-1.3981427569372535
PHACTR4,0.47024916364960145
PHAX,-0.02320852353341668
PHB,-0.25005854812003164
PHB2,-0.18278011948854805
PHC1,-0.6560613460370179
PHC2,-0.36031745740918664
PHC3,-0.352420118498421
PHETA1,0.05432852527515364
PHF1,-0.09222449494654605
PHF10,-0.3678231748668175
PHF11,0.7751668553737687
PHF12,0.04159262096143701
PHF14,0.09147696756416071
PHF2,-0.41394630299562324
PHF20,-0.6074025883583389
PHF20L1,-0.773043561863852
PHF21A,0.15998210544720995
PHF23,0.8931949170990394
PHF24,-1.703609174309813
PHF3,-0.29846726058868916
PHF5A,0.17845266980376978
PHF6,-0.5458085538243775
PHF8,-0.4421881413437493
PHGDH,-0.7880885887560174
PHIP,0.060910738087951236
PHKA1,-0.02022085891314867
PHKA2,0.590353507829841
PHKB,0.08751059612420464
PHKG1,-0.056501212263401095
PHKG2,0.38317772567894404
PHLDA1,-0.06624330185196847
PHLDA2,0.23356253262265303
PHLDA3,-0.10508207725481067
PHLDB1,0.3076853874583457
PHLDB2,1.1284919831357476
PHLPP1,-0.9872675000728219
PHOSPHO1,0.5488263927127206
PHPT1,-0.2369432926167657
PHRF1,0.8723752566410075
PHYH,0.12064009792925004
PHYHD1,-0.1320155391818965
PHYHIP,-1.5975394283450717
PHYHIPL,-1.2197080707546855
PHYKPL,0.48463257299967494
PI16,-0.9841122138724939
PI3,0.9743406401110142
PI4K2A,0.5953992478719994
PI4K2B,0.9854718624634541
PI4KA,-1.3208826849798738
PI4KB,-0.5472269734732031
PIANP,-1.2579562305790155
PIAS1,0.23813628860317337
PIAS2,0.04690218259372036
PIAS3,0.1470657471948683
PIAS4,-0.041751700340151396
PIBF1,1.0528954634121541
PICALM,0.7101099806935535
PICK1,-1.3415418182504126
PID1,-0.8782711508832144
PIEZO1,0.8523570810545695
PIGA,0.23874789311592817
PIGB,0.6258770444574722
PIGBOS1,-0.5962436918848926
PIGG,0.8739876249177192
PIGH,0.26288324972128563
PIGK,0.6642982994014726
PIGN,0.6019043402145945
PIGO,0.2880701244218481
PIGQ,0.5528436009058266
PIGR,0.27413494668287985
PIGS,0.6293861361293285
PIGT,0.7993413247682194
PIGU,0.26518001115688816
PIGX,-0.04456791786587774
PIH1D1,1.2732916656017976
PIK3AP1,1.1880410386274725
PIK3C2A,0.16208412761336782
PIK3C2B,-0.7807280486119235
PIK3C3,-0.46261411573558936
PIK3CA,-0.6303729590316816
PIK3CB,-0.2678422613950481
PIK3CD,1.059442816783052
PIK3CG,1.1031167807759794
PIK3IP1,-0.9315478886177861
PIK3R1,-0.10413379358025654
PIK3R2,0.29637772250580396
PIK3R4,-0.08234771132158511
PIKFYVE,-0.8570782203824896
PILRA,0.44794385035835055
PIMREG,-0.23833383270708994
PIN1,-1.4269245266702422
PIN4,-0.09078436669916298
PINX1,-0.1770181866814211
PIP4K2A,-0.7599654364453254
PIP4K2B,-1.5407061433062665
PIP4K2C,-0.37676936321153387
PIP4P1,-0.4576989674575716
PIP4P2,-0.10915292115736934
PIP5K1A,-0.7049847862041289
PIP5K1B,-0.38866449504808853
PIP5K1C,-1.4190198196157184
PIPOX,0.7113821544542185
PIR,-0.21325082610519347
PIRT,-0.6689895559452426
PISD,-1.1938384470406764
PITHD1,-1.2317207680417646
PITPNA,-0.9022107972583415
PITPNB,-0.08741519482914961
PITPNC1,-1.058457746728118
PITPNM1,0.4090112586713456
PITPNM2,-0.8809310105117456
PITPNM3,-1.2836372454369596
PITRM1,-0.5684680237731929
PJA1,-0.6676319978186274
PJA2,-0.35374513705128346
PKD2,1.284209800219106
PKIA,-1.5085590309181418
PKIB,-0.5110721187029289
PKIG,0.06940542832926497
PKLR,0.4731307776785857
PKM,0.858466678731231
PKN1,1.097347147099402
PKN2,0.8675089794589643
PKNOX1,-0.21807168967598334
PKNOX2,-0.6600294369382549
PKP2,-0.12045991832138189
PKP4,-1.4712910461097573
PLA2G12A,-0.042724157424691205
PLA2G15,0.9771212805477898
PLA2G16,-0.14538755032529485
PLA2G2A,0.38706797688816214
PLA2G4A,0.9792366948475781
PLA2G4C,-0.7373322031717837
PLA2G6,-1.4262104935822526
PLA2G7,0.12773532260875003
PLAA,-0.07651529563256229
PLAC9,0.47936375533429415
PLAT,0.5186318501987953
PLAU,1.2589526915823868
PLAUR,0.9622252038953643
PLBD1,1.2438409034617468
PLBD2,0.7340019473143045
PLCB1,-1.5749406725433683
PLCB2,0.9738554874699845
PLCB3,0.5018799615785448
PLCB4,-0.8531667496267957
PLCD1,-0.13872046191820864
PLCD3,-0.7254420507775887
PLCD4,0.07619343787946697
PLCE1,-0.24354951258327098
PLCG1,0.3986020825543515
PLCG2,1.1782252497174728
PLCH2,-1.249943558131624
PLCL1,-1.3052304917813902
PLCL2,-1.3963355538316042
PLCXD3,-1.1792850290880788
PLD1,0.39727083795817353
PLD2,0.08771101730627426
PLD3,-0.3101170033658629
PLD4,-0.44505303409899577
PLEC,-0.1432449777487086
PLEK,1.1691525029249041
PLEKHA1,-1.4047045811704293
PLEKHA2,0.30148249271667005
PLEKHA3,1.1502354891175015
PLEKHA4,0.9711456886083423
PLEKHA5,-0.09389853936537838
PLEKHA6,-0.8831366582825918
PLEKHA7,-0.0707366330843679
PLEKHA8,0.11191653980455682
PLEKHB1,-1.0741825583793678
PLEKHB2,0.11827494456486776
PLEKHF1,1.0030059447903144
PLEKHF2,0.8483264962685184
PLEKHG1,1.0111627003804031
PLEKHG2,0.6434877663241191
PLEKHG3,-0.3399534625162635
PLEKHG5,0.3267671816974612
PLEKHH3,0.08662059294373839
PLEKHJ1,0.2198168180206024
PLEKHM1,0.800519336731631
PLEKHM2,0.9558401511010657
PLEKHM3,-0.6864688773811287
PLEKHO1,-0.7089833542389617
PLEKHO2,1.2793224349296541
PLEKHS1,0.6927288990717865
PLG,0.8003432818089629
PLGRKT,-0.15667326756685085
PLIN1,-0.27005189739607
PLIN2,0.6896423807946905
PLIN3,1.1791361311417834
PLIN4,-0.9832373096373167
PLK1,-0.11001831522302682
PLLP,-1.0156414796013429
PLOD1,1.350893505316907
PLOD2,1.2032122652767323
PLOD3,1.3511101430464982
PLP1,-1.0728627742291525
PLP2,0.2778064095923874
PLPBP,-0.8920826282552058
PLPP1,0.23178112926360284
PLPP3,-0.9206517809382879
PLPP6,-0.8349162574900026
PLPPR1,-1.2502441079156288
PLPPR2,-0.529216292561597
PLPPR4,-1.1247237607331657
PLRG1,0.5110868026195187
PLS1,1.179189462459508
PLS3,1.033631841085163
PLSCR1,0.20630053326360792
PLSCR3,-0.275496548518274
PLSCR4,-0.7336179206894189
PLTP,0.8375101634326579
PLVAP,0.770277085489171
PLXDC1,0.25342224319254125
PLXDC2,0.14087336046417398
PLXNA1,-1.3397601407307969
PLXNA2,-1.4669849352006015
PLXNA3,-0.6447079799656784
PLXNA4,-1.4536002633738065
PLXNB1,-1.0280034397937499
PLXNB2,0.36288272389115583
PLXNB3,-0.6817481974876174
PLXNC1,-0.5448836254845979
PLXND1,0.29953373631769853
PM20D2,-0.534265307074273
PMAIP1,1.0055900859633566
PMF1,0.3021649447544151
PML,1.107968997541206
PMM1,-0.6990154315957039
PMM2,1.4025336128428407
PMP2,-0.6893969230162325
PMPCA,0.13621100860135593
PMPCB,0.17539567909253773
PMS1,0.49995454758044255
PMS2,0.2874674953702916
PMVK,-0.18221756916310522
PNCK,-1.4657041492563785
PNISR,0.4080639171092177
PNKD,0.3960734588736051
PNKP,0.4361647267604495
PNMA1,-0.8712871448151029
PNMA2,0.5299438670662662
PNMA6A,-1.079474306520745
PNMA6F,-1.1396249418561906
PNMA8A,-1.0898506042028293
PNMA8B,-0.9843366839343557
PNN,0.1806560890060016
PNO1,0.7367550000830275
PNOC,-1.3278933904994998
PNP,0.30028671595504464
PNPLA2,0.25095564541807547
PNPLA4,0.048189869000051344
PNPLA6,-0.08521172486073467
PNPLA7,-0.1530751717104913
PNPLA8,-0.38350572616317585
PNPO,0.25255243799544197
PNPT1,-0.2599263189629979
POC1B,0.40828346444178076
POC5,0.3482185428491378
PODN,0.1024613812066559
PODXL,0.36991169559432524
PODXL2,-1.477266340846276
POFUT1,1.076385398711434
POFUT2,1.277959801335585
POGK,-0.07760075141058068
POGLUT1,0.9484090658989891
POGZ,-0.4402399582054046
POLA1,0.3341929420439001
POLA2,0.2763673278218897
POLB,0.09440090921456579
POLD1,0.3417951450037027
POLD2,0.4021222737703403
POLD3,0.36812498571868296
POLD4,1.2519926700150754
POLDIP2,0.13707679600540015
POLDIP3,-0.4125446444858112
POLE,0.27210081269245756
POLE3,0.6985014554974854
POLE4,0.20455824219964186
POLG,0.27509477217439016
POLG2,-0.2932836326470105
POLI,-0.14627494148905285
POLK,0.357917397333343
POLL,0.21827891054716483
POLR1A,0.7960185834691205
POLR1B,0.7202176588214093
POLR1C,0.9630012793572873
POLR1D,0.8341479834434554
POLR1E,0.5889211199480741
POLR2A,0.6096439420383046
POLR2B,0.28780306679502343
POLR2C,0.8251409944370174
POLR2D,0.4437828838014719
POLR2E,0.9983070389848907
POLR2F,0.17298032587093476
POLR2G,0.22859656987719526
POLR2H,1.2630996077038832
POLR2I,0.0686416402511445
POLR2J,0.14217674419884363
POLR2K,0.19726626687070048
POLR2L,0.4948178521811336
POLR2M,0.5936177421959848
POLR3A,0.31512384262844517
POLR3B,0.3923065159778923
POLR3C,0.6656337846275376
POLR3D,0.6460160301470754
POLR3E,0.2871056676868382
POLR3F,0.46461711391496074
POLR3GL,0.07069961658312987
POLR3H,0.38782062129626793
POLR3K,0.4715821426955804
POLRMT,-0.16233053228479807
POM121,0.3788686822145283
POM121C,-0.17549511778547977
POMGNT1,0.17212837001482956
POMGNT2,-0.350380046231318
POMK,-0.7916279109179054
POMP,0.10275601358729311
POMT1,-0.1264407276632756
POMT2,-0.12021256204235123
PON1,0.7358650683011576
PON2,0.2285049689115386
PON3,0.7563528250596006
POP1,0.9037511436992363
POP4,0.648170539765061
POP5,0.42894714990655636
POP7,0.2438723474695891
POR,0.5473579152056489
PORCN,-0.9400089464122964
POSTN,0.9185759684020794
POT1,0.1143519541354539
POTEF,0.6682652972909109
POTEI,0.6668160421359581
POTEJ,0.5856434923913674
POU2F1,0.9820784580873947
POU2F2,0.6905102402959518
POU3F2,-0.22851773696886957
POU3F3,-0.5011451554207909
POU3F4,-0.35816007387331283
PPA1,0.04952748692098476
PPA2,0.1324863688418167
PPAN-P2RY11,1.1291556082989849
PPAT,0.5032777228210381
PPBP,0.5881949550863151
PPCDC,0.8236718793373454
PPCS,1.327657523437968
PPDPF,0.18819205871619832
PPEF1,-1.0684803974250345
PPFIA1,-0.316498367331449
PPFIA2,-1.2505427254833186
PPFIA3,-1.7077495624868586
PPFIA4,-1.5291865613212448
PPFIBP1,1.1562196449617412
PPFIBP2,0.30990022052048394
PPHLN1,0.7665183319332567
PPIA,-0.393415413035076
PPIAL4G,-0.11490638005426995
PPIB,1.3105894673017513
PPIC,1.2681287419419005
PPID,0.30144274024093864
PPIE,0.8582787754719678
PPIF,-0.6882925513647542
PPIG,0.2690273078006241
PPIH,-0.08376349666530132
PPIL1,-0.5205845636962101
PPIL2,0.5605369386552286
PPIL3,0.23741286510864523
PPIL4,-0.1888147767914249
PPIP5K1,-0.4410236625454896
PPIP5K2,1.1018248451232524
PPL,0.8105525899321722
PPM1A,-0.868736129075488
PPM1B,-0.5694136606702145
PPM1E,-1.5269935708551947
PPM1F,0.6803965205217835
PPM1G,0.5864274372374856
PPM1H,-1.6074492579950905
PPM1J,-0.6228273004542528
PPM1K,-1.0698457738975882
PPM1L,-0.42100039244610266
PPM1M,1.1043250112231282
PPME1,-0.7240361801365878
PPOX,-0.20783679851089942
PPP1CA,0.809137324181128
PPP1CB,0.13819670974579995
PPP1CC,-0.8269628920167154
PPP1R10,0.1658382184603529
PPP1R11,-0.3803505178114755
PPP1R12A,1.0742327300074277
PPP1R12B,-1.2672701394302122
PPP1R12C,0.40993813198418705
PPP1R13B,-0.8268810800349784
PPP1R13L,0.4476189666290311
PPP1R14A,-0.5835952945032842
PPP1R14B,0.6712505739677137
PPP1R14C,-0.8967983640888069
PPP1R16A,-0.5073953855100886
PPP1R16B,-1.3283362146617423
PPP1R18,1.1294021389057227
PPP1R1A,-1.213671317535624
PPP1R1B,-1.124083975764056
PPP1R1C,-0.29148282370736145
PPP1R2,-0.6843198948343119
PPP1R21,-0.7255847065958394
PPP1R35,0.3230390530070464
PPP1R37,0.047846929531648374
PPP1R3D,-0.14367135321082242
PPP1R3E,-0.24188432477901867
PPP1R3F,-0.42402033755107904
PPP1R3G,0.15276944124411415
PPP1R7,-1.0614087636112817
PPP1R8,0.49878741811851124
PPP1R9A,-1.1263562736110462
PPP1R9B,-0.2619053763813502
PPP2CA,-1.0662017845633593
PPP2CB,-0.6339489725135051
PPP2R1A,-1.4382617481023305
PPP2R1B,0.4844125992850302
PPP2R2A,-0.4094317863717356
PPP2R2B,-0.6845249281067329
PPP2R2C,-1.6105138261141323
PPP2R2D,-1.4885709009335444
PPP2R3A,0.5647827232325193
PPP2R3B,-0.04244332406577905
PPP2R3C,0.7501753083221059
PPP2R5A,-1.0983859162560874
PPP2R5B,-0.8864372446007076
PPP2R5C,-1.2762273113881784
PPP2R5D,-1.2081125968954498
PPP2R5E,-1.2720571607342213
PPP3CA,-1.4297595721627556
PPP3CB,-1.6729705784295552
PPP3CC,-1.344642100361359
PPP3R1,-1.6332050589354106
PPP4C,0.4794361988030188
PPP4R1,1.1483063273619858
PPP4R2,0.3698629972478419
PPP4R3A,0.489078318437609
PPP4R3B,0.5745364069300212
PPP4R4,-1.398469396253711
PPP5C,-0.9889094485324923
PPP6C,0.801691133014069
PPP6R1,0.6779350491374301
PPP6R2,-1.0724643469704325
PPP6R3,0.29315532589670973
PPT1,-0.6957439575023965
PPT2,0.021908996904662137
PPTC7,-0.7267013427522492
PPWD1,1.1027553732131057
PQBP1,0.15108097079794813
PQLC1,-0.346078112145048
PRAF2,-0.10131087571759244
PRAG1,0.6584842916145999
PRAM1,0.7966572732276476
PRC1,0.4605064598412145
PRCC,0.3224183316503186
PRCP,0.2224947846904635
PRDM10,-0.4525578913715199
PRDM2,0.14584775748857443
PRDX1,-0.19484589985741854
PRDX2,0.007738158444791539
PRDX3,-0.5619531356501795
PRDX4,1.0837111613820944
PRDX5,-0.6499864864374014
PRDX6,0.4069791086166902
PREB,0.1474423421206002
PRELID3A,-0.09900604442476907
PRELP,0.8695295744756029
PREP,-0.5682322001916592
PREPL,-1.1161015819519342
PREX1,-0.3706374367165537
PREX2,0.06388991334691776
PRF1,0.6976768377359315
PRG2,0.7696158070832475
PRG3,0.49563729654255434
PRG4,0.534861389314498
PRICKLE1,-0.4065633711703571
PRICKLE2,-0.6337609275483473
PRICKLE3,0.4966976623724141
PRIM1,0.13625715869020188
PRIM2,0.24491557386760932
PRIMPOL,1.0479141987682006
PRKAA1,0.776589286223814
PRKAA2,-0.8811289236631925
PRKAB1,1.0344709291324787
PRKAB2,-0.6211094175265554
PRKACA,-0.09152765304917566
PRKACB,-1.39400863364347
PRKACG,0.644275923277147
PRKAG1,1.17970945254622
PRKAG2,-1.1312878472334804
PRKAR1A,0.46499002494355446
PRKAR1B,-1.4957229274855415
PRKAR2A,0.39596199833563495
PRKAR2B,-1.375987582376698
PRKCA,-0.493383875330917
PRKCB,-1.314271941705113
PRKCD,0.6317523860231474
PRKCE,-1.6916904000916861
PRKCG,-1.3256888856187679
PRKCH,0.5945147153112982
PRKCI,-0.15890928525039744
PRKCQ,-0.10925345432871614
PRKCSH,1.3400399497814526
PRKCZ,-0.881424473989495
PRKD1,0.1775754275712822
PRKD2,0.5349005592542938
PRKD3,0.3771871275035752
PRKDC,0.12299749310532117
PRKG1,-0.021267679459730994
PRKG2,-1.0800152106990395
PRKN,-1.1656243351037605
PRKRA,-0.34615899259096805
PRKRIP1,0.22863783061722712
PRKX,0.24754014660134008
PRMT1,0.5888046906012654
PRMT2,0.10299648496550978
PRMT3,0.3911941064314447
PRMT5,0.0812570101256108
PRMT6,0.24036110219971513
PRMT7,0.16906475899998513
PRMT8,-1.4568754109301338
PRMT9,0.07216373131742451
PRNP,-1.6416214489675607
PROC,0.6265627530797666
PROCR,1.0771923998122803
PRODH,-1.1132371537477552
PROM1,-0.10492477236140792
PROS1,1.1982262296443071
PROSER1,0.2579290428696761
PROSER3,0.4666088144270486
PROX1,-0.24210590545372657
PROZ,0.7428114497501328
PRPF18,0.14214890469835256
PRPF19,0.23033681292685942
PRPF3,0.34977559818727366
PRPF31,0.3432450275295935
PRPF38A,0.1651361373235287
PRPF38B,0.3259102549368055
PRPF39,-0.10751580927218482
PRPF4,0.588852820473101
PRPF40A,0.7991263796610354
PRPF40B,-0.019116023483011765
PRPF4B,0.49028927590076055
PRPF6,0.24219609149335558
PRPF8,0.5431108205921559
PRPH,-0.5585828746375217
PRPS1,-0.06933126242215762
PRPS2,0.9747396415681175
PRPSAP1,-0.11470919343382305
PRPSAP2,-0.3848322590517089
PRR12,-0.08508620952728303
PRR14,0.4760052418171157
PRR15,0.6172095088086826
PRR18,-0.7393808484848512
PRR3,0.15065957375709405
PRR36,-1.4722101276168935
PRR5L,0.4818303793576012
PRRC1,1.3010872611579951
PRRC2A,-0.1299792144679511
PRRC2B,0.06324299759265695
PRRC2C,0.6190531929515608
PRRG1,-0.2916508615540847
PRRG3,-0.10377769484661739
PRRT1,-1.0173340151175565
PRRT2,-1.6186794433991087
PRRT3,-1.352866865633866
PRRX1,0.831758445804754
PRSS1,0.3408651656720292
PRSS23,1.1100881737697557
PRSS3,0.30760057510951233
PRTFDC1,-0.21883354725207313
PRTN3,0.9113345050968696
PRUNE1,-0.6502468482863697
PRUNE2,-0.05913119997017693
PRX,0.11727798017801248
PSAP,-0.3190117403316698
PSAT1,-0.6869371375265623
PSD,-1.575477739044937
PSD2,-0.9048467835805287
PSD3,-1.5541695925975876
PSEN1,-0.5081784128966164
PSEN2,0.45999191804063067
PSIP1,-1.0363647844454298
PSMA1,0.8359609962146095
PSMA2,1.048177467700055
PSMA3,0.9752864052576211
PSMA4,0.5429872579505097
PSMA5,0.8437789371385152
PSMA6,0.9117189495400133
PSMA7,0.9105691838612955
PSMB1,0.8231177538515092
PSMB10,1.1718333110906674
PSMB2,0.9689843742701669
PSMB3,0.9543854588358436
PSMB4,0.8459565395172792
PSMB5,-0.36214982501642845
PSMB6,0.1769753612251573
PSMB7,0.005401830127943286
PSMB8,0.8429053305457536
PSMB9,0.8239184856565474
PSMC1,0.761216639534118
PSMC2,0.6209165465342765
PSMC3,0.40770038860145974
PSMC4,0.7119943831335663
PSMC5,0.7031145735100685
PSMC6,0.48287805884276624
PSMD1,0.6186056075509194
PSMD10,0.31093045871168573
PSMD11,0.5685942460583457
PSMD12,0.9475712010350388
PSMD13,0.920091965315696
PSMD14,1.0639422242577177
PSMD2,0.9047291884725908
PSMD3,0.7826914703961543
PSMD4,0.1985527794473172
PSMD5,1.001419402778313
PSMD6,0.7638350486673451
PSMD7,0.8115740117692262
PSMD8,0.9527971584111596
PSMD9,0.7504717778240779
PSME1,0.9575863297528573
PSME2,1.0354836897328548
PSME3,0.7206828161369302
PSME4,1.0628614927242865
PSMF1,0.13571632932765135
PSMG1,0.5933306534385633
PSMG2,0.4612457734529405
PSMG3,0.7362712501220314
PSMG4,0.5602383759463375
PSPC1,-0.3045374142964997
PSPH,0.4433129840291077
PSRC1,-0.13758826761864368
PSTPIP1,1.0898920983210214
PSTPIP2,1.247607319219512
PTAR1,0.22239138060966335
PTBP1,1.0131117907361087
PTBP2,-0.5951018209075485
PTBP3,1.0452600337459277
PTCD2,0.10016228304126933
PTCD3,-0.07399405273043075
PTDSS1,0.056217040180587374
PTDSS2,0.20547016608520574
PTEN,-1.040588411693673
PTER,0.2929059409093509
PTGDS,-1.3164775408307055
PTGES,0.6390078814253655
PTGES2,-1.0618541609842196
PTGES3,-0.14117626920331217
PTGFRN,-0.18029972432296798
PTGIS,0.5178066763149755
PTGR1,0.18229480610953325
PTGR2,-0.4119241374066344
PTGS1,0.3484247320040838
PTGS2,0.45898732898612665
PTK2,-0.4239489324419794
PTK2B,-0.2147586256340137
PTK7,0.5587104602460036
PTMA,0.25814473668348625
PTMS,0.33788907295194137
PTN,-0.3391142977239803
PTOV1,-0.44083128622642975
PTP4A1,-1.3245611611251162
PTP4A2,-0.8242918971698842
PTP4A3,-0.7079850255684663
PTPA,-0.5331912984136925
PTPDC1,-0.2410714286816562
PTPMT1,-0.24842348887072657
PTPN1,1.2862975403263355
PTPN11,-0.8381982233609561
PTPN12,1.5041286922342056
PTPN13,0.3688473517038987
PTPN14,0.6291200620476796
PTPN18,1.1274900395078236
PTPN2,1.3496729155682865
PTPN21,-0.07272434522894708
PTPN23,-0.49946732991490705
PTPN4,-0.6162997701779013
PTPN5,-1.5385468074692996
PTPN6,1.3096962291636656
PTPN7,1.01734268801911
PTPN9,0.5861582659133466
PTPRA,-0.35114171089694096
PTPRC,1.1335357331573501
PTPRD,-1.3473164193361682
PTPRE,0.18798801128091702
PTPRF,-0.5054942703772161
PTPRG,-0.5110432969124689
PTPRJ,0.8482771438890682
PTPRK,-0.6144153739039269
PTPRM,-0.3746953584433542
PTPRN,-1.517661465444052
PTPRN2,-1.611018869913475
PTPRO,0.2042897593855933
PTPRS,-1.5583188723986976
PTPRT,-1.4335630018085683
PTPRZ1,-1.0572008939280133
PTRH1,0.6835583387981606
PTRH2,0.633741752510174
PTRHD1,0.08811849034628741
PTS,-0.025988833651466134
PTTG1,-0.14533967007065368
PTTG1IP,-0.1759257908387809
PTX3,0.7436252542530486
PUDP,0.2165716504116164
PUF60,0.5500441255235202
PUM1,0.23719700684590925
PUM2,0.2160420274887076
PUM3,0.9587335271060282
PURA,-1.1585546943128322
PURB,-0.17483648949051694
PURG,-1.2270862793053974
PUS1,0.709462984249281
PUS10,1.1212169785755763
PUS3,-0.024327187787424782
PUS7,0.5202490825403334
PUS7L,0.4937453842631454
PUSL1,-0.24896235264199662
PVALB,-1.1620021454517941
PVR,0.019019568754385832
PWP1,0.7785757129918632
PWP2,0.8671664192462087
PWWP2A,0.7379773530595115
PXDC1,0.19409145949350454
PXDN,0.47264497848820286
PXK,-0.17144977233398145
PXMP2,-0.08635910261556232
PXMP4,0.5340392851383708
PXN,1.0487757315297455
PXYLP1,0.04520085289743177
PYCARD,1.034457599200108
PYCR1,0.3364251024199994
PYCR2,0.5570568003400174
PYCR3,0.5724365021671464
PYGB,-0.5064640371735852
PYGL,1.148091962307477
PYGM,-0.4343464495911392
PYGO1,-0.3663903850461517
PYGO2,-0.11383417345335893
PYHIN1,-1.0906443231215066
PYM1,0.8958151197405224
PYROXD1,0.6781834770977484
PYROXD2,0.0028489278253964016
PYURF,-0.7857702093350116
PZP,0.49468906184702266
QARS,1.4163050754177817
QDPR,-1.16249570472135
QKI,-0.5111335008699323
QPCT,0.3581140210406312
QPCTL,0.5980531767134728
QPRT,0.4977172901576843
QRICH1,0.22176696823602055
QRSL1,-0.9605892899475081
QSER1,-0.19322011452018567
QSOX1,1.0162829972291474
QSOX2,0.42652673101255595
QTRT1,0.7137546294336157
QTRT2,1.2485249064667636
R3HCC1,-0.30184122916722256
R3HCC1L,0.8908198430139611
R3HDM1,-0.5942530057316202
R3HDM2,-1.0495124288606137
R3HDM4,0.7120156182313666
RAB10,-0.7787096240054954
RAB11A,0.553027929198649
RAB11B,-0.8808052901825647
RAB11FIP1,1.246228364689642
RAB11FIP2,-1.3023980102144905
RAB11FIP3,0.6722577493208945
RAB11FIP5,-0.9911064755212546
RAB12,-0.5859787666414618
RAB13,1.1254390495556361
RAB14,-0.6505466260577031
RAB15,-1.3720106410945174
RAB18,-1.205491279332734
RAB1A,-0.8736691830268848
RAB1B,-0.32817631786701873
RAB20,0.5819838349303779
RAB21,-0.33005272354883525
RAB22A,-0.9843959344610593
RAB23,-0.6039640979440154
RAB24,-0.8868741176185295
RAB26,-1.1912431957934924
RAB27A,1.3232054760384182
RAB27B,-0.6726338716202181
RAB28,-0.03526099003474355
RAB29,0.2818580599347378
RAB2A,-1.17051672956217
RAB2B,-1.299735336540103
RAB30,-0.8769386799114546
RAB31,0.5361263916872093
RAB32,1.028923371865273
RAB33A,-1.589922835642442
RAB33B,-1.1025755804379096
RAB34,0.8269920423436323
RAB35,-0.5349274737595019
RAB36,0.5555911024060587
RAB37,-1.3602479283460398
RAB39A,0.09659154326905511
RAB39B,-1.3844070045331969
RAB3A,-1.558511107703311
RAB3B,-1.5272309716088968
RAB3C,-1.6969252495836087
RAB3D,-0.9899187809582921
RAB3GAP1,0.46711924493989765
RAB3GAP2,0.4605323946973638
RAB3IL1,0.7075970224273808
RAB3IP,0.02054470761824597
RAB40B,-1.6601350141917763
RAB40C,-0.8288869828105222
RAB42,0.6286361419455513
RAB43,1.2208719444810057
RAB44,0.8386367023982728
RAB4A,-1.1693661721989383
RAB4B,-1.2145297690119468
RAB5A,-0.19553201884102286
RAB5B,-1.1999894752901779
RAB5C,0.31981674784344155
RAB5IF,0.34494649704261504
RAB6A,-0.50269136310131
RAB6B,-0.8896586040738064
RAB6C,-0.607225733824808
RAB7A,-0.20430853541836466
RAB7B,0.9230861428902533
RAB8A,0.22025843436385867
RAB8B,-0.25501985255848003
RAB9A,-0.14771994650248838
RAB9B,-1.3030858087476256
RABAC1,0.8202284719579978
RABEP1,-0.8387435833588122
RABEP2,0.5944814408682739
RABEPK,0.5571268968601194
RABGAP1,-1.066298975660065
RABGAP1L,-1.0792326996140353
RABGEF1,-0.403280306618565
RABGGTA,-0.5164924164139433
RABGGTB,-0.060867325058635846
RABIF,-0.6142483049074945
RABL2A,0.41892183742750944
RABL2B,0.4012934677561627
RABL3,0.972611610272968
RABL6,-1.0174640135678414
RAC1,-0.7059817695920685
RAC2,1.2251048045266397
RAC3,-0.9773684451392675
RACGAP1,0.18196073518735112
RACK1,1.1251702780996915
RAD1,0.5678089436731015
RAD17,0.3007977949281338
RAD18,0.7136321203604199
RAD21,-0.11345583313475943
RAD23A,0.4169179743011354
RAD23B,-0.12391233727648503
RAD50,0.23596406952796395
RAD51C,-0.12986905534580936
RAD54L2,0.4401276546880596
RAD9A,0.6787932954436797
RADIL,0.00044816587154319497
RAE1,0.2803772681996652
RAF1,-0.08710476819289777
RAI1,0.2470843992369332
RAI14,1.3120911283640841
RALA,-1.3213684232915441
RALB,0.4885026733426413
RALBP1,-0.9931744234694175
RALGAPA1,-1.4585980527879379
RALGAPA2,0.9891979230625124
RALGAPB,-1.0402829358545684
RALGDS,0.06171941689932648
RALGPS1,-0.7115883752982957
RALGPS2,0.5936184043933818
RALY,0.31345498665622157
RALYL,-1.249243812989806
RAMAC,0.5002077643038766
RAMP1,0.08069698021993338
RAN,0.9453863374030987
RANBP1,0.07823751935992462
RANBP10,0.5061987173274005
RANBP2,0.403134830415495
RANBP3,0.17858472158190042
RANBP6,-1.2111419847343723
RANBP9,-0.1315854538117064
RANGAP1,0.6873759878901344
RANGRF,0.5026917638865258
RAP1A,-0.11712337799653286
RAP1B,0.6286213139096208
RAP1GAP,-1.6579713315747655
RAP1GAP2,-1.3900599169511247
RAP1GDS1,-1.2763367989934888
RAP2A,-1.5134373762175768
RAP2B,-0.47587433414144503
RAP2C,-0.07806947633551053
RAPGEF1,0.08831578233512816
RAPGEF2,-1.6297771094094622
RAPGEF3,0.13188293060987882
RAPGEF4,-1.5529327557913193
RAPGEF5,-0.8401850319052167
RAPGEF6,0.205915707458716
RAPH1,0.10257770511182443
RARA,0.25615514194182976
RARRES2,0.7972770131929194
RARS,1.1155858530351899
RARS2,0.27914216966691485
RASA1,0.48535352419753375
RASA2,-0.9598564589106695
RASA3,-0.06772382861024918
RASA4,-0.1830453528529938
RASAL1,-1.6723966011119167
RASAL2,-0.9245140266895908
RASAL3,0.9318833502116102
RASGEF1A,-1.0553494314143972
RASGRF1,-1.3265420443706901
RASGRF2,-1.4870111332307792
RASGRP1,-1.2364639260163017
RASGRP2,-0.05094613202110405
RASGRP4,1.0045275009150305
RASIP1,-0.08225248966616397
RASL10A,-1.5207997514258338
RASL12,-0.4148357745999933
RASSF1,1.1451760071054369
RASSF2,0.8658924581246741
RASSF4,0.5315381189733401
RASSF5,1.059524373929351
RASSF8,1.0613360282406943
RAVER1,0.411916717948331
RAVER2,-0.1645294594287562
RB1,-0.0920512373468963
RB1CC1,-0.49766527322515985
RBAK,0.1504995392848288
RBBP4,0.1152506885171948
RBBP5,0.08601641392733073
RBBP6,0.20860444528580652
RBBP7,0.7802844026680942
RBBP9,-0.9085706392740847
RBCK1,0.8087808928902924
RBFA,0.41719374694349665
RBFOX1,-1.308740006913027
RBFOX2,0.35487165238535956
RBFOX3,-0.8739722794333378
RBKS,0.025115139132093216
RBL1,-0.2188099740532199
RBL2,0.23825119046261356
RBM10,0.09082886881973096
RBM12,0.04970202931233513
RBM12B,-0.2121572920794351
RBM14,0.0033151205685774004
RBM15,0.2670443311006639
RBM15B,0.09103691353979282
RBM17,0.35518370754776113
RBM18,0.5422353972746439
RBM19,0.9190431116558305
RBM22,0.23714940156657421
RBM23,-0.241834259732636
RBM25,0.740571801132569
RBM26,0.0012799881443395066
RBM27,0.684249479154879
RBM28,0.767267201198742
RBM3,0.2934799727957308
RBM33,0.19688884329459144
RBM34,0.9553763265944892
RBM38,0.38550145588382334
RBM39,0.18550425952931554
RBM4,0.4327577934443544
RBM42,-0.2691942062745374
RBM43,0.7971068942222448
RBM45,0.5456364239517295
RBM47,1.4723342826578478
RBM48,-0.09207798440632892
RBM4B,-0.12264996978959039
RBM5,0.28402028832936804
RBM6,-0.015533467751029153
RBM7,0.8024713172120398
RBM8A,0.6784768108933488
RBMS1,1.237394715376539
RBMS2,0.9352328405395351
RBMS3,0.22712811017418716
RBMX,-0.4007618284832442
RBMX2,-0.15728442860452668
RBMXL1,-0.7115798556451564
RBP1,0.5951712901449138
RBP4,0.54842927952494
RBP7,-0.3766061528127592
RBPJ,0.17172400822001604
RBPMS,0.9015861183573588
RBPMS2,-0.35860152373436827
RBSN,-1.1649211480787791
RBX1,-0.3445215838397109
RC3H1,0.9792262335209314
RC3H2,-0.011635098197757399
RCAN1,-0.8760038026591617
RCAN2,-0.18453587850004713
RCAN3,0.9640388974258072
RCBTB1,-0.10779956079384738
RCBTB2,-0.016141380119264283
RCC1,0.8030473326567846
RCC1L,0.10001780620075254
RCC2,0.18120193639597398
RCCD1,0.6172270873996051
RCHY1,-0.018492278295814936
RCL1,0.47777392351693404
RCN1,1.2163874226250455
RCN2,0.579649486941345
RCN3,1.1106827074198633
RCOR1,0.8703450601514895
RCOR2,-1.0811959289912796
RCOR3,-0.2317336450538945
RCSD1,0.9334570847928245
RDH10,0.9832366529513807
RDH11,-0.6119604171932287
RDH13,-0.6752683231646246
RDH14,-0.24316217937471846
RDX,0.3520214179490428
RECK,-0.33371683580267036
RECQL,1.2085790794887437
RECQL5,0.48907475375246556
REEP1,-1.5900302919224734
REEP2,-1.2084816533767135
REEP3,0.6870563144053626
REEP4,1.2015112141107387
REEP5,0.07467602047990975
REEP6,0.2719107753308233
REG1A,-0.7326221206170742
REL,1.3173519430136205
RELA,0.4664597487209512
RELB,0.8803404077487399
RELCH,-1.3002074399326673
RELL1,-0.2847449120339225
RELL2,-1.3274974695800146
RENBP,0.6822876498562911
REPIN1,-0.39056339475029944
REPS1,-0.7197379967886901
REPS2,-1.3732890137907492
RER1,0.9244861278193759
RERE,-0.34819325193252015
RERG,-0.7661087789030827
REST,0.9390157662912619
RETN,0.8902646863303001
RETREG1,-0.7205841251811845
RETREG2,-0.9185765067073292
RETREG3,0.24225717763874996
RETSAT,0.10816902294312128
REXO2,1.0158367656800766
REXO4,0.4790110787739139
RFC1,0.06902831194971759
RFC2,0.3482622610800624
RFC3,0.22315560210925295
RFC4,0.44273039941732273
RFC5,0.3913495411449042
RFESD,0.3211142303910753
RFFL,0.3072236498346923
RFK,-0.6201307247903614
RFLNB,0.8780937298305841
RFT1,1.109899640679323
RFTN1,0.12851043869862513
RFTN2,-0.9547574128724982
RFX1,0.6736208032030813
RFX2,0.022156043585745886
RFX3,-0.5394608067615594
RFX4,-0.2545683303352021
RFX5,0.4547551731687959
RFXANK,0.8234509446250567
RFXAP,-0.5014423882564955
RGCC,-0.6766282585004697
RGL1,0.16333181038297556
RGL2,0.4901965467275503
RGMA,-0.4251985217725106
RGMB,-1.0529484249030094
RGN,-0.49012276917173475
RGP1,0.7527595592483478
RGPD1,-0.16135587878538904
RGPD3,0.5121052837688144
RGPD6,1.2891805104297076
RGS10,0.5924716142078565
RGS12,-1.1676133498911039
RGS14,-0.007652628127509369
RGS17,-0.7445859934349921
RGS18,0.9299854411128878
RGS19,1.0555904748964458
RGS20,-1.14677811842519
RGS3,0.19884931818491833
RGS6,-1.2820165313041385
RGS7,-1.7323638111818829
RGS7BP,-1.3612647544775391
RGS8,0.48246077693672595
RHBDD1,0.24054512594051594
RHBDD2,-0.489603637426824
RHBDD3,0.4249880191036576
RHBDF1,0.22670078292902549
RHBDF2,1.1198785929789996
RHCE,0.37049463593956755
RHEB,-0.5732417532520444
RHOA,-0.5221201734807277
RHOB,-1.4325397436536615
RHOBTB3,-0.36668329034367486
RHOC,0.31860141439317513
RHOF,-0.4293387809302892
RHOG,0.04418851819302668
RHOH,-0.10535588511597638
RHOJ,0.03879052283168449
RHOQ,-0.3142952343786183
RHOT1,-1.4767986045564028
RHOT2,0.21397447995456748
RHOU,-0.5392154850795465
RHPN2,0.8304770685030203
RIC1,0.7239777868583948
RIC3,-0.8257720065415717
RIC8A,0.3937831916806188
RIC8B,0.1713403988156076
RICTOR,0.3936567711823226
RIDA,-0.5076057862708978
RIF1,-0.1137586375837552
RILP,0.6718265557036658
RILPL1,0.05169428156223492
RILPL2,0.6011995137737014
RIMBP2,-1.3211412561738705
RIMKLA,-0.7720759728122901
RIMKLB,0.49375114426139627
RIMS1,-1.4819017390584242
RIMS2,-1.5290729765206112
RIMS3,-1.3492456595223628
RIMS4,-0.5234658928037286
RIN1,0.6827988039747424
RIN2,0.7319482036307399
RIN3,1.3294552901038053
RING1,-0.31387396805204604
RINT1,0.23310871760926802
RIOK1,0.34118081099861297
RIOK2,0.7601140485181815
RIOK3,0.9853358025774082
RIOX1,0.5190211691134105
RIOX2,0.28950669662450146
RIPK1,1.3512707696656592
RIPK2,0.1241808057550022
RIPK3,1.2317596184653767
RIPOR1,0.26421024242940283
RIPOR2,-0.11727574565436677
RIT1,0.65637215513068
RIT2,-0.7310378259275191
RLBP1,-0.4907292046976003
RLF,-0.02268683817372419
RLIM,0.019116768682207245
RMC1,-0.19146615016900198
RMDN1,0.29764567379674456
RMDN2,0.24919615226180053
RMDN3,-0.5558589232415251
RMI1,0.2515796572295867
RMND1,-1.2304734177596832
RMND5A,-0.46094408391598785
RMND5B,0.3379279800273255
RNASE1,-0.48574434638388264
RNASE2,0.8663681345978947
RNASE3,0.9795574475293123
RNASE4,0.6820797159735084
RNASE6,0.4825100445884181
RNASEH1,0.49924181279194163
RNASEH2A,0.12509077213978437
RNASEH2B,0.1933044882170634
RNASEH2C,0.03178773914376342
RNASEK,-1.0166731532447915
RNASEL,0.8573321824911664
RNASET2,0.5732153883094657
RND2,-0.1598335460880735
RND3,0.6855719191219882
RNF10,0.15877028851423164
RNF11,-1.2631359939734703
RNF112,-0.28977639553368095
RNF113A,0.7387955844531322
RNF114,-0.1802676586807936
RNF115,0.1986931580552191
RNF121,-0.19550478306063523
RNF123,0.15540004618151324
RNF126,-0.6887485737323986
RNF13,-0.1510341667862588
RNF130,0.9158450724930893
RNF135,0.8895768265479058
RNF138,-0.33358645303209566
RNF139,-0.08898825661858192
RNF14,1.0434684331016895
RNF141,-0.6204945444098946
RNF145,0.7579250535142475
RNF146,-0.5349716055011915
RNF149,0.14951949548879728
RNF157,-1.1636751934117395
RNF166,0.1512689739229235
RNF167,0.06551388397226451
RNF169,0.11691939807231155
RNF170,-0.6718937424708638
RNF180,0.1508502765785789
RNF181,0.8516950794457027
RNF185,0.013210701719721558
RNF187,-0.23876650929264004
RNF19A,0.47767494239223973
RNF2,-0.17648039068664237
RNF20,-0.005333802796851899
RNF213,0.9738430354276444
RNF214,-0.6199443214611875
RNF216,-0.29574259828127264
RNF219,-0.5955296347021314
RNF220,-0.5740264932439995
RNF25,0.4668925861804861
RNF31,0.47920823138894153
RNF34,-0.11268932375241558
RNF4,0.30762886735127426
RNF40,-0.098802527158471
RNF41,-0.33487566873490715
RNF5,-0.3359795552736793
RNF6,0.5977923162142957
RNF7,0.5948793654379085
RNFT2,-0.6056874301521933
RNGTT,0.058981544500245085
RNH1,0.21559881355666366
RNLS,0.22992389565127636
RNMT,0.08153924987050912
RNPC3,0.4086482314160783
RNPEP,0.9800726256356094
RNPS1,0.5014165841075322
ROBO1,0.08903342464160299
ROBO2,-0.7825001390117149
ROCK1,1.1828721915179257
ROCK2,-0.2741032800629595
ROGDI,-1.607232319468981
ROMO1,-0.5876001999826755
RORA,-0.355436289547836
RP2,0.5077156756586828
RP9,0.3241497722907753
RPA1,0.28613754385390433
RPA2,0.308861515899472
RPA3,0.21442424533001997
RPAIN,0.49312074105385245
RPAP1,0.5334998384783902
RPAP2,0.5559126426953543
RPAP3,1.0573814326985724
RPE,0.7724617164408991
RPF1,0.7406570369751793
RPF2,0.9657182617914106
RPGR,0.49738532669966573
RPH3A,-1.5787670018319977
RPIA,0.5848021178621989
RPL10,0.9676300367972779
RPL10A,0.9888268108878171
RPL11,0.9852104055805604
RPL12,1.3232532675788604
RPL13,1.1499384090823646
RPL13A,1.0974393912971003
RPL14,0.9164936943273658
RPL15,0.9106217153059708
RPL17,1.1034984441611408
RPL18,0.8937803950047245
RPL18A,1.0779147430949139
RPL19,0.6060830609714094
RPL21,1.2793063771973539
RPL22,0.8009351960866211
RPL22L1,0.6598079758842745
RPL23,1.101978869145337
RPL23A,1.24702635482436
RPL24,1.0280397834905428
RPL26,0.9114239783596425
RPL26L1,0.6311983357599846
RPL27,1.2403698200597661
RPL27A,1.3138191238204266
RPL28,0.8766194272572462
RPL29,0.8477700794880727
RPL3,1.3065190298769616
RPL30,1.0124441644868543
RPL31,1.1156977450600956
RPL32,1.2654069162807766
RPL34,0.9494039275088939
RPL35,0.7294252908152011
RPL35A,1.119795952785352
RPL36,0.7054436259722004
RPL36A,0.8888096528021199
RPL36AL,0.5688826063830117
RPL37,1.0198165768719019
RPL37A,0.975259054337267
RPL38,1.0192282090582707
RPL39,0.26125379233658236
RPL4,1.2601535401970274
RPL5,1.3380677823988067
RPL6,1.2251919729324148
RPL7,1.2553207644986362
RPL7A,1.1141979975725456
RPL7L1,1.0765030846656927
RPL8,0.9787576665529526
RPL9,1.4073486378084379
RPLP0,1.4319958127682901
RPLP1,1.4199073579203572
RPLP2,1.5715101796932378
RPN1,1.1690102328615941
RPN2,1.3376260988152624
RPP14,0.45477308070552425
RPP25,0.23220126519854659
RPP25L,0.38903166153230856
RPP30,0.7835641145037535
RPP38,0.8868838885990984
RPP40,0.6240426106650032
RPRD1A,-0.2677487139810985
RPRD1B,0.39198797778880673
RPRD2,0.03553058151326831
RPS10,0.2908446985452886
RPS11,1.0020765794143087
RPS12,0.710520464705154
RPS13,1.277877519621705
RPS14,0.96841702900786
RPS15,1.0695553253836427
RPS15A,1.056226133032995
RPS16,0.664766340689877
RPS17,0.9526555793926499
RPS18,1.2655331548462971
RPS19,0.9282577754569409
RPS19BP1,0.6697357845220167
RPS2,0.7839573024885162
RPS20,0.4189483111993031
RPS21,0.4870078332794211
RPS23,1.3555557037923336
RPS24,1.078030982726017
RPS25,0.8503639513274777
RPS26,0.9877628411353522
RPS27,0.6480805334737088
RPS27A,0.5722719611850737
RPS27L,0.8808537891437879
RPS28,0.8752753525488266
RPS29,0.09350258325119806
RPS3,1.385477394703323
RPS3A,1.1451462856963843
RPS4X,0.7575603504526868
RPS4Y1,-0.03026767282564607
RPS4Y2,-0.11010839543769853
RPS5,0.9184011690058118
RPS6,1.0769382337135935
RPS6KA1,0.8257934381557237
RPS6KA2,-1.503886634849528
RPS6KA3,1.1251691923032399
RPS6KA4,0.3157448955185248
RPS6KA5,-1.1288053274317644
RPS6KA6,0.90882506638158
RPS6KB1,0.6370822937069864
RPS6KB2,1.0258452912383436
RPS6KC1,-0.8404505709312698
RPS7,1.2625996016629193
RPS8,1.20535153680059
RPS9,0.9959161751170991
RPSA,1.2891161606448007
RPTOR,-0.5264169980672915
RPUSD1,0.39762426663730477
RPUSD2,0.24532569366023357
RPUSD3,0.666164014894284
RPUSD4,0.14648502621010007
RRAD,0.846025401718095
RRAGA,-0.011106807927342238
RRAGB,-0.016844504119162704
RRAGC,0.37231179648020885
RRAGD,-0.47526416680056105
RRAS,0.7029388933826044
RRAS2,-0.33251168848512636
RRBP1,1.1231963316888616
RREB1,0.9898347638339586
RRM1,0.3175438771782273
RRM2,0.16979606804602
RRM2B,0.8227498796818408
RRN3,0.6847340975427894
RRP1,0.9826734144309998
RRP12,0.6859609451892623
RRP15,0.7705378189158816
RRP1B,0.8877902709722583
RRP36,-0.3052721907916808
RRP7A,0.8118959356719653
RRP8,0.9207259968503049
RRP9,0.41626277594435895
RRS1,0.6987694824781836
RSAD1,0.019289089904797496
RSBN1,0.11592332583685985
RSBN1L,0.221600082805886
RSF1,-0.5234978184929685
RSL1D1,1.1296877277389454
RSL24D1,0.5582799731671962
RSPH1,0.23708982618399035
RSPH4A,-0.10841657766876178
RSPRY1,0.2953541707962393
RSRC1,0.6239581256465268
RSRC2,0.02275280217864891
RSU1,1.1337168273645002
RTCA,0.12814450444485453
RTCB,-0.46803028207775454
RTF1,0.5962936672511604
RTF2,0.1405653575456527
RTKN,-0.5560366766749141
RTL10,-0.3941530106436125
RTL8A,0.5043232434662075
RTL8C,-0.30571735601798344
RTN1,-1.5428207814920645
RTN2,0.03584381617013806
RTN3,-1.6323849349782655
RTN4,-1.221685489607598
RTN4IP1,-0.85696385666335
RTN4R,-1.5713927531860885
RTN4RL1,-1.1494879949070418
RTN4RL2,-1.7421562198459295
RTRAF,-0.2957229224006308
RUBCN,0.23355727490933234
RUFY1,1.2535829476218643
RUFY2,-0.8708334869308143
RUFY3,-1.4114775700272024
RUNDC1,-0.6083499117590073
RUNDC3A,-1.543788052100967
RUNDC3B,-1.487182477498647
RUNX1,1.225981426271506
RUNX2,1.1598088179303807
RUNX3,1.3587347910857912
RUSC1,0.5457711392942869
RUSC2,-0.30466487989782887
RUVBL1,1.0715737023144876
RUVBL2,1.081171051802055
RWDD1,0.33588088823551693
RWDD2A,-0.16162543853668254
RWDD2B,0.7497107099189062
RWDD3,-0.021422828729260414
RWDD4,1.1646165331489584
RXRA,0.6300537174769008
RXRB,-0.13061719197462357
RYBP,0.2617583590917252
RYR2,-1.5616502809502497
S100A1,-1.301870430663926
S100A10,1.2047101279308658
S100A11,1.2887683047167195
S100A12,0.8723228289945107
S100A13,0.49362337614603413
S100A16,0.8185689466551164
S100A2,0.05625702057572028
S100A3,-0.7034604460714697
S100A4,1.2586932497783851
S100A6,0.677499917076269
S100A7,0.21944875487740229
S100A8,1.0437725663041215
S100A9,1.005896724399909
S100B,-0.2798150614996059
S100P,0.9807544327056814
S100PBP,0.8964568328412351
S1PR1,-0.8817433941176405
S1PR2,0.5463947087563514
S1PR3,-0.26785945511738035
SAA1,0.5911615624678307
SAA2,0.1479424461115881
SAA2-SAA4,0.5392626415419872
SAAL1,0.3992022254134723
SAC3D1,-0.26790318633441546
SACM1L,-0.1756179865213035
SACS,-0.30773975392021996
SAE1,0.057237888962806904
SAFB,-0.3627088845862292
SAFB2,0.038371204201250175
SALL1,0.22905311814311152
SALL2,-0.5292650676235702
SALL3,-0.8956133379211998
SAMD1,-0.4739435685076705
SAMD12,-1.0233565677294296
SAMD14,-0.3722467570533532
SAMD4A,0.12678235169264238
SAMD4B,0.2189106282762911
SAMD9,0.8409297037673669
SAMD9L,0.7313699531533647
SAMHD1,0.7630877695664362
SAMM50,-1.2691804882700228
SAMSN1,0.7506587507717793
SAP130,0.2751293335633241
SAP18,0.24257614605118227
SAP30,0.4213338916253532
SAP30BP,0.5170478819346946
SAP30L,-0.06038836605163967
SAPCD2,-0.7779559260222462
SAR1A,-0.32292253961031747
SAR1B,-0.001276674596411571
SARAF,0.11382429520624784
SARDH,0.4579637007129002
SARM1,-0.40800622404520426
SARNP,0.11947845586388302
SARS,0.26479583706537413
SARS2,-0.9106220354409823
SART1,0.10667766259733381
SART3,0.22576053834935633
SASH1,-0.6076130468091133
SASH3,0.9713003824991401
SAT2,-0.3732427671629639
SATB1,-0.5985054168291817
SATB2,-0.1466000795474624
SAV1,0.6723532549285673
SAYSD1,0.09385683101438344
SBDS,0.06368388671487368
SBF1,-1.602022155418676
SBF2,-0.2852884094724665
SBNO1,0.7790440046819461
SBSPON,-0.05164884585299438
SC5D,-0.9081241653788886
SCAF1,-0.5724415917427453
SCAF11,0.9487105718555944
SCAF4,0.22067731494256654
SCAF8,0.10186494811881996
SCAI,-1.6284517066382778
SCAMP1,-1.522498376892422
SCAMP2,0.7702709119757797
SCAMP3,0.17705465804301462
SCAMP4,0.17411932614063677
SCAMP5,-1.6406970034337378
SCAND1,0.3395662462028455
SCAP,0.24858437924539073
SCAPER,-1.1237491133740134
SCARA3,0.7118013708226888
SCARB1,0.39911073943140174
SCARB2,0.46953818873956216
SCARF1,0.054573954448745104
SCARF2,-0.07113441222574209
SCCPDH,-0.9404230596175809
SCD,-0.010641865745174277
SCD5,-0.1313117321088812
SCFD1,0.46186337954896983
SCFD2,0.3065049184640748
SCG2,-1.1804328135726903
SCG3,-1.4284164841990938
SCG5,-1.5916903055880482
SCGN,-0.46587176508262884
SCHIP1,-0.4540120079407405
SCIMP,0.6056289124139491
SCIN,0.7393146741328187
SCLT1,0.28401719253828395
SCLY,0.11029581629142175
SCML2,-0.07131830216387079
SCN1A,-1.4324105515395749
SCN1B,-1.3626629549652773
SCN2A,-1.6928246710811194
SCN2B,-1.6155160462651157
SCN3A,-1.4998125517025174
SCN3B,-1.6015975979454198
SCN4B,-0.82593811566146
SCN7A,0.11293762673881604
SCN8A,-0.8303817477090681
SCNM1,0.1210747432071752
SCO1,-0.4929495298550345
SCO2,-0.3446642518022237
SCOC,-0.711067193428299
SCP2,0.9574646002837233
SCPEP1,1.263000401813072
SCRG1,-0.9257810348673936
SCRIB,0.047782600520372996
SCRN1,-0.8636480319991227
SCRN2,0.25030541739244916
SCRN3,0.21056816174287868
SCUBE2,-0.3009713662896027
SCUBE3,0.4488369758489661
SCYL1,0.26321870904395583
SCYL2,0.27633388303166134
SCYL3,0.40913512064467783
SDAD1,0.998719291932686
SDC1,0.6665518085692843
SDC2,0.13698508811498922
SDC3,-1.3268816132055175
SDC4,0.15707056375194708
SDCBP,0.7136008477124961
SDCCAG8,0.6532072765733634
SDE2,0.21234942898751769
SDF2,1.1868265174781842
SDF2L1,1.1708943731837511
SDF4,1.1142361173839213
SDHA,-0.737851252122579
SDHAF1,-0.30361471988644473
SDHAF2,-0.9124851358286085
SDHAF3,-0.15525166081427857
SDHAF4,-1.0162088548041828
SDHB,-0.6988522297174378
SDHC,0.22192483426601028
SDHD,-0.1262145039568507
SDK1,0.6561101721979239
SDK2,-0.38943512868421903
SDR39U1,-1.2020712176185677
SDS,-0.5388230179023172
SDSL,0.27734344839664665
SEC11A,1.1448865101569008
SEC11C,-0.6784924690810183
SEC13,1.3194230524652966
SEC14L1,0.6391894735832611
SEC14L2,0.33072299040603004
SEC14L4,0.36639084091004614
SEC16A,1.0432587681481784
SEC22A,0.6776770789012588
SEC22B,0.5335419789263417
SEC23A,0.9175894225995297
SEC23B,1.0961541090286997
SEC23IP,1.2981051003895767
SEC24A,0.9802109426204815
SEC24B,0.8122972631633847
SEC24C,0.42490435581413666
SEC24D,1.2533206136853159
SEC31A,1.3767895490282533
SEC61A1,1.0890882161632354
SEC61A2,-0.7537902103286898
SEC61B,0.9469932533282983
SEC61G,0.709706587049623
SEC62,0.12944494036006324
SEC63,0.7793607798837614
SECISBP2,-0.21763104321865406
SECISBP2L,-0.053644630952627725
SEH1L,0.9116666738001152
SEL1L,0.23645517371999222
SELENBP1,0.05785369429826491
SELENOF,0.9769625258451792
SELENOH,0.45366674204628826
SELENOI,-0.6741849189790952
SELENOK,1.071421975003663
SELENOM,0.6311686086489074
SELENON,1.0460709459589024
SELENOO,0.01266700084563889
SELENOP,0.5583190572677067
SELENOS,-0.22101171864763408
SELENOT,0.7977250114786323
SELENOW,-0.9116140037524839
SELL,0.369734893880088
SELP,0.6553796457606085
SELPLG,0.029084130271670023
SEMA3A,0.6820807625046138
SEMA3B,0.16245624815336088
SEMA3C,0.6249324557321054
SEMA4A,-1.0963764647327965
SEMA4B,-0.17258502796140768
SEMA4C,-1.33215537962575
SEMA4D,-1.596272609722603
SEMA5A,-0.2919810127508675
SEMA5B,-0.6302866300867973
SEMA6A,-0.7072524505072816
SEMA6B,-0.1751840865841237
SEMA6D,-0.7099201396994123
SEMA7A,-0.6606625568926275
SENP1,0.7551877972988559
SENP2,-0.015158674512451387
SENP3,0.18266042659633303
SENP5,0.020869841361757333
SENP6,0.24427749623057296
SENP7,0.22722898286904736
SENP8,-0.399234495893395
SEPHS1,-0.47550683071665434
SEPHS2,0.5826044373001884
SEPSECS,0.7023163174762419
44075,0.6826156411559914
44084,-0.5491858022503717
44085,-1.039389041248045
44088,-0.21370599301990373
44076,-0.414340652359667
44077,-1.7278930120230505
44078,-1.3339869189194729
44079,-1.619849711966888
44080,-1.1144272816689422
44081,-1.1802571250392406
44082,-0.882593366609645
44083,-0.24755282628263436
SERAC1,-0.771546713328497
SERBP1,0.8308757615368325
SERF2,0.6339685135910624
SERGEF,-0.5860784970975459
SERINC1,-0.5354818706903361
SERINC3,-1.2362583689898488
SERINC5,-0.6569657245836387
SERPINA1,0.45613366484013185
SERPINA10,0.6872173368211194
SERPINA3,0.5696685083601036
SERPINA4,0.5395115288090371
SERPINA5,0.46816525756056887
SERPINA6,0.48692212478353947
SERPINA7,0.4313182081686838
SERPINB1,1.0993212218468402
SERPINB10,1.0429050269027613
SERPINB2,0.5146293719557955
SERPINB6,0.6101326383895629
SERPINB8,1.0891650893111002
SERPINB9,0.9033327470662513
SERPINC1,0.5142994842361602
SERPIND1,0.6429111951966613
SERPINE1,1.3096427281405787
SERPINE2,-0.5303374749772916
SERPINF1,0.5640329217855917
SERPINF2,0.7232623691079829
SERPING1,0.4446932773640984
SERPINH1,1.3741335032967883
SERPINI1,-0.8896876205774711
SESN1,-0.41886557547717396
SESN2,0.8262747934880312
SESN3,-0.099887311419565
SESTD1,-1.1431007134617885
SET,0.3976200185035513
SETD1A,0.3635110382290727
SETD1B,0.30573367323226786
SETD2,0.29604836347891017
SETD3,0.7551051606555186
SETD7,-0.19483347505647533
SETDB1,0.21973801626752498
SETMAR,-0.4215538661195966
SETX,0.7936976636700208
SEZ6,-0.6603105547561557
SEZ6L,-1.5072974177085778
SEZ6L2,-1.1579983908069567
SF1,0.6144770576090353
SF3A1,0.39056470489780404
SF3A2,0.4831245032811731
SF3A3,0.5611663918919754
SF3B1,0.42117827781164024
SF3B2,0.4447986951553179
SF3B3,0.6007589375643996
SF3B4,0.5526912367834919
SF3B5,0.37434374902583467
SF3B6,0.5278516180226274
SFN,-0.9778557112650152
SFPQ,-0.15354391025962089
SFRP1,0.08497084478892124
SFRP2,0.29607766594640983
SFRP4,0.6881873385206843
SFSWAP,0.41937805893549784
SFT2D3,0.3201279277996114
SFXN1,-0.9849648277674967
SFXN2,0.46381619098054216
SFXN3,-1.2473686117886529
SFXN4,-0.4557810564529049
SFXN5,-0.1594034052685558
SGCB,-0.3871742080288838
SGCD,-0.7053039378448078
SGCE,-0.6277069907931215
SGF29,0.48206572404147563
SGIP1,-1.7094209065161785
SGK2,-0.2219544282633502
SGK3,0.47186463927918687
SGPL1,0.12393098261430587
SGPP1,-0.014345263278200886
SGSH,0.6896242488168964
SGSM1,-1.6671487694026064
SGSM2,-1.3238611428042883
SGSM3,0.47497155436688465
SGTA,0.06286639770300972
SGTB,-1.351976211480895
SH2B1,-1.0156672327187357
SH2B2,0.5180274848950783
SH2D1A,1.2407078617210716
SH2D3C,-0.5997611459625303
SH2D4A,0.7715727271972126
SH2D5,-1.364247794343497
SH3BGRL,-0.13614489533059404
SH3BGRL2,-1.537355912167229
SH3BGRL3,1.0682622783054794
SH3BP1,0.8694875528311166
SH3BP2,0.6788525425770737
SH3BP4,-0.04538792783721344
SH3BP5,0.3555923201659882
SH3BP5L,-0.13612945377219496
SH3D19,0.2654519193809775
SH3GL1,0.014085443232703419
SH3GL2,-1.5951523591290844
SH3GL3,-1.6718497369030332
SH3GLB1,0.9870314341196056
SH3GLB2,-1.455452524709881
SH3KBP1,0.339023982106864
SH3PXD2A,-1.002586314649813
SH3PXD2B,1.1520936726691673
SH3RF1,0.05587486243832831
SH3RF3,-0.33314600545077466
SH3TC1,0.7312317296650145
SHANK1,-1.4759816084964021
SHANK2,-1.5619522156815706
SHANK3,-1.5139369795490107
SHARPIN,1.090199885897354
SHB,-0.12858557983568514
SHBG,0.38911085279393376
SHC1,1.532394297878503
SHC2,-0.38534137603346075
SHC3,-1.332632228366598
SHC4,0.7223823657594308
SHCBP1,0.22069226221832397
SHD,-0.719409625633834
SHF,-1.3778496442143877
SHH,0.032791564541072835
SHISA4,-1.2653084215726182
SHISA5,0.393957324278876
SHISA6,-0.8540954539306405
SHISA7,-1.231042502738239
SHISA9,-1.1400616729074904
SHKBP1,1.0643186205035742
SHMT1,0.7211563090397053
SHMT2,0.5048227370618162
SHOC2,0.17359884689871113
SHPK,0.49345178868984424
SHROOM1,0.7142159499564585
SHROOM2,-0.704583502298066
SHROOM3,0.40643987679759974
SHROOM4,0.2948619832404313
SHTN1,-0.7798508836675506
SIAE,0.8334436485188277
SIAH1,-0.23302962174857345
SIDT2,0.5605602477764309
SIGLEC1,0.46200703804302085
SIGLEC10,0.49088996007560026
SIGLEC14,0.4480552607983106
SIGLEC5,0.7518178847331346
SIGLEC7,0.8819083948532198
SIGLEC8,0.1687815735116035
SIGLEC9,0.9113090660762058
SIGMAR1,0.3485602237728395
SIK2,0.40229392248177986
SIK3,-1.0718532427263288
SIKE1,0.7915052879944735
SIL1,1.494271568289181
SIN3A,0.31527247406731496
SIN3B,-0.02467307386431936
SIPA1,1.3817194432068325
SIPA1L1,0.46768867386249124
SIPA1L2,0.6986637287917554
SIPA1L3,0.0670489687737873
SIRPA,-1.5609201745162857
SIRPB1,-0.47695529853557084
SIRPG,-1.6084099853460252
SIRT1,-0.03791498353979602
SIRT2,-1.0565936494476884
SIRT3,-0.4559160081825813
SIRT5,-0.9614016478840417
SIRT6,0.6408257957663127
SIVA1,-0.3388938307387547
SIX1,-0.6040333858899298
SKA1,0.4852081288946775
SKA2,-0.06306357030806375
SKA3,-0.19984079925576892
SKAP2,1.09187891770254
SKI,0.08864445975470303
SKIV2L,0.37790989521857726
SKP1,-1.0547662654851138
SLAIN1,-0.2824188144569305
SLAIN2,1.1970880754339628
SLBP,-0.13390341009504902
SLC10A4,-0.3720869953085047
SLC12A2,-0.9687041134404148
SLC12A4,0.8286834214815991
SLC12A5,-1.617881217165873
SLC12A6,-1.1208077761220996
SLC12A7,0.9804063612424188
SLC12A9,0.6055312020170174
SLC13A5,-1.0978182918001789
SLC14A1,-0.8364637781747922
SLC15A2,-0.49501849288714206
SLC15A4,0.470888765859492
SLC16A1,0.26878110823560036
SLC16A2,0.3187104839007463
SLC16A3,1.1401191379669753
SLC16A4,0.38603830955411067
SLC16A7,-0.8165732306210916
SLC17A5,-0.18843036768256877
SLC17A6,-1.5893796693327626
SLC17A7,-1.6372977060382619
SLC19A1,-0.7273999888789876
SLC1A1,-1.030171497598532
SLC1A2,-1.30644802998897
SLC1A3,-1.029773852601715
SLC1A4,-1.376643807707889
SLC1A5,0.7535853255204388
SLC20A1,0.7859794693727202
SLC20A2,-0.3527091603046427
SLC22A17,-1.3398648827925048
SLC22A18,1.2642403890312046
SLC22A23,-0.8220699031181826
SLC22A5,-0.41206938486119365
SLC23A2,-0.3210047956306775
SLC24A2,-1.5259095042432853
SLC25A1,-0.23938457273890396
SLC25A10,-0.6534460022075465
SLC25A11,-1.2902668643087487
SLC25A12,-1.5327956676440382
SLC25A13,0.1729582131946887
SLC25A14,-1.1932160532845666
SLC25A15,-0.5107021129322523
SLC25A16,-0.5564611459588986
SLC25A17,0.30756189422529984
SLC25A18,-0.8819740283666095
SLC25A19,0.09155141645577236
SLC25A20,-0.28749093808295734
SLC25A22,-1.5794406840892874
SLC25A23,-1.1507895770099306
SLC25A24,0.7372560945374718
SLC25A25,-0.5482222982408607
SLC25A26,-1.0751789139891557
SLC25A27,-1.4234107343056466
SLC25A29,-0.6661358985822854
SLC25A3,-1.2734643951343165
SLC25A30,1.400634874960355
SLC25A32,-0.2783582704131672
SLC25A33,-0.9730464886343015
SLC25A35,1.3228448592855682
SLC25A36,-0.8884228631374423
SLC25A4,-1.5433713346826625
SLC25A40,-0.015057128720549281
SLC25A42,-1.4097817529355536
SLC25A44,-0.14142675123307097
SLC25A46,-1.2947278435360332
SLC25A5,-0.5116299340321724
SLC25A51,-1.0155519277487939
SLC25A52,0.425329292349059
SLC25A53,-0.32418970255146295
SLC25A6,-1.1099525702889381
SLC26A11,-0.07044343387928056
SLC26A2,0.6784515599833796
SLC26A6,0.5142040292607901
SLC27A1,0.4094144501022385
SLC27A2,0.5025645924683034
SLC27A3,1.0299214482405223
SLC27A4,-1.1001782227826014
SLC27A6,1.2177436949297706
SLC29A1,0.273166053942469
SLC2A1,0.42689853811281847
SLC2A10,1.01331441411751
SLC2A13,-1.50209726417993
SLC2A3,-1.2780219871282843
SLC2A5,0.4959261455330527
SLC30A1,-0.12727423064373902
SLC30A3,-1.5680297142603046
SLC30A4,0.5358889360855605
SLC30A5,1.1632295056380304
SLC30A6,0.9795919589935402
SLC30A7,1.1532374125163025
SLC30A9,-1.0441202193758565
SLC31A1,0.19322709619560124
SLC32A1,-1.4798077580024047
SLC33A1,0.7201568343347322
SLC35B2,0.734111486126025
SLC35E1,0.9990763001527718
SLC35E2B,0.9868866726452719
SLC35F1,-0.2349576727188236
SLC35F6,0.4221063059691162
SLC35G2,-0.3752093159109805
SLC37A4,0.5864980359494416
SLC38A1,-0.9422862687509383
SLC38A10,0.9950229001823532
SLC38A3,-0.8703434667447666
SLC38A9,-0.11309334244189083
SLC39A1,0.22933069738549539
SLC39A10,-0.9280364318902805
SLC39A11,0.6040100212896257
SLC39A12,-1.369077240774375
SLC39A14,0.473113051773295
SLC39A6,-0.9023662669917741
SLC39A7,0.813206581560743
SLC3A2,-1.4101128795556215
SLC41A3,-1.046073972585955
SLC43A2,0.17556317269429872
SLC43A3,0.629071237523739
SLC44A1,-1.1859970817158914
SLC44A2,-0.6749418110548651
SLC4A1,0.2811881238185071
SLC4A10,-1.4157860369924933
SLC4A1AP,0.8368449364349685
SLC4A2,0.7365387684731887
SLC4A3,-1.1793554492181495
SLC4A4,-0.368559929591871
SLC4A7,1.148225420084062
SLC4A8,-0.8059470532563571
SLC5A3,-0.15275377568137824
SLC5A6,0.15696608297615708
SLC6A1,-1.5569992553161303
SLC6A11,-0.8769543405955571
SLC6A13,-0.4243292868775874
SLC6A15,-1.2190971825700858
SLC6A17,-1.6242669562842065
SLC6A7,-1.273046603137588
SLC6A9,-0.20852260964504257
SLC7A1,-0.4627106379104655
SLC7A10,-1.0854104036211356
SLC7A11,-0.8588613096868637
SLC7A14,-1.6676484759287002
SLC7A5,-1.2364892382293524
SLC7A6,-0.46173262425628636
SLC7A6OS,0.10767800626208233
SLC7A8,-1.3540632118931004
SLC8A1,-1.5603243127528261
SLC8A2,-1.6787703591034013
SLC8A3,-0.9973800310437575
SLC9A1,-1.227853365362774
SLC9A3R1,-0.5808435528146114
SLC9A3R2,-0.9429499831129028
SLC9A6,-1.6233609192989522
SLC9A7,-0.42406412070917565
SLC9A9,0.7352929959023262
SLCO1C1,-0.5823684491465156
SLCO2A1,-0.04333032462461919
SLCO2B1,0.6366199046964863
SLFN11,0.6358579114130849
SLFN5,0.685519372501308
SLIRP,-0.3973450118397609
SLIT1,-1.201438130714728
SLIT2,0.6398579694428739
SLITRK1,-1.6307194155830729
SLITRK2,-0.9521149953075525
SLITRK3,-0.6463246498272373
SLITRK4,-1.2746276819112479
SLITRK5,-0.9675337719725866
SLK,-0.05203252171215338
SLMAP,0.20766829531717662
SLPI,0.7606768599891007
SLTM,0.1735507716246945
SLU7,0.620814635493917
SLX4IP,0.04184490278906923
SMAD1,0.26632869824332833
SMAD2,0.2350316260427049
SMAD3,0.3073272238468673
SMAD4,-0.3272121449448595
SMAD5,0.01950563553638355
SMAD9,-0.38769328202948217
SMAP1,-1.254336238827054
SMAP2,-0.1078213219345091
SMARCA1,0.2866735404622409
SMARCA2,-0.03686810468510836
SMARCA4,-0.39823691223011537
SMARCA5,0.15403569509594095
SMARCAD1,0.4708723378357329
SMARCAL1,0.8591859605246285
SMARCB1,0.3103101707048259
SMARCC1,0.34742750461024574
SMARCC2,-0.18095323093286356
SMARCD1,-0.848824832448765
SMARCD2,1.3881410344240712
SMARCD3,-0.7059978064055572
SMARCE1,0.1010308230697882
SMC1A,-0.03047428199149753
SMC2,0.20949060599279185
SMC3,0.049383874329512065
SMC4,0.3397664929024586
SMC5,0.5205877694811245
SMC6,0.18086075401061497
SMCHD1,0.4601257606713934
SMCO4,-0.06991251303701362
SMCR8,-0.27766781584181754
SMDT1,0.03190635923813415
SMG1,0.3450530481616866
SMG5,0.7033666148180466
SMG6,-0.040192927744565864
SMG7,0.853813202965451
SMG8,0.6017685896257194
SMG9,0.6304471438636938
SMIM1,0.43666192070008397
SMIM12,-0.13576727809129735
SMIM13,-0.6045316696092145
SMIM15,0.5724600573870782
SMIM18,-1.4662410626505813
SMIM19,1.3260362634874137
SMIM20,-0.5245631120646966
SMIM24,-1.1807078261910071
SMIM26,-0.01212804804655907
SMIM27,0.013009070522273954
SMIM29,0.029510572099121717
SMIM4,-0.36535148380101334
SMIM8,-0.36849681505620113
SMN1,0.5037270065840111
SMNDC1,-0.006212068906452208
SMOC1,-0.8100453481709528
SMOC2,-0.6520862319575622
SMOX,0.3596448663561469
SMPD1,-0.16106332948912822
SMPD2,0.33028885094662996
SMPD3,-1.4881778925836033
SMPD4,0.08838276387588923
SMPDL3A,0.7803324469836173
SMPDL3B,0.28046045285356136
SMPX,-0.5412126599513436
SMS,0.5498701732274467
SMTN,0.417088901033401
SMU1,0.22971279423252267
SMUG1,-0.42869797403287513
SMURF2,0.25391353172546166
SMYD2,0.2469819615369287
SMYD3,-1.1949593016178937
SMYD4,0.8536059007538741
SMYD5,-0.3747200685650117
SNAP23,0.3566729981986108
SNAP25,-1.6933174775442268
SNAP29,-0.6242735070129649
SNAP47,-1.1125615419607309
SNAP91,-1.7390479366798295
SNAPC1,0.13862730165360454
SNAPC3,-0.005311655895863849
SNAPC5,-0.11075754157870783
SNAPIN,0.8550977661226293
SNCA,-1.3212898583966468
SNCAIP,-0.2442668266333261
SNCB,-1.6142756455489953
SNCG,-1.5007830883224398
SND1,1.2771179806686819
SNF8,0.4694872174270412
SNIP1,0.3751643047476439
SNN,-0.7713602323424464
SNPH,-1.6805021165604708
SNRK,-0.682776921361393
SNRNP200,0.4900356333531665
SNRNP27,0.39696024529395846
SNRNP35,0.46436423329853066
SNRNP40,0.05180996470370461
SNRNP48,0.33543726592241835
SNRNP70,0.624119554126636
SNRPA,0.5161665168148273
SNRPA1,0.4685220444150602
SNRPB,-0.4732984807920205
SNRPB2,0.658304238999515
SNRPC,0.5509705727177328
SNRPD1,0.7272148483433204
SNRPD2,0.3947507439166575
SNRPD3,0.26862743739254785
SNRPE,-0.3367156075815857
SNRPF,0.3866904367946715
SNRPG,0.2953655081518798
SNRPN,-0.12111601685396158
SNTA1,-1.187530444421574
SNTB1,-0.36117786254240214
SNTB2,0.41481728828197667
SNU13,0.5943579766781668
SNUPN,0.5462229272546125
SNW1,-0.15662696342960516
SNX1,0.7803268191924001
SNX10,0.4053235222766817
SNX11,-0.20384007032289078
SNX12,-0.6994170441476366
SNX13,-0.05643906548372585
SNX14,0.11275908766001744
SNX15,-0.5724527178155291
SNX16,0.43184409510678357
SNX17,0.9259163317142922
SNX18,0.4984529868876336
SNX19,-0.17696130117486283
SNX2,1.1292721777300112
SNX21,0.7952242586091993
SNX24,0.26431098307521517
SNX25,-0.8377039956484974
SNX27,0.010509437112283256
SNX29,0.22218835360341854
SNX3,0.47892190453288974
SNX30,-1.3155365759594573
SNX32,-1.3418170517222876
SNX33,0.6178924010788744
SNX4,-0.5781710258459598
SNX5,0.8812608805612209
SNX6,0.726594360858799
SNX7,0.6364795376314559
SNX8,1.2904171480061128
SNX9,0.4820346989018496
SOAT1,0.8737100159126582
SOBP,-0.8140547638271827
SOCS2,-0.17031473785410178
SOCS6,0.6876909689582078
SOD1,-0.7665933258171472
SOD2,0.49616125742653994
SOD3,-0.3378412364620501
SOGA1,-0.6189646089296701
SOGA3,-1.6010175290948683
SON,0.7838090410580274
SORBS1,-0.409129475473865
SORBS2,-0.7794351162934428
SORBS3,0.39872042658273255
SORCS1,-0.3313688990719801
SORCS2,-0.9686166935556411
SORCS3,-0.7138522457205155
SORD,-0.11649313286718507
SORL1,0.08083233720683115
SORT1,0.032829660065393784
SOS1,0.1292278155437073
SOS2,-0.28730413582788994
SOWAHC,0.3887910326262568
SOWAHD,0.4976212440129904
SOX10,-0.9343272012855806
SOX11,-0.44080607319269033
SOX12,0.5170778373290359
SOX13,-0.3500661902194562
SOX2,-0.7068933077276363
SOX21,-0.5958149809272872
SOX4,-0.6104772823062298
SOX5,-0.9405337744294546
SOX6,-0.7422488961848792
SOX8,-1.1804439629301617
SOX9,-0.15911240110729363
SP1,-0.06235385870319208
SP100,1.1579943031009363
SP110,0.8262487180583966
SP140L,0.9120866086263739
SP2,0.14374643234218093
SP3,-0.08883531585753422
SP4,-0.8238417267081708
SP8,0.05707929209909891
SPA17,0.08158536948396036
SPAG1,0.35366129465272067
SPAG5,0.6165465895568303
SPAG7,0.3471385037488244
SPAG9,0.4781844447328588
SPARC,0.9587814775556514
SPARCL1,0.1526653475239817
SPART,0.03380374847313994
SPAST,-1.0665664120273708
SPATA13,0.04475777580370782
SPATA18,0.33744385596822823
SPATA2,-1.4096854045143072
SPATA20,-0.029419520264404787
SPATA2L,-0.09739577782455956
SPATA33,-0.6567750785696651
SPATA5,0.5532231850004246
SPATA5L1,0.43759938901000217
SPATA6,-0.41521422619644555
SPATS2,0.2786953486146927
SPATS2L,1.277899140628234
SPC24,0.06442468579561415
SPC25,0.15237380117741856
SPCS1,0.7504989027243876
SPCS2,0.6152875879289474
SPCS3,0.8739008057917755
SPDL1,-0.08798059765520405
SPECC1,0.016421602666657074
SPECC1L,0.40502586953944764
SPEG,-0.19287007009611146
SPEN,-0.058204100166547534
SPG11,0.694584005006148
SPG21,0.7171723815901039
SPG7,-1.1493677568741725
SPHK1,0.7135686381147197
SPHK2,-0.631642494315468
SPHKAP,-1.2481369652340408
SPI1,1.3211897795111294
SPICE1,0.7916968483964433
SPIN1,-0.4191966017179751
SPIN2A,-1.2576879642760854
SPIN3,-1.0005851937519192
SPINDOC,-0.28018404112578427
SPINK1,0.15920530765297292
SPINT2,-0.6984082092144561
SPIRE1,-1.1674419858404488
SPIRE2,-0.3172217838004091
SPN,0.5451583282339509
SPNS1,0.4584726710724466
SPOCK1,-0.675748026324898
SPOCK2,0.46124036960127035
SPOCK3,-1.108855767894189
SPON1,-0.6368224238986895
SPON2,1.2859861213978045
SPOP,0.3527852503743207
SPOUT1,0.5833386424836358
SPP1,0.36938234582935614
SPP2,0.7504876976641526
SPPL2A,0.8139511244724829
SPPL2B,0.35089564471105195
SPR,0.4703435692507154
SPRED1,0.20004965537545327
SPRED2,0.5292293910652137
SPRED3,0.4701172139578299
SPRN,-0.19478481850729135
SPRY1,0.48985408766210314
SPRY2,-0.0012804588978321185
SPRY4,0.31413602423907505
SPRYD3,0.20645645667985818
SPRYD4,-0.18150856784171585
SPRYD7,-0.5583430695351164
SPTA1,0.36356148646707
SPTAN1,-1.4796685673466534
SPTB,0.2747263570333123
SPTBN1,-1.4769040182589017
SPTBN2,-1.6625360788283605
SPTBN4,-1.5658585189920626
SPTLC1,0.1543445284378855
SPTLC2,0.48108243863040195
SPTY2D1,0.9917305558820398
SQLE,0.127616214329366
SQOR,1.1586178725337384
SQSTM1,1.1168877259130943
SRA1,1.1773475462265395
SRBD1,0.48071109385499977
SRC,-0.6515272433939917
SRCAP,0.17095353435448596
SRCIN1,-1.582219751581813
SRD5A1,1.380060288991508
SRD5A3,-0.19478280997408703
SREBF1,0.4008185127225249
SREBF2,-0.2937201881116983
SREK1,0.29149458477023954
SREK1IP1,0.7969463927607187
SRF,0.6722799008336262
SRFBP1,0.7466287455747128
SRGAP1,-0.15788106323243561
SRGAP2,-0.5202968612617928
SRGAP3,-1.4849172937656216
SRGN,1.0045554616331542
SRI,0.09080168755329401
SRM,0.5578155526820958
SRP14,0.030653908256194524
SRP19,0.7187980106424308
SRP54,0.6855401346777656
SRP68,1.1845031343000068
SRP72,1.0997789184444375
SRP9,0.1765800993408001
SRPK1,0.05014509184863561
SRPK2,-0.8758848289557177
SRPRA,1.2662510256927373
SRPRB,0.8095806157714158
SRPX,0.8254724194973484
SRPX2,1.105804635366408
SRR,-0.5537756116069978
SRRM1,0.6184350810894397
SRRM2,0.7918715430207244
SRRT,0.33713672046689147
SRSF1,-0.302324100323245
SRSF10,0.22866175784282905
SRSF11,0.3817027700385875
SRSF12,-0.9121891011444818
SRSF2,0.0655289788536372
SRSF3,0.09638386683428371
SRSF4,0.41422535289265017
SRSF5,-0.27671193097112534
SRSF6,0.38725357162134166
SRSF7,0.22917580312090297
SRSF8,0.07701537806587536
SRSF9,0.20612916428756448
SRXN1,0.3689571314467611
SS18,0.40096399802520877
SS18L1,-0.8827461214258303
SS18L2,-0.07179834105637883
SSB,0.24414040613035093
SSBP1,0.06622149123683806
SSBP2,-0.28228508456196144
SSBP3,-0.6730562117162867
SSBP4,0.39577593223974944
SSH1,0.6398413240726646
SSH2,-0.47350943379481536
SSH3,0.520497674751605
SSNA1,0.3813079125598932
SSPN,-0.7576029845824335
SSR1,1.128398040975971
SSR2,0.5528484998959565
SSR3,0.6544592020738158
SSR4,1.0543057776090703
SSRP1,0.0069765934248422565
SSSCA1,-0.26042126902057183
SST,-1.601963787092402
SSTR2,-1.6653094599116336
SSU72,0.28759044466726724
SSX2IP,0.858721416009187
ST13,0.07678801788763667
ST14,0.874746300358668
ST3GAL1,0.8331320243349296
ST3GAL2,0.614009578304032
ST3GAL4,-0.2814598547482675
ST3GAL5,0.6594084215737218
ST3GAL6,-0.05038456015809888
ST5,0.5978777551778152
ST6GAL1,0.7009999479425733
ST7,-0.28572602063989094
ST8SIA1,-0.4651803046821077
ST8SIA3,-1.1768593008658907
ST8SIA4,1.0588890681016445
ST8SIA5,-0.016933111710081564
STAB1,1.0603174342257087
STAC2,-1.2056695865943245
STAG1,-0.0638170099938806
STAG2,-0.2715832867064809
STAM,-1.180073877537767
STAM2,0.33623011768262906
STAMBP,-0.017484460702699045
STAMBPL1,-0.31576529628472993
STARD10,-0.943465425455764
STARD13,0.5491718072855503
STARD3,0.3351030671052695
STARD3NL,0.273782146678828
STARD4,-0.4484356986555136
STARD5,0.4178086046916406
STARD7,-0.37756505608972835
STAT1,0.07805653547868878
STAT2,0.7244508464586428
STAT3,0.8299317592649076
STAT4,0.33480748515988523
STAT5A,0.9246080914237171
STAT5B,0.3243249280837115
STAT6,0.8119668938453555
STAU1,0.6192459497430597
STAU2,-0.3595513614205529
STBD1,0.978052232969136
STC1,0.8838967963016642
STC2,-0.0007714024492056098
STEAP1,1.0241226844285294
STEAP2,-0.21526791327761668
STEAP3,1.001176962595536
STIM1,0.5259642126009142
STIM2,0.0949187874557512
STIP1,-0.04992375784492094
STK10,1.2577679729329265
STK11,-0.8032222706620932
STK11IP,-0.37496155374523704
STK16,0.1326081266249764
STK17A,1.0428307386577327
STK17B,0.468612812870293
STK19,-0.2489963535376297
STK24,0.603643541153384
STK25,0.30753830156310136
STK26,0.8345229810555396
STK3,0.9909769019367114
STK32A,0.5835614183804756
STK32C,-1.5528763548922109
STK33,0.17973950367560948
STK35,0.9985781042781159
STK38,1.0526584364709501
STK38L,-0.626616501372601
STK39,-0.7583230437491996
STK4,0.922595248444485
STMN1,-1.5892543304965954
STMN2,-1.503330991951044
STMN3,-1.4092622558584131
STMN4,-1.0002539936676342
STN1,0.3948839254486662
STOM,0.5578480471689756
STOML2,0.47751294096348995
STON1,0.8943415128978929
STON2,-0.7799952924859213
STOX2,-0.8498155498113963
STRADA,-0.6353402880042236
STRADB,-0.08774406255940884
STRAP,0.14003475715522745
STRBP,-0.5053301525215318
STRIP1,-0.06142422703614663
STRIP2,-0.376062670560416
STRN,-0.26855232840191157
STRN3,0.08621707896320416
STRN4,-0.5845689205268032
STT3A,1.1413126593646252
STT3B,1.0155639783303672
STUB1,-0.5025294943660524
STUM,-1.2717863109946648
STX10,0.040345446177400074
STX11,1.0135104591683242
STX12,-0.6590643447182216
STX16,-0.8703226521304541
STX17,0.21599464139713598
STX18,0.07995477723551309
STX1A,-1.712182918386274
STX1B,-1.6845199407785498
STX2,-0.46564422304639164
STX3,1.004340365774239
STX4,-0.23731608141818894
STX5,-0.012842969887776123
STX6,-0.4347366274043455
STX7,-1.2189413906825144
STX8,-0.7536188203779235
STXBP1,-1.7445125309160736
STXBP2,1.2374301718190925
STXBP3,-0.42542224348851937
STXBP4,0.5938699955703055
STXBP5,-1.4988671955697488
STXBP5L,-1.4644911478723386
STXBP6,-1.5209706053479821
STYX,0.8882940039759712
SUB1,-0.05180428745813432
SUCLA2,-1.5138136844793526
SUCLG1,-1.1663735700705091
SUCLG2,0.5048995591942567
SUCO,0.9226126040136577
SUDS3,0.6251739954032276
SUFU,-0.27918702711171983
SUGCT,0.24726545838625238
SUGP1,0.20719558961522255
SUGP2,-0.941098882133895
SUGT1,-0.8791385024555189
SULF1,0.6923224900124592
SULF2,0.5411660186880339
SULT1A1,0.30317555552453723
SULT1A4,0.4375053218965258
SULT1B1,0.8979499999695246
SULT1C4,-0.042828233827666595
SULT4A1,-1.6473062818270585
SUMF1,1.574462568027518
SUMF2,0.9898355886518986
SUMO1,0.7081370286775743
SUMO2,0.015067378907106256
SUMO3,0.5676999926385604
SUN1,0.2045101244082216
SUN2,0.026988622447211043
SUOX,-0.3319317372798568
SUPT16H,0.349823938185246
SUPT20H,0.7659433642361486
SUPT3H,0.4960167915610404
SUPT4H1,-0.027367730716985925
SUPT5H,0.28462415802452645
SUPT6H,0.5984681755687805
SUPT7L,0.4647912769671634
SUPV3L1,-0.5674909053835554
SURF1,-0.4091638874257976
SURF2,-0.33995455712934486
SURF4,0.9742205216802012
SURF6,0.9060264596600367
SUSD2,0.6937870215730709
SUSD5,-0.7054060755273037
SUV39H2,-0.4987620744175951
SUZ12,0.08214266459658078
SV2A,-1.6320094283692428
SV2B,-1.6450979005374966
SV2C,-1.6112953760618618
SVBP,-0.20130278994224568
SVIL,1.1340860868250822
SVIP,-1.2538804022616494
SVOP,-1.5237431808618722
SWAP70,0.6497799216844423
SWI5,0.3834686555539304
SYAP1,0.38787640654702216
SYBU,0.10796012084160965
SYDE1,1.0184144652751195
SYF2,0.3394943448672819
SYK,1.1852562526560624
SYMPK,0.671325537211473
SYN1,-1.6512527855410915
SYN2,-1.6282992975901787
SYN3,-1.660735487359694
SYNC,1.05983627358248
SYNCRIP,0.40866570182205764
SYNDIG1,-0.5183949894330915
SYNE1,-0.8486767958573198
SYNE2,0.08264151735198927
SYNE3,0.6220094970260142
SYNGAP1,-1.5542327622985421
SYNGR1,-1.5284819409540469
SYNGR2,0.9644699337496303
SYNGR3,-1.5948715400123026
SYNJ1,-1.605711157115175
SYNJ2,0.2531348102923364
SYNJ2BP-COX16,-0.625728063624565
SYNM,0.0607463941560845
SYNPO,-0.6249572366646315
SYNPO2,0.14673875910607725
SYNPR,-1.6316836497795253
SYNRG,-0.6564078730461197
SYP,-1.6292773608659386
SYPL1,0.5941746829138768
SYT1,-1.6512600495473146
SYT11,-0.9150069456854026
SYT12,-1.5587911261902978
SYT13,-1.4341326014412452
SYT17,-1.051727442294471
SYT2,-1.3995233474135196
SYT3,-1.604031046866512
SYT5,-1.5836330984846052
SYT6,-0.2159809481976357
SYT7,-1.7130038448575493
SYTL2,0.6002708312164982
SYTL4,-0.05966503101601178
SYVN1,-0.26096780073506587
SZRD1,0.43043393611686714
SZT2,-0.02381540174706758
TAB1,-0.2237594969267414
TAB2,0.5271448529315109
TAB3,-0.5431080859697897
TAC1,-1.1824490319754388
TAC3,-1.3079275192442386
TACC1,0.20199217760782026
TACC2,-1.2274030346489788
TACC3,0.6032435683711577
TACO1,-0.32762464760869003
TADA1,0.38403083662138426
TADA2A,0.47152884361662906
TADA2B,0.37637805376561606
TADA3,0.5293097722326086
TAF1,-0.2878007639882382
TAF10,0.4926159068104159
TAF11,0.4260156803017948
TAF12,-0.06474082119962095
TAF13,0.05912309408296884
TAF15,0.15293646712143066
TAF1L,-0.032154745951759454
TAF2,-0.06883115564889666
TAF3,-0.22986445502625197
TAF4,-0.4540288860396954
TAF5,-0.3555539149463248
TAF5L,0.8627605772600343
TAF6,-0.057253810110934764
TAF6L,0.03476517988672455
TAF7,0.5489411459484244
TAF8,0.3943278435101737
TAF9,0.691266754751894
TAF9B,-0.4330656433612622
TAGLN,0.63541617556735
TAGLN2,0.9520908785578853
TAGLN3,-1.68564966586623
TALDO1,0.23129536060848477
TAMM41,-0.386828304583767
TANC1,0.2713304105906038
TANC2,-1.253846605315664
TANGO2,-0.27696142509040156
TANGO6,0.6795067060621937
TANK,0.9504758305996399
TAOK1,-0.6284026561958032
TAOK2,-0.8374601396264179
TAOK3,0.5651762198429475
TAP1,0.09200252492941005
TAP2,0.06153264696930081
TAPBP,0.17678866857354286
TAPBPL,0.6715691969992729
TAPT1,-0.6235393030911468
TARBP1,1.044282755123401
TARBP2,0.6535485233742637
TARDBP,0.23188435074731728
TARS,0.7404724845659918
TARS2,0.8192971789721775
TARSL2,-0.8598083234912538
TASP1,1.0091896514184997
TATDN1,-0.06174271333177601
TATDN2,0.2142203212455187
TATDN3,-1.1382161748351813
TAX1BP1,-0.7312776004024291
TAX1BP3,0.828824896939835
TBC1D1,0.3621421612524041
TBC1D10A,0.1401539967558541
TBC1D10B,-1.274792373544997
TBC1D12,-0.7756564721489891
TBC1D13,-0.12317139303479963
TBC1D14,-0.1196108159736998
TBC1D15,0.31876061741735295
TBC1D16,0.7693354693415426
TBC1D17,-1.0952012444682309
TBC1D19,-0.5024915206541991
TBC1D2,1.0968193812530518
TBC1D20,-0.1004967273240579
TBC1D22A,0.24135957194338642
TBC1D22B,-0.17968288168683882
TBC1D23,0.7073694774478783
TBC1D24,-1.5922517838285426
TBC1D25,0.6419689475886814
TBC1D2B,1.2447278744210597
TBC1D4,-0.4953660121945034
TBC1D5,0.5144137250077804
TBC1D7,-0.9728138700054036
TBC1D8,0.8501569188416539
TBC1D8B,1.214632557159816
TBC1D9,-0.2894199309418819
TBC1D9B,0.6176783463512052
TBCA,0.41900831826238755
TBCB,-0.40664697189817617
TBCC,-1.1769218998295865
TBCCD1,-0.09459453747640933
TBCD,-0.9999603803366613
TBCE,-0.06810455078163008
TBCEL,0.004679819891665057
TBCK,-0.3105646892392714
TBK1,0.32309928221698764
TBL1X,0.39683552655203835
TBL1XR1,0.15735419367841594
TBL2,1.0486003615158248
TBL3,0.9568188411062205
TBP,-0.24243531583421346
TBPL1,-0.571329501229896
TBR1,-1.226831398142206
TBRG4,0.006732540251166495
TBX2,0.20543645127063634
TBXAS1,0.9569909718240432
TCAF1,0.28400618811384004
TCAF2,0.8601688032569326
TCAIM,-0.12522724930604914
TCEA1,0.17863756003343179
TCEA2,-0.7605929810269669
TCEA3,0.4508174969901704
TCEAL1,-0.3844281257406119
TCEAL2,-0.8314296743644106
TCEAL3,-0.1835479534268175
TCEAL4,-0.4771780512057481
TCEAL5,-1.0564513416039645
TCEAL6,-1.2050728783101454
TCEAL7,-0.96262767242949
TCEAL9,0.6123529359514126
TCEANC2,0.6494650527672039
TCERG1,0.5006439085417549
TCF12,-0.2727196871075568
TCF20,-0.6446692377844017
TCF25,-0.17462726238028797
TCF3,-0.2228396785381907
TCF4,-0.36463034314576714
TCF7L2,0.48826133274845185
TCHP,0.272948499960728
TCIM,-0.7467034434883169
TCIRG1,1.4858152499759605
TCN1,1.1650680560501372
TCN2,0.19183783657150194
TCOF1,0.6321963910639699
TCP1,0.22697952687178985
TCP11L1,-0.6501829522917126
TCP11L2,0.3113020830869912
TCTEX1D2,0.23508936920410733
TCTN1,0.4454198507134737
TCTN2,0.35696638383437274
TCTN3,0.0492432789225269
TDG,-0.20821405661913422
TDP1,0.3143764116400592
TDP2,0.09852046241556146
TDRD3,0.005341597046290814
TDRD7,0.5100617650942234
TDRKH,-0.8626483240026048
TDRP,-0.4431149932688708
TEAD1,0.11313440699594246
TEAD3,0.5185149807635467
TECPR1,-0.3231992497238003
TECPR2,-0.8387334678919789
TECR,0.6420965421881923
TEFM,0.024722147383493313
TELO2,0.9093559721501301
TENM1,-0.18266457459075544
TENM2,-0.6011774073060591
TENM3,-0.415729783505409
TENM4,-0.32780847548653136
TENT2,0.030627680238809164
TENT4B,0.6871426675119234
TEP1,1.4213078812498956
TEPSIN,0.6391595620054407
TERF1,-0.027559251345337616
TERF2,-0.6072787686639187
TERF2IP,-0.7650251753420241
TES,1.3983143159078084
TESC,-0.6625364358098618
TESK1,-0.6807272777381511
TESK2,0.08334622056083116
TESPA1,-0.3886847777513146
TEX10,0.5764703052632836
TEX2,-0.06692706035910914
TEX264,0.9687902849799052
TEX30,-0.604900324528395
TF,0.24732866832260808
TFAM,-1.0519641976423286
TFAP4,0.016183051520297045
TFB1M,0.033780873369120584
TFB2M,0.6286452649648605
TFCP2,-0.2527721362869842
TFDP1,0.4089996978241101
TFDP2,0.17516585784210909
TFE3,1.042467761590812
TFEB,0.6693907294576518
TFG,1.0592337654533652
TFIP11,0.5514544549797935
TFPI,0.4477362981446611
TFPT,0.42102946360133886
TFRC,0.4421910351210249
TGFB1,1.267117440855201
TGFB1I1,0.8329147167627635
TGFB2,0.8102433819929996
TGFB3,0.9344640370803465
TGFBI,1.2566155093017517
TGFBR1,0.3086465465414305
TGFBR2,0.7796614336157387
TGFBR3,-1.0079342180225228
TGFBRAP1,-0.009532813826301487
TGM2,0.7309945376243188
TGOLN2,0.6878702685233601
TGS1,0.8539216669472756
THADA,1.1917632573250443
THAP10,0.05194563682643634
THAP11,-0.7931919795112705
THAP12,0.2667853529908941
THAP3,-0.2834966565474322
THAP4,-0.9301386935170924
THBD,1.1966704997441286
THBS1,0.9058099068079357
THBS2,0.6202721440950889
THBS3,0.7456971999685401
THBS4,0.16503594645598763
THEM4,-0.05889376300863377
THEM6,-0.1522820171879263
THEMIS2,1.1842836844336764
THG1L,0.5792057593350548
THNSL1,-1.2428746708604972
THNSL2,0.07699507977195044
THOC1,0.4980491270042283
THOC2,0.46837605036200125
THOC3,0.41365601343196917
THOC5,0.4761132525532895
THOC6,0.6417269607419518
THOC7,0.786882087063872
THOP1,-0.5422184962398084
THRA,-0.6980059319765431
THRAP3,0.5772950914757953
THSD1,-0.15483551365138978
THSD4,0.16445776826100028
THSD7A,-1.1636557787341217
THTPA,-0.06061356881470953
THUMPD1,0.3947607948339559
THUMPD3,0.8716690006877905
THY1,-1.4086627049355758
THYN1,-0.34788612039838673
TIA1,0.06053606831873891
TIAL1,-0.11675468763566066
TIAM1,-0.26063250376611025
TIAM2,-1.3643048563752143
TICAM1,0.48191944927350305
TIFA,1.0830601048360502
TIGAR,0.5760147063549829
TIGD1,-0.5108307147387064
TIMELESS,0.6220806139982502
TIMM10,-1.0703947090125427
TIMM10B,-0.7613807519433335
TIMM13,-0.44373222806846624
TIMM17A,-0.30607317334852446
TIMM17B,0.27510654447477023
TIMM21,-0.5596894401268828
TIMM22,-0.30733743618442577
TIMM23,-0.4008629052848859
TIMM29,-1.1188669445277664
TIMM44,-0.3689687202644717
TIMM50,-0.8592042316190411
TIMM8A,-0.6523004857802828
TIMM8B,0.23405219870040495
TIMM9,-1.0742663864994992
TIMMDC1,0.050036156348828964
TIMP1,1.1503556949284675
TIMP2,0.08569499388375904
TIMP3,0.2268891089308866
TIMP4,0.5091883431781796
TINAGL1,-0.4592256423513353
TINF2,-0.14495942096373726
TIPIN,0.5770345694010721
TIPRL,-0.3859280427259745
TIRAP,0.852563711314642
TJAP1,0.6360474242895615
TJP1,-0.4249189016849171
TJP2,-0.6652193203914207
TK1,0.72552691199374
TK2,-0.3968861889881129
TKFC,0.342009939040939
TKT,0.19071985830627902
TKTL1,0.2063196794281475
TKTL2,0.22286013763568088
TLDC1,-0.09969448919207483
TLE1,-0.10858437508420164
TLE2,0.048796626385482114
TLE3,0.04032357561782692
TLE4,-0.035474228845913135
TLK1,0.5782158820509555
TLK2,-0.03388207255365817
TLN1,1.4077485313344344
TLN2,-1.0103164884244074
TLNRD1,-0.48989843272493583
TLR1,0.8902976424675387
TLR2,1.004590590426232
TLR3,0.4837776846256522
TLR7,0.752414624907827
TM2D1,0.22906007419888758
TM2D3,-0.4962656114604199
TM6SF1,0.46825270784562634
TM7SF2,-0.4472887512103858
TM9SF1,0.7490463063124664
TM9SF2,0.7398265158750653
TM9SF3,0.5888350330638165
TM9SF4,0.9801314637545981
TMA16,0.08897523041781724
TMA7,-0.22845138356191708
TMBIM1,0.15389871695165924
TMBIM6,0.6606740416329503
TMC6,-0.15485518886313882
TMC7,0.2482994118938069
TMC8,0.5542475184191579
TMCC1,-0.5685627152355176
TMCC2,-1.1351114258577288
TMCC3,-0.5305611724343027
TMCO1,0.6588496900714375
TMCO3,1.0076246862789857
TMCO4,0.9595925551706848
TMED1,0.9425323012612945
TMED10,0.719330939875515
TMED2,0.9112362811159719
TMED3,0.9559796681393928
TMED4,0.7040218997776221
TMED5,0.8202928738074913
TMED7,0.8461922142364464
TMED8,-0.5185815699102942
TMED9,1.339847247640173
TMEFF1,-1.5832511840513148
TMEFF2,-1.5246265937503136
TMEM100,-0.2225451501388081
TMEM101,0.7367428191521549
TMEM102,0.9649534567505329
TMEM104,0.2197470458273092
TMEM106B,-0.3610266475383279
TMEM109,0.5627551032217699
TMEM11,-1.1337701065530943
TMEM115,1.001487457353924
TMEM119,-0.19843987322813775
TMEM120A,0.4020489282103473
TMEM120B,0.10127267306013765
TMEM121B,0.29740983006736577
TMEM126A,-0.949770616953038
TMEM126B,-0.5309517686386005
TMEM128,0.6109516671151769
TMEM129,-0.030962057724652232
TMEM131,0.8493269793602646
TMEM132A,-0.618698511869497
TMEM132B,-1.299346524761685
TMEM132C,-0.7455334468699957
TMEM132D,-0.88968057328082
TMEM132E,0.2793947454043075
TMEM134,0.28152500103975037
TMEM135,0.13757310279523915
TMEM141,-0.4737265702579828
TMEM143,-1.0565346409392862
TMEM147,0.882639251773828
TMEM14C,0.40148044886195394
TMEM151A,-0.6975523259031903
TMEM154,0.9449325051539745
TMEM158,0.04038922579172269
TMEM159,-0.06336285899717889
TMEM161A,0.29465469648196796
TMEM163,-1.0293283108155276
TMEM165,1.3553000632565162
TMEM167A,0.6427517362689061
TMEM167B,0.7850833244727189
TMEM168,0.8797910511351825
TMEM169,-0.8133073018227643
TMEM17,0.425199777483007
TMEM173,0.8171195089136807
TMEM175,-0.07373507228651333
TMEM176A,-0.07868987520936707
TMEM176B,0.47264666511420017
TMEM177,-0.7883836792639914
TMEM178A,-1.4026592538944809
TMEM178B,-1.284860205337249
TMEM179B,1.1358103924162124
TMEM181,-0.6287448910587106
TMEM184B,-0.2867055264899052
TMEM186,-0.8370780906222658
TMEM189,-0.01746221104160357
TMEM189-UBE2V1,-0.36022084175707014
TMEM19,0.036218155382099416
TMEM192,-0.07206968932412638
TMEM199,-0.16711582434803757
TMEM201,-0.0030166750021426558
TMEM205,0.42505853920407044
TMEM206,-0.8525364748152431
TMEM208,0.5287482545440598
TMEM209,0.17521494146941938
TMEM214,1.2531486234883986
TMEM219,0.4654999924624533
TMEM222,-0.06687875355296026
TMEM223,-0.605785257998969
TMEM229A,0.10201005645669231
TMEM230,0.04273091049439222
TMEM231,0.2620435564653601
TMEM237,0.5186154947402457
TMEM240,-1.1967497626055739
TMEM242,-0.4790242816963956
TMEM245,-0.40348227399459724
TMEM246,-0.5475042175585534
TMEM248,-0.6775737755740465
TMEM25,-1.3016530206764334
TMEM255A,-0.9099336409322234
TMEM256,0.23772173686100226
TMEM258,0.17877548323811013
TMEM259,0.7228584109908999
TMEM263,0.54954991097404
TMEM30A,-1.5939772451444627
TMEM33,-0.3518136921918339
TMEM35A,-1.2559605447106081
TMEM35B,0.860067375385221
TMEM38A,-1.0634642939823356
TMEM39B,0.24946744787015002
TMEM41A,0.8350410379278237
TMEM41B,-0.0876029810126591
TMEM43,1.1564195402979247
TMEM47,-0.6354038204279469
TMEM51,0.1609862589579572
TMEM53,0.27214340818244775
TMEM56,-0.33535676526001656
TMEM59,0.5974208317321639
TMEM59L,-0.12832186944029533
TMEM62,0.17261010100740382
TMEM63A,0.25771232130442706
TMEM63B,-0.2961423926052271
TMEM65,-1.3856292413203066
TMEM67,0.42342639533214443
TMEM68,0.01935166518249591
TMEM70,-0.4102750139131567
TMEM74,-1.2198169081436374
TMEM87A,-0.11169759700455548
TMEM87B,1.0164274912142957
TMEM9,-1.1650633886059532
TMEM94,-1.2203002336958044
TMEM97,-0.18279781994500766
TMEM98,0.4577210445348402
TMEM9B,-0.6167369268938703
TMF1,1.3505181657368466
TMIE,-0.7922432811488243
TMLHE,-0.3900374407412479
TMOD1,0.42131462010026605
TMOD2,-1.5391543265944079
TMOD3,1.351894915106215
TMPO,-0.5819488995825348
TMPPE,-0.29813552638793017
TMPRSS5,-0.42167048419545894
TMSB10,0.7256284119527197
TMSB15B,-0.553000456805096
TMSB4X,0.4444715399022908
TMTC2,-0.34957520031947326
TMTC3,0.8869947043313116
TMTC4,-0.2832423421098891
TMUB1,0.39823767446539726
TMUB2,-0.1495202397945385
TMX1,0.569154139413276
TMX2,-0.21061387140562626
TMX3,0.760789249977015
TMX4,-1.090243339816647
TNC,0.6394694909362904
TNFAIP1,0.11537173647033469
TNFAIP2,0.965916535315392
TNFAIP3,1.288598927090837
TNFAIP6,0.38537912027233
TNFAIP8,1.337502009658774
TNFAIP8L1,-0.500246280108994
TNFAIP8L2,1.0376272924634562
TNFAIP8L3,0.46195323301079827
TNFRSF10B,0.9577576992437626
TNFRSF10C,0.7461521752808792
TNFRSF12A,0.8328820613771182
TNFRSF14,0.2594992551255792
TNFRSF1A,0.8574355597897034
TNFRSF1B,0.387173314768107
TNFRSF21,-0.8968991429793799
TNFSF12,1.177804154143101
TNFSF12-TNFSF13,1.033914367219192
TNFSF13B,1.0079668472792782
TNIK,-0.669241296109053
TNIP1,1.3261615745938422
TNIP2,1.2271087413694675
TNK2,-0.630742477665938
TNKS,0.16821203754237626
TNKS1BP1,0.8171720850947854
TNKS2,-0.24273429737944774
TNN,0.22597782319627419
TNPO1,0.16503995846256
TNPO2,-0.49875739985509515
TNPO3,0.2379003444271231
TNR,-1.4901345901160994
TNRC18,0.09132868931852789
TNRC6A,0.736927226768564
TNRC6B,-0.05516904505106303
TNRC6C,-0.4425192751074764
TNS1,0.5340129588873299
TNS2,0.032937809263855575
TNS3,0.8957339248776106
TNXB,0.26038591869145067
TOB2,-0.5558841225680078
TOE1,0.6599845328684554
TOLLIP,-1.108232929724597
TOM1,-0.2731188744518153
TOM1L1,0.7809625852078448
TOM1L2,-1.4388473619014208
TOMM20,-0.00885734038237305
TOMM22,-0.8632453574081917
TOMM34,-0.12517129081793316
TOMM40,0.06635072164570864
TOMM40L,-0.06945482477369577
TOMM5,-0.49876352362125
TOMM6,0.3225658080468591
TOMM7,-0.004182309240560171
TOMM70,-1.4365820132118752
TONSL,0.11745241720953181
TOP1,0.25077766541505675
TOP1MT,-0.3697490490989973
TOP2A,-0.07032918487251194
TOP2B,-0.410740921519451
TOP3A,0.2824409019315253
TOP3B,0.11572034315864234
TOPBP1,0.26583636744089184
TOPORS,-0.2630581949992806
TOR1A,1.2700325583084235
TOR1AIP1,0.7542856500751969
TOR1AIP2,0.998125071419855
TOR1B,0.8835862523860847
TOR2A,1.0476233956612995
TOR3A,0.6469812524444277
TOR4A,1.1934614411219386
TOX,-0.5953311192216134
TOX2,0.0836308783639399
TOX4,0.07539273784235748
TP53,-0.0039776274010577505
TP53BP1,0.061021319341847756
TP53BP2,-0.16045694446939884
TP53I11,-0.7082996337481664
TP53I3,0.5525452283862671
TP53INP2,-0.14569234527264466
TP53RK,0.5189282100059136
TPBG,0.016083365726891976
TPCN1,0.8766357208860353
TPD52,-1.0276591851092833
TPD52L1,-0.8548194230601405
TPD52L2,1.28156445999628
TPGS1,-0.44851574720412596
TPGS2,-0.02111817336901871
TPI1,0.33763163300526494
TPK1,0.7153614954057645
TPM1,0.472025862551978
TPM2,0.7892517261845244
TPM3,0.824193203151905
TPM4,0.9989465789640857
TPMT,0.5012420143913436
TPP1,0.3236655397222499
TPP2,0.22782530929033273
TPPP,-1.5453062734126126
TPPP3,0.04510970229027972
TPR,0.6551727823345288
TPRG1L,-1.5835661313131761
TPRKB,0.4657225739565287
TPRN,0.14166939405654486
TPSAB1,0.510110027274826
TPST1,0.49307454548715035
TPST2,0.9048329092536876
TPT1,0.7571905304082054
TPTEP2-CSNK1E,-1.2589065674536632
TPX2,0.012474306765301374
TRA2A,-0.037249740256235286
TRA2B,0.038494200510442556
TRABD,0.8782801454587753
TRADD,1.1900167835053275
TRAF1,1.3375716673144975
TRAF2,-0.00861088021552098
TRAF3,-0.7740213215000553
TRAF3IP1,1.1342519620155107
TRAF3IP2,0.8999284492784858
TRAF3IP3,1.155512937567897
TRAF4,-0.556759982470792
TRAF5,0.2922131154497697
TRAF6,0.26069760075620496
TRAF7,0.058688818763662026
TRAFD1,-0.2989098152561873
TRAK1,-0.2516308859502952
TRAK2,-0.1583220057548887
TRAM1,1.1201882615054832
TRAM2,1.0823185319993407
TRAP1,-0.41198752111846115
TRAPPC1,0.15869460010061726
TRAPPC10,-0.7509575919737705
TRAPPC11,0.35080081515046585
TRAPPC12,0.5550092197673475
TRAPPC13,0.456480072683256
TRAPPC2,0.21929473559440793
TRAPPC2L,-0.09886590157040805
TRAPPC3,0.27535756991302346
TRAPPC4,-0.009978691121416496
TRAPPC5,0.34373806392575956
TRAPPC6A,1.1707608117616175
TRAPPC6B,-0.7885211496288353
TRAPPC8,0.6321540799938129
TRAPPC9,-0.5089173722185257
TREM1,1.0424918406899017
TREM2,0.48594181366108863
TREML1,0.31817083494415166
TREX1,-0.24731633167105438
TRH,0.33796207946049917
TRHDE,0.30734699022147705
TRIAP1,-0.03646204480484812
TRIL,-0.52815232582893
TRIM11,0.8804452027437728
TRIM13,-0.6128348453160544
TRIM14,0.3509779670030989
TRIM16,0.715735871520478
TRIM2,-1.487482087856464
TRIM21,0.819638520786631
TRIM22,1.0254346756334747
TRIM24,-0.4781515275362286
TRIM25,0.7957510636405628
TRIM26,0.6854263687122208
TRIM27,0.4429264110426151
TRIM28,-0.006806675302070617
TRIM3,-1.322497964181716
TRIM32,-0.11279325546557603
TRIM33,-0.46608654778049435
TRIM34,0.8941499209949381
TRIM36,-0.8875446092379164
TRIM37,-0.08219605748253739
TRIM38,1.035960464641891
TRIM4,1.2390178998716266
TRIM41,0.4933120344080929
TRIM44,0.5071282291050914
TRIM46,-0.6427336479477335
TRIM47,1.1378349010967237
TRIM5,0.5646417620174806
TRIM56,1.3367856499842055
TRIM59,0.5237790738662464
TRIM62,0.1059069145544024
TRIM65,1.2792833637959697
TRIM67,-0.7724850446147243
TRIM68,-0.03933708669781083
TRIM9,-0.4684137563557581
TRIO,-0.07612758352438659
TRIOBP,1.1921611956231728
TRIP10,1.2084350637527757
TRIP11,1.1011138298278316
TRIP12,0.930153423251808
TRIP13,0.38863826914888067
TRIP4,0.9020421804797857
TRIP6,1.0978531783642045
TRIQK,-0.5311600976431509
TRIR,0.279968070546317
TRIT1,0.6061893942788719
TRMT1,0.29368214654986696
TRMT10A,0.6766607482995857
TRMT10C,0.2501853063414955
TRMT11,-0.07901916984254237
TRMT112,1.0309558709429383
TRMT13,0.6149228325371638
TRMT1L,0.8677704119354486
TRMT2A,0.7391026770136611
TRMT2B,0.6357614466325914
TRMT44,0.21265883770475213
TRMT5,0.1312354133133085
TRMT6,-0.2016598715621724
TRMT61A,-0.23540232414655043
TRMT61B,-0.5785341566818714
TRMU,-0.4376477093624258
TRNAU1AP,0.6587966112548647
TRNT1,0.19209421199290372
TROVE2,0.3975460153110424
TRPC4AP,0.2435308574610878
TRPM4,0.7072644744368086
TRPM7,0.7062958490486355
TRPS1,0.3443295144651469
TRPT1,0.7340863070867587
TRPV2,-0.6422720830353343
TRRAP,0.06409699992690512
TRUB1,-0.23161600851787234
TRUB2,0.32443006077803105
TSC1,-1.3087897002656095
TSC2,-1.3585499671528853
TSC22D1,-1.4717224224000764
TSC22D2,-1.2102686657800048
TSC22D3,-0.6954024787972644
TSC22D4,0.7830667775850704
TSEN15,0.2441504163153395
TSEN2,0.5741545857042338
TSEN34,0.4484812515098879
TSEN54,0.16518316532640567
TSFM,-0.3948643910901979
TSG101,-0.118170560088044
TSHZ1,-0.6770993542679389
TSHZ3,0.9175715983732775
TSKU,0.5267244788452027
TSN,-0.21839901670583933
TSNAX,-0.16787836575571427
TSPAN11,0.7019247803983211
TSPAN13,-0.5348998341746888
TSPAN14,-0.03870908402235603
TSPAN15,-0.9190278083624274
TSPAN18,-0.4999547384563503
TSPAN2,-0.3025353569677136
TSPAN3,-0.45256234357006114
TSPAN31,-0.05297199543833679
TSPAN33,-0.46334533343979434
TSPAN4,0.36315438082126056
TSPAN5,-0.906909383650043
TSPAN6,-0.21620354208021386
TSPAN7,-1.4415517489656344
TSPAN8,-0.7475241657519976
TSPAN9,0.3341359437464372
TSPO,0.7828840080001648
TSPYL1,-0.027305777671482068
TSPYL4,-0.6907880291515685
TSPYL5,-0.22731028823198648
TSR1,0.5353056955500642
TSR2,-0.6711491971077069
TSR3,0.3971636738001525
TSSC4,0.3939795832956074
TST,-0.2456375252590472
TSTA3,0.7500401995265205
TSTD1,0.4557439777899026
TSTD2,-0.16440635285930505
TTBK1,-1.5143017631959281
TTBK2,-0.5614915992438079
TTC1,-0.8275405621500446
TTC12,0.8295908973384409
TTC13,0.8815031364493409
TTC14,0.2992832138722673
TTC17,1.2030136570221708
TTC19,-0.09572737305133923
TTC21B,0.5943270774013861
TTC25,0.6231962942478265
TTC26,0.8119096123801194
TTC27,1.07262282422822
TTC28,0.021266566349200662
TTC3,-0.3763323422005529
TTC30A,0.4695703341443796
TTC31,0.7939848303416502
TTC33,0.03592626691379453
TTC37,0.20129988011233182
TTC38,0.9145666451312169
TTC39A,0.7831372358046588
TTC39B,0.41127183138830237
TTC39C,-0.6071507242756817
TTC4,1.1493752789446388
TTC5,-0.39858223942911053
TTC7A,1.0831856654876693
TTC7B,-1.3671076907272073
TTC8,0.023188478583040878
TTC9,-0.7106176612363633
TTC9B,-1.4912280174094628
TTC9C,0.28220739829064423
TTF1,0.6277918868533836
TTF2,0.9288174860239988
TTI1,0.7509257609950051
TTI2,0.8492053527915925
TTK,-0.011404431295899856
TTL,0.25100075405612043
TTLL1,-0.3408762196204274
TTLL12,0.27719221876336847
TTLL7,0.22560534660911863
TTPAL,-1.0378755412093605
TTR,0.4923641820511525
TTYH1,-0.9454034469485668
TTYH2,-0.7226412632946277
TTYH3,-0.6683274256914211
TUB,-1.1472101717692653
TUBA1B,0.5547128265563044
TUBA1C,1.431021376865851
TUBA3C,-0.5778151146047728
TUBA4A,-1.583848463058616
TUBA4B,-1.4029058379807986
TUBA8,-1.5462804678849826
TUBAL3,-0.24691866810051588
TUBB,-0.4340707842030471
TUBB1,0.40196883088020474
TUBB2A,-0.9836916115210856
TUBB2B,0.3082941222778867
TUBB3,-0.7831002776035325
TUBB4A,-1.5733233977423735
TUBB4B,-0.10994118755665658
TUBB6,-0.47700052146326744
TUBB8,-1.0758095779792343
TUBB8P12,-0.6013055705683132
TUBG1,0.1790167385680949
TUBG2,-0.5361151592363995
TUBGCP2,0.2816568867025816
TUBGCP3,0.24943093069763028
TUBGCP4,0.18141809792479657
TUBGCP5,0.653941721455951
TUBGCP6,0.6348793312308078
TUFM,-0.6034973440065629
TUFT1,1.2557015666150693
TULP3,0.9672490601347278
TUSC1,0.3896950365457412
TUSC2,-0.9754929799781711
TUSC3,0.35346363979649115
TUT1,-0.7002455020998815
TUT4,0.6868499780034523
TUT7,1.3544132022366988
TVP23B,0.830976579907404
TWF1,0.8904319527002685
TWF2,1.2218035090279273
TWISTNB,0.7608159012123552
TWSG1,0.7108005756678115
TXLNA,1.3761735191138553
TXLNB,0.23841769702841598
TXLNG,0.5264389170426266
TXN,0.05308731672391209
TXN2,-0.2884550334866258
TXNDC12,0.9061847539469841
TXNDC15,0.6618321913560273
TXNDC16,-0.17429262865511355
TXNDC17,0.40427735150028843
TXNDC5,1.354473278122979
TXNDC9,0.5277054203184869
TXNIP,0.3819332212519737
TXNL1,-0.3498600540822272
TXNL4A,0.3195734678531801
TXNL4B,0.43794711423833854
TXNRD1,0.3944760084909544
TXNRD2,-0.24848716942063526
TXNRD3,0.5439581904346333
TYK2,0.3848839420190654
TYMP,1.065725047051248
TYMS,0.4360216823253241
TYRO3,-0.4039325369321105
TYROBP,1.0233978190646338
TYSND1,0.6652405595769824
TYW1,0.7907622219145163
TYW3,0.22919979653925354
TYW5,-0.17730629333918294
U2AF1,-0.005722701480968104
U2AF1L4,0.6742323993439723
U2AF1L5,0.6946622871107277
U2AF2,0.30020101032429936
U2SURP,0.19789503437673778
UACA,1.127934006025733
UAP1,1.0197803296790453
UAP1L1,0.5844164138237284
UBA1,0.22853916656472212
UBA2,0.13114277981861128
UBA3,-0.33057926993019043
UBA5,-0.1544789870042361
UBA52,0.1410183310564026
UBA6,0.3725192958639486
UBA7,1.0643228319586102
UBAC1,0.19070788386332937
UBAC2,0.05469071058592544
UBALD1,-0.37668641540863734
UBALD2,0.43317633021952
UBAP1,0.5660132118353665
UBAP2,0.1925372771563772
UBAP2L,0.6843387944526065
UBASH3B,0.7616412571266797
UBB,-0.4458053268640242
UBE2A,0.30290584120932873
UBE2B,-0.3196255432734254
UBE2C,0.20013224602980842
UBE2D2,-0.42209249396587084
UBE2D4,-0.7974105412637621
UBE2E1,0.4680250036716323
UBE2E2,-0.2504151773551155
UBE2E3,-0.04735444053625643
UBE2F,-0.02152276557659699
UBE2G1,0.4710158292302684
UBE2G2,0.5282535085145754
UBE2H,0.5262031797420987
UBE2I,0.5041597096551886
UBE2J1,0.3192831644647207
UBE2J2,0.18937835496013652
UBE2K,0.3728470045503308
UBE2L3,0.36135183212153654
UBE2L5,0.4159089218636852
UBE2L6,0.3653059169203385
UBE2M,-0.3265418653059501
UBE2N,-0.9158210869041772
UBE2O,-1.0836805072899143
UBE2Q1,-0.17122213275919484
UBE2Q2,0.9740700687196399
UBE2R2,0.802453002507902
UBE2S,-0.09186933752601553
UBE2T,0.082862163041152
UBE2V2,-0.6112913546332592
UBE2W,0.8760436323960321
UBE2Z,-0.06132825236573198
UBE3A,-0.5955922509238525
UBE3B,-0.5521691217460059
UBE3C,0.6063866366596189
UBE3D,0.012227312882186266
UBE4A,-0.33959096569246083
UBE4B,0.13849928852850568
UBFD1,0.6654183132227149
UBIAD1,0.22495916642623226
UBL3,-0.43323788314452294
UBL4A,-0.0321312400536384
UBL5,-0.13291013378660377
UBL7,0.19971738508724463
UBLCP1,0.5084723848645576
UBN1,0.22372714173476607
UBN2,0.03748592632608197
UBOX5,0.19528919362386046
UBP1,0.640651457711498
UBQLN1,0.20551743520161736
UBQLN2,-0.6146757335926161
UBQLN4,-0.48358809769394534
UBR1,0.08480204453407116
UBR2,0.3686445166328673
UBR3,-0.8838568897004353
UBR4,0.35063235736430715
UBR5,0.8537241981099877
UBR7,0.09663431599414359
UBTD1,-0.03920848872001122
UBTD2,-0.021845963843909955
UBTF,-0.41263167608425355
UBXN1,-0.09265097253390406
UBXN10,-1.243654170008056
UBXN2A,-0.07777412955675685
UBXN2B,-0.7003199738395178
UBXN4,0.3132858011633346
UBXN6,-1.239565352564314
UBXN7,-0.25382951402750026
UBXN8,0.4728644472296502
UCHL1,-1.4174751323735562
UCHL3,0.008459380587908894
UCHL5,-0.6536307344459661
UCK1,0.05324968069423565
UCK2,0.2051555359852187
UCKL1,0.530271586738873
UEVLD,0.6823484573586596
UFC1,-0.18648152663478046
UFD1,0.523879777374646
UFL1,0.5606607563169407
UFM1,0.3964958751734699
UFSP1,0.09339058903040956
UFSP2,0.5269538446149652
UGDH,0.7874162103658466
UGGT1,1.3499353639254457
UGGT2,0.9971076672178296
UGP2,0.8212777373477156
UGT8,-0.4951954966407319
UHRF1,-0.15432982674501763
UHRF1BP1,-0.31911768871086477
UHRF1BP1L,-0.7793074588056736
UHRF2,0.305572291174483
UIMC1,-0.01586666582056749
ULBP2,0.17922379102596525
ULBP3,0.7271429976150883
ULK1,-0.7555395601566537
ULK3,-0.6028625843381202
UMAD1,0.8514033445630286
UMPS,0.961657324240327
UNC119,0.39979437034917653
UNC119B,0.33988231554484855
UNC13A,-1.6216503166812024
UNC13B,0.7753416536033853
UNC13D,0.9482935992578476
UNC45A,1.1705802024365686
UNC5A,-1.5561390066105707
UNC5B,-0.3243436371704622
UNC5C,-0.9232947912900944
UNC93B1,0.7402008353601405
UNG,-0.2566753488092574
UNK,-0.5056102142186293
UNKL,-0.29584565283866626
UPF1,0.5700661085813974
UPF2,-0.4555541911792874
UPF3A,-0.6043570403469435
UPF3B,-0.6671247834937151
UPP1,1.3688729379645364
UPRT,0.32593843863276484
UQCC1,-0.5796673713423444
UQCC2,-0.3571406738836266
UQCC3,-0.2609022866698439
UQCR10,-1.0280736621966782
UQCR11,-1.018084819640149
UQCRB,-1.182951090222378
UQCRC1,-1.3362737973981398
UQCRC2,-1.3528754861513008
UQCRFS1,-1.4901359591965697
UQCRH,-1.1046065758493868
UQCRQ,-1.3056692630859714
URB1,0.791239286408219
URB2,0.5605347439602899
URGCP,0.6960132945469663
URI1,1.0866817073696629
URM1,0.8029907447109292
UROD,0.9950459022741084
UROS,-0.08341417753557126
USB1,0.4123940677301665
USE1,-0.15352650962194808
USF1,-0.09052315049024418
USF2,-0.21200102711176758
USO1,1.1592938089189007
USP1,0.017424439057432572
USP10,0.28111754998633987
USP11,-0.6368931877714467
USP12,-1.0113887395378665
USP13,-0.33175973473255793
USP14,0.1530137580129377
USP15,0.6464438760195022
USP16,0.8381069004444921
USP18,-0.3279341085219393
USP19,0.24150833978831843
USP2,-0.4886174255618677
USP20,-0.5343387764188101
USP22,-0.426045540827848
USP24,0.5869836208566173
USP25,-0.1277243442138521
USP27X,-0.7934662218685347
USP28,0.6443355565808269
USP3,0.14322455089462374
USP30,-0.9965784446848194
USP31,-1.2404269287346823
USP32,-0.605407107349681
USP33,-0.3184948677563808
USP34,0.8606505290024332
USP35,-0.39131781461001974
USP36,0.6953265150127703
USP38,0.48307112039568234
USP39,0.5125623288651002
USP4,0.5306343685329827
USP40,0.6603816841787377
USP42,0.2644869076004538
USP46,-1.196150946626422
USP47,0.2137262871095418
USP48,-0.38587027340141744
USP5,-0.49035090496443334
USP53,0.7182009966862871
USP54,-0.7228213489740289
USP6NL,0.23172557787280368
USP7,0.06103221458631484
USP8,0.49351544720395735
USP9X,0.055257381514337164
USP9Y,0.5491686894831899
UST,-0.13894836160291915
UTP11,0.852735479915635
UTP14A,0.5888083772682047
UTP15,1.148095804886808
UTP18,0.8360130199660818
UTP20,0.7420269888018306
UTP23,0.3250026023224586
UTP25,0.7570151264509252
UTP3,0.8430730550739597
UTP4,1.1122302599296066
UTP6,0.8089999858170421
UTRN,0.3432036055391283
UTY,-0.10642345348756463
UVRAG,-0.34361895678886456
UVSSA,0.4879193241958296
UXS1,0.8238886771335574
UXT,1.2940982057161148
VAC14,-0.4885799740729546
VAMP1,-1.495831120537829
VAMP2,-0.27751609584069103
VAMP3,0.2633340452853506
VAMP4,-0.14298514824825156
VAMP5,0.31191328249268513
VAMP7,0.37011253207916434
VAMP8,1.1976997459572127
VANGL1,0.39347694759426055
VANGL2,-0.7752170497710438
VAPA,-0.7012048185611149
VAPB,-0.9641265237601504
VARS,0.6619852094660481
VARS2,0.0029599516941692956
VASH1,-0.24150691218830772
VASN,0.11224473304493868
VASP,1.4525940158656745
VAT1,0.32449710641162666
VAT1L,-0.8162360925701353
VAV1,1.1141774108659523
VAV2,1.0983661437067118
VAV3,0.6304368459819412
VAX2,-0.1295725439979144
VBP1,-0.6036933144907095
VCAM1,0.19601945413774985
VCAN,-1.0868328731332761
VCL,0.9226493557523417
VCP,0.47315120196353455
VCPIP1,-0.870986288322221
VCPKMT,-0.40632980238373545
VDAC1,-0.714004128603041
VDAC2,-1.3348645548134375
VDAC3,-1.1285637750556419
VEGFA,0.08295963727851396
VEGFB,-0.38061254003100564
VEZF1,-0.7716355291779873
VEZT,-0.6713835847600382
VGF,-1.1366410681347325
VGLL4,0.03773740586348273
VHL,0.7072921235429165
VIM,1.0019182320195028
VIP,-0.7819993018908493
VIPAS39,-0.2684647399357314
VIRMA,0.6412999925477774
VKORC1,0.8166361882476258
VKORC1L1,-0.04791500474894663
VLDLR,0.2528144791130036
VMA21,-0.14290178011656002
VMAC,0.35071713316845604
VMO1,1.509678960968203
VMP1,0.8313538842214805
VNN1,0.5387092196217844
VNN2,0.8144398601653781
VOPP1,-0.9959759980249768
VPS11,0.4020619339267281
VPS13A,-0.7597610436345349
VPS13B,0.4686720369671521
VPS13C,1.1462152179722152
VPS13D,-0.8861549407257099
VPS16,0.07513643831457945
VPS18,-0.0880535404296757
VPS25,0.501702902419729
VPS26A,0.12907030752867382
VPS26B,-0.8019700074042598
VPS26C,0.5129912501619345
VPS28,-0.21642221240692366
VPS29,-0.2974194961815906
VPS33A,-0.12992386230204594
VPS33B,-0.40481703135433644
VPS35,-0.7940770989911243
VPS35L,0.41978131568360516
VPS36,0.26195254955687686
VPS37A,0.7102607586499585
VPS37B,0.2199977480226287
VPS37C,0.1763863535757291
VPS37D,0.2899000960838506
VPS39,-0.10314894533544294
VPS41,0.327148432465787
VPS45,-0.8521498272173187
VPS4A,-0.32369072878629895
VPS4B,0.8007396787509931
VPS50,-0.9011218407291723
VPS51,-0.6304878237835589
VPS52,-0.7637762463912863
VPS53,-0.9447095435121883
VPS54,1.018882045406083
VPS72,-0.2862748961075705
VPS8,-0.31188203303559425
VPS9D1,-0.5736687144842545
VRK1,0.040788898776090765
VRK2,0.5898399451525635
VRK3,0.4440478695033693
VSIG4,0.9626583930339014
VSIR,0.7770376912694072
VSNL1,-1.6074475091804818
VSTM2A,-1.2839994381669428
VSTM2B,-1.2428836080977343
VSTM2L,-1.1379281790715743
VTA1,-0.8331352031529177
VTI1A,-1.4476692110966918
VTI1B,-0.5657130682898228
VTN,1.0020464175929416
VWA1,0.7008332571076848
VWA5A,0.7838295395916662
VWA7,-0.7497988746541675
VWA8,-0.3899816881473753
VWC2,-1.1294501093696034
VWC2L,-0.8291018149097347
VWF,-0.07379608604805271
VXN,-0.6235678249024237
WAC,-0.0345973994469444
WAPL,0.6696682380996917
WARS,0.34083343249934916
WARS2,0.0023659483910556615
WAS,1.2682840666869644
WASF1,-1.712911047628645
WASF2,1.0414184886962916
WASF3,-1.250068899014058
WASHC1,0.3384849434905434
WASHC2A,0.05321000329303075
WASHC2C,0.35635436058880166
WASHC3,0.40974052826296636
WASHC4,0.5038682339873373
WASHC5,0.18751879986940045
WASL,-0.5704731092623063
WBP11,0.2148674620482891
WBP1L,-1.3124133701553
WBP2,-0.3295822286829363
WBP4,0.006222296438401588
WDCP,0.5525398328180335
WDFY1,-0.12018124398344927
WDFY2,0.5436828764344999
WDFY3,-0.6947519133568574
WDFY4,0.9852550287557051
WDHD1,0.2534203866228176
WDR1,1.1661206087336282
WDR11,1.288975051968647
WDR12,0.2020709324994884
WDR13,-0.9518761923500226
WDR17,-1.5266608735987446
WDR18,0.8097044470583286
WDR19,0.5977550240450149
WDR20,-0.9620797659968768
WDR24,0.5149561072761899
WDR25,0.10144416020335761
WDR26,0.4768356816946988
WDR3,1.0131960289237891
WDR33,0.39324026146882274
WDR34,0.47011824444944494
WDR35,0.5794529636652741
WDR36,0.8994938211174297
WDR37,-1.6342358525015643
WDR4,0.9301158662875462
WDR41,-0.8499466261424261
WDR43,1.1474158330854578
WDR44,-0.05556443342240204
WDR45,-0.7334860523807802
WDR45B,0.2620031546868295
WDR46,0.7153521920341266
WDR47,-1.5801128522644832
WDR48,-1.3526329063898845
WDR5,-0.020063713277696786
WDR53,0.512491740514756
WDR54,-0.11764747434570054
WDR55,1.0250034071411152
WDR59,0.22446951234998286
WDR5B,-0.015376514692229181
WDR6,-0.12257051503888314
WDR60,0.34406128152272
WDR61,0.7532151323349748
WDR62,0.29290421679922446
WDR7,-1.6173545802779645
WDR70,0.09163621287845447
WDR73,0.44704108035018847
WDR74,0.8216779900958998
WDR75,1.0208549040669974
WDR76,-0.1754971071694291
WDR77,0.006870384689417559
WDR81,0.22192211029303854
WDR82,0.024210716328694124
WDR83,0.5712438504974597
WDR89,-0.017850116321769513
WDR91,0.5796054281574158
WDR92,0.6955478701540414
WDSUB1,-0.2810544468796279
WDTC1,-0.13881882118241212
WDYHV1,0.39153989342526574
WEE1,0.558298738817956
WFS1,-0.4190050726962832
WIPF1,1.0616300485961196
WIPF2,-0.7185626688803144
WIPF3,-0.9378536563782585
WIPI1,1.48839650927871
WIPI2,-0.9031387219280618
WIZ,-0.36305995773110233
WLS,0.23820550905434323
WNK1,-0.1003131213139918
WNK2,-1.6222633105074267
WNK3,-0.1770054067673566
WNT5A,0.3119382228269362
WRAP53,0.3377145942248334
WRAP73,0.9443093536182212
WRB,-0.05793811152743521
WRB-SH3BGR,0.4757693868499485
WRN,0.5127030026588872
WRNIP1,-0.42857406850329094
WSB2,-0.2645669637094785
WTAP,0.8954230925927933
WTIP,0.016842643252231476
WWC1,-0.6227919091102513
WWC2,0.45506933410354433
WWC3,-0.48784264850741105
WWOX,-0.14996682176360338
WWP1,-0.48698904142690425
WWP2,-1.074304274230088
WWTR1,1.0272352189191896
XAB2,0.5894140603178455
XAF1,-0.14486862877147896
XIAP,0.322754163616629
XIRP1,-0.15969282216255162
XK,-0.4932994179577181
XKR4,-1.245855573144343
XPA,0.11656510758541216
XPC,0.10643627108195167
XPNPEP1,-0.052641606761818845
XPNPEP3,0.5649784308164236
XPO1,0.15098917811968243
XPO4,0.10967390221960406
XPO5,-0.10554061614266487
XPO6,0.7931730184207577
XPO7,-0.7063327791323617
XPOT,0.19900518209641482
XPR1,0.6837156734341961
XRCC1,-0.01935566480926952
XRCC3,0.25437474327042586
XRCC4,0.7038916143134086
XRCC5,0.5308006642864636
XRCC6,0.34893044243365556
XRN1,1.2839561725514044
XRN2,0.6091182720348596
XXYLT1,0.2146511721134372
XYLB,0.4771976587108049
XYLT1,-0.8673156614160296
YAE1,0.4144775034471775
YAF2,-0.29684625888077854
YAP1,0.337440139108549
YARS,0.3438005493085138
YARS2,-0.21825900093944733
YBEY,0.36287120462572664
YBX1,0.7072078001400075
YBX2,-0.2054943915317417
YBX3,1.1520685564685487
YDJC,-0.18766882799456497
YEATS2,-0.19136320725086325
YEATS4,0.10639022632379082
YES1,-0.899118409443971
YIF1A,0.9035086039688852
YIF1B,0.27891799329702593
YIPF1,0.6730664975624638
YIPF2,0.607991507166672
YIPF3,0.5570338111559219
YIPF4,0.7414132101087353
YIPF5,0.8424679926255778
YIPF6,0.836519275440688
YJEFN3,-0.7785877254499782
YJU2,-0.14734813077294306
YKT6,-0.38021879884655707
YLPM1,-0.39579799498286183
YME1L1,0.07020474226578124
YOD1,-0.09982295958836596
YPEL2,-1.0160778727365722
YPEL4,-1.2980371543789455
YPEL5,0.5608947899684857
YRDC,0.39179276206131386
YTHDC1,-0.2533112856038322
YTHDC2,1.0134693811432283
YTHDF1,0.463854122827085
YTHDF2,0.6690136602568486
YTHDF3,0.7916112810398416
YWHAB,-0.3017602088864445
YWHAE,-1.0504554284602652
YWHAG,-1.091503849267062
YWHAH,-0.8541364181280958
YWHAQ,-0.9444895578499883
YWHAZ,-1.0866464472752622
YY1,0.21215843008568205
YY1AP1,0.2901966644829691
YY2,0.497554338927124
ZADH2,-1.1735623703415294
ZAP70,0.5314990687166486
ZBED1,0.15448735613502856
ZBED3,-0.7068349100297926
ZBED5,-0.5359281537000405
ZBED8,-0.1926281544492798
ZBTB1,0.4065218117070528
ZBTB10,0.49015879490483083
ZBTB11,0.5011186629926412
ZBTB14,0.024665592287208174
ZBTB16,-0.7353915910602786
ZBTB17,0.07592001111446214
ZBTB18,-0.6605615807209297
ZBTB20,-0.2070033647726563
ZBTB21,0.5810072629642692
ZBTB3,0.5528231144860504
ZBTB33,-0.3841162886260179
ZBTB37,0.31812727717175177
ZBTB38,0.36721781248234003
ZBTB4,-0.19012572578190942
ZBTB40,-0.2756659357217631
ZBTB43,0.32495471492703115
ZBTB45,-0.10774818715745255
ZBTB47,-0.8681815744069374
ZBTB7A,0.7149468018759293
ZBTB8OS,0.5368594655497502
ZC2HC1A,-1.4408802718412361
ZC3H10,0.030934516790754138
ZC3H11A,0.4822398337929772
ZC3H12A,1.1453353041121999
ZC3H12C,0.14596273435406298
ZC3H13,0.30270566705269764
ZC3H14,0.2527186940320394
ZC3H15,0.6895475593012054
ZC3H18,0.16672119641575392
ZC3H4,0.017247511954420952
ZC3H6,-0.0975642478233697
ZC3H7A,0.4286913235348807
ZC3H7B,0.3224989073361033
ZC3H8,0.24488692826969324
ZC3HAV1,0.7589981168260018
ZC3HAV1L,0.6417490605028723
ZC3HC1,0.1351810726852709
ZC4H2,-0.7716435163897049
ZCCHC10,0.2269539437390021
ZCCHC14,0.1424699404874148
ZCCHC17,0.29290754523744067
ZCCHC24,-0.5839935604795463
ZCCHC3,-0.18353469618730694
ZCCHC7,0.41006414670887625
ZCCHC8,1.1227681615034841
ZCCHC9,0.7701603970067588
ZCRB1,0.3382731114709072
ZDHHC13,0.5043106819045718
ZDHHC14,-0.37986568522853315
ZDHHC15,-0.12077416119277937
ZDHHC17,-0.653328356241425
ZDHHC18,0.6100350894214716
ZDHHC2,-0.5682748693917175
ZDHHC20,0.08012146741479881
ZDHHC21,-0.36880995144337003
ZDHHC24,0.23599450897670346
ZDHHC3,0.007271331335138772
ZDHHC4,-0.3924413260842544
ZDHHC5,-0.6842611324634664
ZDHHC6,0.11454345541458252
ZDHHC8,-0.40738790846514156
ZDHHC9,-0.8525163183934417
ZEB1,-0.5025058425684974
ZEB2,-0.44685806839719366
ZER1,-0.926914906130268
ZFAND1,-0.23383629108170662
ZFAND2B,-1.1366682543121218
ZFAND3,-0.3862595501767725
ZFAND5,-0.6543691444788573
ZFAND6,0.43168534895922184
ZFC3H1,0.7268286303630362
ZFP1,-0.22588972842908317
ZFP3,-0.41540396498165466
ZFP36L1,0.7676736085620307
ZFP36L2,0.9897073155552654
ZFP37,-0.3487922623206243
ZFP62,-0.20568715641716634
ZFP64,-0.5420661163843258
ZFP90,-0.0038495271093827777
ZFP91,-0.09427855461694552
ZFPL1,-0.032342835266071596
ZFPM2,-0.4138403185093451
ZFR,-0.4611923051554701
ZFX,0.853528611972842
ZFYVE1,-0.1565584558451041
ZFYVE16,0.8676248016297038
ZFYVE19,-0.010028271689381618
ZFYVE21,-0.7726995739594513
ZFYVE26,0.6348482445334611
ZFYVE27,-0.615874457625057
ZFYVE28,-0.6592672985007577
ZFYVE9,-0.9294438837253218
ZGPAT,0.8991067146798459
ZHX1,0.16949360144740377
ZHX2,-0.5305905998975625
ZHX3,-0.23149175841683173
ZIC1,-0.6435648194232761
ZIK1,-0.5506911201520166
ZKSCAN1,0.21053559889500595
ZKSCAN4,0.01340685720519071
ZKSCAN8,-0.38920190389318166
ZMAT2,0.055426225992135286
ZMAT3,0.019354182619257775
ZMAT4,-0.9374535120132205
ZMAT5,0.44463081969727514
ZMIZ1,0.02287519949577238
ZMIZ2,-0.2529605229176567
ZMPSTE24,0.6803112634010476
ZMYM1,0.3401796232232116
ZMYM2,-0.4240557542252288
ZMYM3,-0.5912862393526679
ZMYM4,-0.20350453234552873
ZMYND10,0.37740339353159674
ZMYND11,-0.6644531128786121
ZMYND8,0.19778846022493074
ZNF100,-0.12334374402285792
ZNF106,0.05613887332471321
ZNF12,-0.15637819483724502
ZNF121,-0.13969469940794937
ZNF131,0.5188708708741644
ZNF134,0.02130663724870445
ZNF143,-0.312697890368763
ZNF146,-0.3542671823228802
ZNF148,0.2823070752219343
ZNF160,0.5818316273544122
ZNF17,0.44370285198956333
ZNF184,-0.21657006251218697
ZNF185,0.8098177134406619
ZNF189,0.6322877022546464
ZNF195,0.47833649847123805
ZNF2,-0.08566498988449553
ZNF207,0.4500862898710485
ZNF219,-0.6336499757538874
ZNF22,0.08515408121680268
ZNF221,0.928339921426821
ZNF227,-0.05760802438597406
ZNF24,-0.5608788582415827
ZNF250,0.7208925125500062
ZNF260,0.1843694931474678
ZNF264,0.5664907907737233
ZNF267,0.4668169841954485
ZNF275,-0.6674113585998938
ZNF276,-0.13709160154999422
ZNF277,0.8387896203649787
ZNF280C,0.010167965275332775
ZNF280D,0.21320352427381337
ZNF281,0.7187999777939672
ZNF286A,0.40539732857789473
ZNF286B,0.17622122137485563
ZNF292,0.12019597777748753
ZNF3,-0.883100017506198
ZNF302,0.18908811210196808
ZNF316,-0.6883383280337635
ZNF317,-0.06400984305634935
ZNF318,-0.2121067225077194
ZNF324,-0.6714481437231405
ZNF326,-0.5885849858330974
ZNF330,0.5142391023440415
ZNF331,0.08953850673462149
ZNF346,-0.4099736880756756
ZNF354C,-0.15843548344809877
ZNF358,-0.038922675770848125
ZNF362,-0.5844149355661095
ZNF365,-1.3419255568835902
ZNF384,-0.07208149969303082
ZNF385A,0.4547966309847895
ZNF385D,0.5810825334260644
ZNF391,-0.45472201105401955
ZNF395,0.8180737719727917
ZNF397,0.22389479389174455
ZNF414,-0.10407558412497384
ZNF417,-0.9420088144097196
ZNF423,-0.2063347029698279
ZNF428,0.07892088929684618
ZNF430,0.5961097409000438
ZNF431,-0.3316459079054358
ZNF432,-0.4942839574512264
ZNF436,0.8453584315616205
ZNF444,0.15662685633683837
ZNF446,0.5799377377259897
ZNF451,-0.564178557074408
ZNF460,0.17307268249457292
ZNF462,-0.6570909920439519
ZNF483,-0.124384811702715
ZNF500,0.18275162100582115
ZNF501,-0.11729899098548359
ZNF511,-0.16558886299411338
ZNF512,0.17248597130114804
ZNF512B,-0.1057509446699646
ZNF516,0.5022159101471606
ZNF521,-0.21013024610438075
ZNF524,-0.21561555981712888
ZNF526,-0.4194806422204711
ZNF527,-0.44015894022350077
ZNF532,0.05741522583912684
ZNF543,0.30236870483658146
ZNF548,-0.33680317891264316
ZNF549,-0.7563399238436139
ZNF551,0.15082182333034172
ZNF574,-0.3307640160110964
ZNF576,0.5325873308311504
ZNF579,-0.4439782917471997
ZNF580,-0.5019935181970054
ZNF581,0.7216704135778886
ZNF587,0.25051420619366527
ZNF592,0.47772072086214723
ZNF593,0.9538777975234243
ZNF597,-0.03321261191176578
ZNF598,0.8395851886224232
ZNF600,0.6178374838281927
ZNF605,0.2960858099898988
ZNF608,-0.3277822107235421
ZNF609,-0.4722228821368508
ZNF616,0.4169306816352615
ZNF618,0.7704885587328124
ZNF622,1.1420158392231308
ZNF627,-0.07883388755263632
ZNF629,-0.1194925615271375
ZNF638,-0.2768707764949516
ZNF639,-0.10800683616883197
ZNF644,0.07534676039517674
ZNF649,-0.362184489104726
ZNF652,-0.31998788121393384
ZNF654,0.3354873274953102
ZNF655,0.41563765820737597
ZNF660,0.16408128463535854
ZNF662,-0.1793164547277984
ZNF664,-0.33487929387350807
ZNF668,-0.4175319077532822
ZNF672,-0.0007027167501183391
ZNF687,0.09612688631731409
ZNF688,-0.19549236140354534
ZNF691,0.16220590619247205
ZNF696,-0.27608925323258743
ZNF7,0.47138386059462856
ZNF703,0.1308137116159723
ZNF704,-0.5295774712833142
ZNF706,-0.06291390215181046
ZNF708,0.5161199594502637
ZNF71,0.4015220843871565
ZNF711,-0.9770657570884531
ZNF713,-0.20025451240158615
ZNF738,-0.07265063393922808
ZNF74,-0.3992665653669254
ZNF740,-0.03321835803529765
ZNF76,0.09298486760684126
ZNF761,0.6158948587460626
ZNF768,-0.22567950406363999
ZNF771,-0.3320464091712414
ZNF773,0.17967330288248778
ZNF776,0.06701611139406186
ZNF777,0.15721305909233368
ZNF784,0.20165416220476606
ZNF787,-0.011727147913798783
ZNF8,-0.6896054004979428
ZNF800,0.9287121057005165
ZNF814,0.026165270979967743
ZNF827,0.3620323726278299
ZNF830,0.19938244444972475
ZNF84,-0.23693188392582054
ZNF852,-0.16335373747156567
ZNF853,-0.3518648560171398
ZNFX1,0.40710332623458734
ZNHIT1,-0.3314224758331246
ZNHIT2,0.4112224719564777
ZNHIT3,-0.06753482055766771
ZNHIT6,-0.009911692019939168
ZNRD1,0.4653384815541723
ZNRF1,-0.5941541999460469
ZNRF2,0.44309704587110343
ZPR1,0.9078277875139968
ZRANB2,0.18596805693861612
ZRSR2,0.3644092982687608
ZSCAN18,-0.46011532260780663
ZSCAN21,-0.04675539507052702
ZSCAN26,-0.3169136160118944
ZSCAN30,0.17617088981233575
ZSCAN31,-0.8932933495467631
ZSWIM8,0.14917333172551145
ZW10,0.7135173224903313
ZWILCH,0.5162863396508575
ZWINT,-0.40004626103551544
ZXDC,0.1300462090336809
ZYG11B,-0.7174047492499969
ZYX,1.0421350184265192
ZZEF1,0.43255052054538223
ZZZ3,0.024505380890334563
